Id,a1c 2025 Uncontrolled,Probability of Uncontrolled
13,TRUE,0.5079386234283447
14,FALSE,0.011355658061802387
21,FALSE,0
24,FALSE,0.014749331399798393
26,FALSE,0
30,TRUE,0.6899149417877197
32,FALSE,0
33,FALSE,0
49,FALSE,0
50,FALSE,0
51,FALSE,0.2803775370121002
52,FALSE,0
61,FALSE,0.04034789279103279
65,FALSE,0.1265547126531601
66,FALSE,0
68,FALSE,0
69,FALSE,0.029450539499521255
70,FALSE,0.004822365939617157
75,FALSE,0.003569462336599827
83,FALSE,0
86,FALSE,0.2902067303657532
93,FALSE,0.13476280868053436
95,FALSE,0.04107632860541344
101,FALSE,0
103,FALSE,0
108,FALSE,0
113,FALSE,0.024277668446302414
115,FALSE,0
117,FALSE,0.10691125690937042
120,FALSE,0.006258107256144285
121,FALSE,0
126,FALSE,0.09691344946622849
131,FALSE,0
132,FALSE,0
143,TRUE,0.41846567392349243
147,TRUE,0.9011121392250061
160,TRUE,0.8398076891899109
167,FALSE,0
171,FALSE,0.007368137128651142
177,TRUE,0.5388957262039185
192,FALSE,0
202,FALSE,0
203,FALSE,0.02350793220102787
204,FALSE,0
216,FALSE,0
223,FALSE,0.04008246958255768
228,FALSE,0.0075826216489076614
237,FALSE,0.09116785228252411
253,FALSE,0
267,FALSE,0.012155624106526375
269,FALSE,0.09988903254270554
274,TRUE,0.5292249321937561
277,FALSE,0
282,FALSE,0.3206985890865326
289,FALSE,0.01086327712982893
293,TRUE,0.42531850934028625
309,FALSE,0
312,FALSE,0
319,FALSE,0.12507778406143188
322,TRUE,0.5442012548446655
323,FALSE,0
324,FALSE,0
327,FALSE,0.08899401128292084
329,FALSE,0.08888624608516693
332,FALSE,0
336,FALSE,0
339,FALSE,0.11760180443525314
344,TRUE,0.8226256966590881
358,FALSE,0
367,FALSE,0.1114712581038475
370,FALSE,0
374,FALSE,0.008934656158089638
407,FALSE,0
410,FALSE,0
417,FALSE,0.021250005811452866
420,FALSE,0
427,FALSE,0.009094047360122204
428,TRUE,0.8727548718452454
442,FALSE,0
455,FALSE,0.03812338411808014
456,FALSE,0.008884748443961143
463,FALSE,0.015394766815006733
465,FALSE,0
481,FALSE,0.006013164296746254
488,FALSE,0.023502344265580177
495,FALSE,0.13121594488620758
508,FALSE,0
522,FALSE,0.01744927652180195
526,FALSE,0.2708277404308319
529,FALSE,0
532,FALSE,0
534,FALSE,0
557,FALSE,0
570,TRUE,0.6800826787948608
574,FALSE,0.028839237987995148
584,FALSE,0.0109200868755579
593,FALSE,0
601,FALSE,0.04119310900568962
604,FALSE,0.018077222630381584
605,FALSE,0.0062940046191215515
609,FALSE,0.02431567572057247
611,FALSE,0.12590183317661285
615,FALSE,0.02052740938961506
617,FALSE,0.02003365196287632
620,FALSE,0
632,FALSE,0
648,FALSE,0.05325721576809883
672,FALSE,0.011313045397400856
673,TRUE,0.6956838369369507
675,FALSE,0
679,FALSE,0.015693150460720062
690,FALSE,0.006017406936734915
700,FALSE,0
702,FALSE,0
705,FALSE,0.01691424660384655
716,TRUE,0.7983879446983337
724,FALSE,0
730,TRUE,0.5798088908195496
732,FALSE,0.038595471531152725
765,FALSE,0
775,FALSE,0
778,FALSE,0
780,FALSE,0.027240050956606865
808,FALSE,0.04167608171701431
814,FALSE,0.024974774569272995
820,FALSE,0.015339039266109467
826,FALSE,0.022010432556271553
829,FALSE,0.01824219524860382
831,FALSE,0
835,FALSE,0
837,FALSE,0
839,FALSE,0.2791157066822052
840,FALSE,0
848,FALSE,0
853,FALSE,0
855,FALSE,0.010583118535578251
859,FALSE,0.017697453498840332
861,FALSE,0
863,FALSE,0.009378022514283657
866,FALSE,0.09065994620323181
869,FALSE,0
871,TRUE,0.4732277989387512
872,FALSE,0.033698372542858124
897,TRUE,0.7563714981079102
903,FALSE,0
907,FALSE,0.00706380233168602
908,FALSE,0
912,FALSE,0
913,FALSE,0.017219409346580505
917,FALSE,0.055285826325416565
919,FALSE,0
924,FALSE,0
930,FALSE,0.010159352794289589
934,FALSE,0.07426030933856964
941,FALSE,0.01280658133327961
944,FALSE,0
953,FALSE,0.016402509063482285
956,FALSE,0.2799689471721649
959,FALSE,0.13545137643814087
961,FALSE,0
962,FALSE,0.008976410143077374
971,FALSE,0
975,FALSE,0
977,FALSE,0
984,FALSE,0
994,FALSE,0.006770328152924776
1006,TRUE,0.7248327136039734
1012,FALSE,0
1013,FALSE,0.008772945031523705
1019,FALSE,0.007324411533772945
1026,FALSE,0
1035,FALSE,0.3107897639274597
1036,FALSE,0.03600958362221718
1037,FALSE,0.012838964350521564
1043,FALSE,0.24929869174957275
1045,FALSE,0.013663631863892078
1046,FALSE,0
1047,TRUE,0.8257532119750977
1050,FALSE,0.008390543982386589
1054,FALSE,0
1056,FALSE,0.007932416163384914
1057,FALSE,0
1061,FALSE,0.012428203597664833
1063,FALSE,0
1069,FALSE,0.03883630037307739
1075,FALSE,0.02546275220811367
1077,FALSE,0
1080,FALSE,0.02961243875324726
1087,FALSE,0
1088,FALSE,0.0286131389439106
1090,FALSE,0.015179237350821495
1102,FALSE,0.11910528689622879
1103,FALSE,0.01624950021505356
1105,FALSE,0.008711396716535091
1116,FALSE,0.04860365763306618
1117,FALSE,0
1121,FALSE,0.026945704594254494
1123,FALSE,0
1130,FALSE,0.00548395374789834
1136,FALSE,0
1138,FALSE,0
1144,FALSE,0.03612089902162552
1148,TRUE,0.44285058975219727
1156,FALSE,0
1163,FALSE,0
1166,TRUE,0.43032780289649963
1171,FALSE,0.20462167263031006
1183,FALSE,0.3120461702346802
1185,FALSE,0.05375008285045624
1193,FALSE,0.034411489963531494
1202,FALSE,0.014825978316366673
1203,TRUE,0.6678652167320251
1206,FALSE,0
1210,FALSE,0
1213,FALSE,0.037911560386419296
1221,FALSE,0.06885647773742676
1226,FALSE,0
1230,TRUE,0.8942944407463074
1235,FALSE,0.07203778624534607
1237,FALSE,0
1241,FALSE,0
1244,TRUE,0.510318398475647
1249,FALSE,0
1252,FALSE,0
1254,FALSE,0
1259,TRUE,0.4993501305580139
1264,FALSE,0.15918248891830444
1270,FALSE,0.01957293041050434
1273,FALSE,0.051476385444402695
1274,FALSE,0
1283,FALSE,0.07107533514499664
1284,FALSE,0
1287,FALSE,0
1298,FALSE,0.32374733686447144
1301,FALSE,0.1647416055202484
1302,FALSE,0.013908139429986477
1306,FALSE,0
1308,FALSE,0
1314,FALSE,0
1315,FALSE,0
1319,TRUE,0.7777255177497864
1325,TRUE,0.35960784554481506
1328,FALSE,0.09365399926900864
1329,FALSE,0.006610420998185873
1330,FALSE,0.11269592493772507
1337,FALSE,0
1339,FALSE,0.2009517401456833
1354,FALSE,0.08510582149028778
1366,FALSE,0.028333870694041252
1367,TRUE,0.38792693614959717
1370,FALSE,0.020763812586665154
1374,FALSE,0
1382,FALSE,0
1385,FALSE,0.019994180649518967
1388,FALSE,0.30330532789230347
1389,FALSE,0
1391,FALSE,0.11682344973087311
1392,FALSE,0.07169165462255478
1397,FALSE,0
1399,FALSE,0.014017472043633461
1400,FALSE,0.08351125568151474
1402,FALSE,0
1403,FALSE,0.03152364119887352
1405,FALSE,0
1410,TRUE,0.5790872573852539
1416,FALSE,0
1419,FALSE,0
1433,FALSE,0.03664176166057587
1434,FALSE,0.08449698239564896
1438,FALSE,0.0190292801707983
1444,TRUE,0.8281089663505554
1447,FALSE,0.12176075577735901
1450,FALSE,0.043144989758729935
1457,TRUE,0.6443982124328613
1458,FALSE,0.08070342987775803
1463,FALSE,0.06985990703105927
1464,FALSE,0.04950464889407158
1474,FALSE,0.02555975504219532
1476,FALSE,0
1487,TRUE,0.450654000043869
1489,FALSE,0
1493,FALSE,0
1501,FALSE,0.1669028103351593
1507,FALSE,0
1509,FALSE,0.045551497489213943
1513,FALSE,0
1514,FALSE,0.13015460968017578
1527,FALSE,0
1528,FALSE,0.06851852685213089
1536,FALSE,0
1537,FALSE,0.006842989940196276
1539,FALSE,0
1542,FALSE,0
1556,FALSE,0
1562,FALSE,0.05031838268041611
1574,FALSE,0.18640683591365814
1576,TRUE,0.3806016147136688
1577,FALSE,0.056833792477846146
1581,FALSE,0.03198123723268509
1582,FALSE,0.02129843831062317
1587,FALSE,0.1801687330007553
1593,FALSE,0.023415157571434975
1599,FALSE,0.030696580186486244
1602,FALSE,0
1612,FALSE,0.027568837627768517
1614,FALSE,0
1615,FALSE,0
1622,FALSE,0
1626,FALSE,0
1633,FALSE,0
1634,FALSE,0
1639,FALSE,0.01808466948568821
1643,FALSE,0.04515095800161362
1647,TRUE,0.43979576230049133
1650,FALSE,0.3091175854206085
1659,FALSE,0
1663,FALSE,0.009849507361650467
1666,FALSE,0.018733462318778038
1667,FALSE,0
1669,FALSE,0
1670,FALSE,0.14573858678340912
1680,FALSE,0
1682,FALSE,0.013969864696264267
1684,FALSE,0
1685,FALSE,0
1693,FALSE,0
1702,TRUE,0.6474823951721191
1719,FALSE,0
1743,FALSE,0.021089768037199974
1746,FALSE,0.08427096903324127
1753,FALSE,0.03369650989770889
1754,FALSE,0.025041785091161728
1757,FALSE,0
1761,FALSE,0.04539841413497925
1762,FALSE,0
1763,FALSE,0
1773,FALSE,0.007929586805403233
1775,FALSE,0.19696761667728424
1781,FALSE,0.04465295374393463
1783,FALSE,0.01342123094946146
1799,FALSE,0.03495268151164055
1803,TRUE,0.5210626721382141
1804,TRUE,0.5662268400192261
1805,FALSE,0
1813,FALSE,0
1817,FALSE,0.09934980422258377
1823,FALSE,0.14374475181102753
1829,FALSE,0.01896505244076252
1846,FALSE,0.009604602120816708
1853,FALSE,0
1854,FALSE,0
1859,FALSE,0
1860,FALSE,0
1869,FALSE,0.07547999173402786
1880,TRUE,0.663345456123352
1884,FALSE,0
1889,FALSE,0
1892,FALSE,0
1899,FALSE,0.30378055572509766
1902,FALSE,0.21999932825565338
1907,FALSE,0
1910,FALSE,0
1912,FALSE,0
1913,FALSE,0.13714414834976196
1923,FALSE,0.04639829695224762
1930,TRUE,0.5623922348022461
1937,FALSE,0.009687141515314579
1938,FALSE,0.02053496241569519
1952,FALSE,0.29566043615341187
1959,FALSE,0.1585322618484497
1961,FALSE,0.033579275012016296
1968,FALSE,0
1975,FALSE,0.05413152277469635
1977,FALSE,0
1986,FALSE,0.010619033128023148
1990,FALSE,0.0736846849322319
1992,FALSE,0.06905899941921234
2005,FALSE,0
2010,FALSE,0
2012,FALSE,0.031865157186985016
2013,FALSE,0
2015,FALSE,0
2017,FALSE,0
2027,FALSE,0
2029,FALSE,0
2039,FALSE,0.07577963173389435
2042,FALSE,0
2050,TRUE,0.49701303243637085
2060,FALSE,0.08909331262111664
2072,FALSE,0
2076,FALSE,0
2078,FALSE,0.07067836076021194
2083,FALSE,0.08408105373382568
2086,TRUE,0.8464611768722534
2088,FALSE,0.15160010755062103
2093,FALSE,0.05892249569296837
2094,FALSE,0.05205332860350609
2095,FALSE,0
2096,FALSE,0.23969806730747223
2097,FALSE,0
2100,FALSE,0.03578091785311699
2105,FALSE,0.20901156961917877
2109,FALSE,0.03300688415765762
2113,FALSE,0.11480182409286499
2118,FALSE,0.1841035634279251
2121,FALSE,0.016269652172923088
2129,FALSE,0.01604553498327732
2130,FALSE,0.0065300799906253815
2133,FALSE,0.03596169874072075
2134,FALSE,0
2143,FALSE,0
2145,FALSE,0
2148,FALSE,0
2149,FALSE,0.17651236057281494
2154,FALSE,0.05596701055765152
2165,FALSE,0
2168,FALSE,0.0062826406210660934
2171,FALSE,0.07906930148601532
2175,FALSE,0.013526675291359425
2180,FALSE,0.013779258355498314
2189,FALSE,0.10718706250190735
2192,FALSE,0
2198,FALSE,0.16531597077846527
2205,TRUE,0.6411615610122681
2207,FALSE,0
2212,FALSE,0
2221,FALSE,0.009980196133255959
2228,FALSE,0
2231,FALSE,0
2235,FALSE,0.031959135085344315
2241,FALSE,0.008440680801868439
2246,FALSE,0
2249,FALSE,0.3063355088233948
2250,FALSE,0.17041802406311035
2263,FALSE,0.01610671356320381
2277,FALSE,0.08452755957841873
2281,FALSE,0.034727152436971664
2285,FALSE,0
2293,FALSE,0.01575450599193573
2303,TRUE,0.7929865121841431
2305,FALSE,0.03955550491809845
2306,FALSE,0.2497011423110962
2308,FALSE,0
2309,FALSE,0
2313,FALSE,0
2317,FALSE,0
2319,FALSE,0.28985580801963806
2320,FALSE,0
2328,FALSE,0.020712852478027344
2331,FALSE,0.033662594854831696
2332,FALSE,0
2339,FALSE,0
2342,FALSE,0.016172457486391068
2343,FALSE,0.06045510992407799
2344,FALSE,0.01630181260406971
2346,FALSE,0
2348,FALSE,0.20079976320266724
2350,FALSE,0
2356,TRUE,0.754069447517395
2366,FALSE,0
2372,FALSE,0
2373,FALSE,0.11236695200204849
2374,FALSE,0
2377,FALSE,0
2383,FALSE,0.0683937817811966
2389,FALSE,0
2393,FALSE,0
2400,FALSE,0
2407,FALSE,0.02955305576324463
2417,TRUE,0.8858311176300049
2421,TRUE,0.6506571769714355
2423,FALSE,0
2425,FALSE,0
2432,FALSE,0.3352772891521454
2437,FALSE,0.0412384532392025
2440,FALSE,0
2448,FALSE,0.026854759082198143
2449,FALSE,0.03045574575662613
2450,FALSE,0.03229321911931038
2452,FALSE,0.09583895653486252
2454,FALSE,0
2461,FALSE,0.02085987851023674
2475,FALSE,0
2484,FALSE,0.05643639340996742
2485,FALSE,0.08644870668649673
2486,FALSE,0.01316825021058321
2492,FALSE,0
2500,FALSE,0
2507,FALSE,0
2529,FALSE,0.06261343508958817
2535,FALSE,0.02216005139052868
2536,FALSE,0.1957787722349167
2538,FALSE,0
2546,FALSE,0.07046689838171005
2552,TRUE,0.8040472269058228
2564,FALSE,0.18684110045433044
2565,FALSE,0.09182465821504593
2566,FALSE,0.23387765884399414
2568,FALSE,0
2575,FALSE,0.05379476025700569
2576,FALSE,0
2579,FALSE,0
2582,FALSE,0.20023639500141144
2603,FALSE,0
2607,FALSE,0
2609,FALSE,0
2613,FALSE,0
2615,FALSE,0
2617,FALSE,0
2618,FALSE,0.01866454817354679
2623,FALSE,0.017224986106157303
2633,FALSE,0.02126949280500412
2637,FALSE,0.04473217949271202
2647,FALSE,0.13890910148620605
2658,FALSE,0.05336753651499748
2660,FALSE,0
2667,FALSE,0
2680,FALSE,0.04111039638519287
2685,FALSE,0.010601812973618507
2698,FALSE,0.005914011504501104
2701,FALSE,0
2714,FALSE,0
2719,FALSE,0.017555873841047287
2720,FALSE,0
2723,FALSE,0.11635497212409973
2729,TRUE,0.48068317770957947
2730,FALSE,0
2731,FALSE,0.03189961239695549
2733,FALSE,0
2735,FALSE,0
2738,FALSE,0.2006327509880066
2739,FALSE,0
2747,FALSE,0.012781298719346523
2753,FALSE,0
2759,FALSE,0.005883048288524151
2763,FALSE,0.035974904894828796
2765,FALSE,0.006564224138855934
2768,FALSE,0
2769,FALSE,0.06906060874462128
2780,FALSE,0.1337871104478836
2784,FALSE,0.018244478851556778
2790,FALSE,0.03739015758037567
2791,FALSE,0
2792,FALSE,0.05033735930919647
2795,FALSE,0
2796,FALSE,0
2799,FALSE,0.09073196351528168
2805,FALSE,0.017316997051239014
2806,FALSE,0.07309093326330185
2813,FALSE,0
2815,FALSE,0.1309947818517685
2817,FALSE,0
2818,FALSE,0
2833,FALSE,0.012447127141058445
2834,FALSE,0.3396684229373932
2837,FALSE,0
2843,FALSE,0
2844,FALSE,0.00829332321882248
2845,FALSE,0
2848,FALSE,0
2850,FALSE,0.08029214292764664
2853,TRUE,0.6003063917160034
2855,FALSE,0.010319066233932972
2856,FALSE,0.15218716859817505
2862,FALSE,0
2867,FALSE,0
2874,FALSE,0.04504226893186569
2881,TRUE,0.7323217391967773
2890,FALSE,0.015672724694013596
2891,FALSE,0.08973207324743271
2911,FALSE,0.04056582972407341
2913,FALSE,0
2915,FALSE,0
2917,FALSE,0.028659364208579063
2918,FALSE,0
2921,FALSE,0.009348039515316486
2930,TRUE,0.5957203507423401
2932,FALSE,0
2933,FALSE,0.199941486120224
2935,TRUE,0.5204117894172668
2940,TRUE,0.8243489861488342
2943,TRUE,0.8245341777801514
2946,FALSE,0.07516590505838394
2949,TRUE,0.8866927027702332
2957,FALSE,0.02517220564186573
2967,FALSE,0.022476941347122192
2975,TRUE,0.5177584886550903
2977,TRUE,0.45056313276290894
2979,FALSE,0
2987,TRUE,0.8577277064323425
2989,FALSE,0
2990,FALSE,0.02334033139050007
2991,FALSE,0
2998,FALSE,0.03584064915776253
3004,FALSE,0.18458811938762665
3005,TRUE,0.7915014624595642
3012,FALSE,0.3094364106655121
3015,FALSE,0
3017,FALSE,0.005507231689989567
3025,TRUE,0.43699178099632263
3030,FALSE,0.01078821998089552
3039,FALSE,0
3048,FALSE,0
3056,FALSE,0.3144782483577728
3061,FALSE,0.03603629767894745
3063,FALSE,0
3069,FALSE,0.021652720868587494
3072,FALSE,0.0652521401643753
3076,FALSE,0
3077,FALSE,0.05392014607787132
3086,FALSE,0
3093,FALSE,0
3095,TRUE,0.6131672859191895
3099,FALSE,0
3104,TRUE,0.46274280548095703
3117,FALSE,0
3119,FALSE,0
3121,FALSE,0
3123,FALSE,0
3128,FALSE,0.059627171605825424
3132,FALSE,0
3139,TRUE,0.45490241050720215
3142,TRUE,0.5942699909210205
3153,FALSE,0.011254617013037205
3156,FALSE,0.004270458128303289
3160,FALSE,0
3162,FALSE,0
3169,FALSE,0
3175,FALSE,0
3184,TRUE,0.6335971355438232
3196,FALSE,0
3204,FALSE,0
3214,FALSE,0.009219225496053696
3219,FALSE,0
3222,TRUE,0.5848712921142578
3224,FALSE,0
3226,FALSE,0
3227,FALSE,0
3252,TRUE,0.7512264847755432
3257,FALSE,0
3271,FALSE,0
3279,FALSE,0.040650155395269394
3282,FALSE,0.029219187796115875
3283,FALSE,0.019979670643806458
3291,FALSE,0
3294,FALSE,0
3296,FALSE,0.06737998872995377
3299,FALSE,0.029882222414016724
3307,FALSE,0.019089601933956146
3311,FALSE,0
3315,FALSE,0
3322,FALSE,0
3338,FALSE,0
3339,TRUE,0.3907324969768524
3340,FALSE,0
3344,FALSE,0.2884049117565155
3345,FALSE,0
3357,FALSE,0
3361,FALSE,0
3367,FALSE,0.022600773721933365
3368,FALSE,0
3369,FALSE,0.03977920114994049
3373,FALSE,0
3385,FALSE,0.08580964058637619
3387,FALSE,0.04503556340932846
3406,FALSE,0.012544246390461922
3413,FALSE,0.006583771668374538
3429,FALSE,0.024233749136328697
3438,FALSE,0.015453008003532887
3441,FALSE,0
3450,FALSE,0
3452,FALSE,0
3453,FALSE,0.30581071972846985
3455,FALSE,0.06299754232168198
3465,FALSE,0.031343087553977966
3470,FALSE,0
3473,TRUE,0.7533475160598755
3481,FALSE,0.010775038972496986
3482,FALSE,0.015477264299988747
3485,FALSE,0.0056342254392802715
3494,FALSE,0
3495,TRUE,0.6762270927429199
3498,FALSE,0
3499,FALSE,0
3506,FALSE,0.021342474967241287
3512,TRUE,0.6005899310112
3515,FALSE,0.00369277223944664
3525,FALSE,0.003941662609577179
3527,TRUE,0.6037604212760925
3528,FALSE,0
3531,TRUE,0.7163079380989075
3532,FALSE,0.26970165967941284
3543,TRUE,0.6096002459526062
3545,FALSE,0
3555,FALSE,0.2668182849884033
3558,FALSE,0
3560,FALSE,0
3569,FALSE,0
3571,TRUE,0.6106333136558533
3574,FALSE,0
3582,FALSE,0.02905670367181301
3598,FALSE,0.006265073549002409
3599,FALSE,0
3608,FALSE,0
3611,FALSE,0.027195686474442482
3616,FALSE,0.010539892129600048
3619,FALSE,0.013700369745492935
3621,FALSE,0.003869863459840417
3622,FALSE,0
3628,FALSE,0
3630,FALSE,0
3653,TRUE,0.48361295461654663
3662,FALSE,0
3663,FALSE,0.15790756046772003
3665,FALSE,0.2066992074251175
3667,FALSE,0
3675,FALSE,0.017844075337052345
3678,FALSE,0
3680,FALSE,0
3690,FALSE,0.28017181158065796
3692,FALSE,0
3698,FALSE,0.0283323023468256
3701,FALSE,0
3706,FALSE,0.014559176750481129
3711,FALSE,0.11981960386037827
3713,FALSE,0.08525104820728302
3717,FALSE,0.23736923933029175
3735,FALSE,0.007978802546858788
3742,FALSE,0
3744,FALSE,0.0285809263586998
3747,FALSE,0.01704232208430767
3759,FALSE,0.005988300312310457
3760,TRUE,0.9199427366256714
3761,FALSE,0
3767,FALSE,0.13123254477977753
3768,FALSE,0.012608922086656094
3769,TRUE,0.7647205591201782
3776,FALSE,0
3796,FALSE,0
3797,FALSE,0
3799,FALSE,0.018762316554784775
3808,FALSE,0.02136004902422428
3810,FALSE,0
3814,FALSE,0.005106575321406126
3815,FALSE,0
3818,FALSE,0
3822,FALSE,0
3823,FALSE,0
3826,FALSE,0.02298220992088318
3834,TRUE,0.49342024326324463
3839,FALSE,0.23208928108215332
3844,FALSE,0.027348492294549942
3847,FALSE,0.07970025390386581
3848,FALSE,0
3849,FALSE,0.008129443973302841
3857,FALSE,0.008909282274544239
3863,FALSE,0.050350673496723175
3869,FALSE,0
3871,FALSE,0.013753052800893784
3873,FALSE,0.2505532503128052
3877,FALSE,0.2955681383609772
3878,FALSE,0.19111359119415283
3884,FALSE,0
3889,FALSE,0
3895,FALSE,0.02651960961520672
3898,FALSE,0.008713982999324799
3903,FALSE,0
3908,FALSE,0.009742869064211845
3911,FALSE,0.06506648659706116
3919,FALSE,0
3921,TRUE,0.7145931124687195
3939,FALSE,0.07386359572410583
3941,FALSE,0
3947,FALSE,0.12595234811306
3949,TRUE,0.42112433910369873
3958,FALSE,0
3968,FALSE,0.006809888873249292
3985,FALSE,0
3988,FALSE,0.014459916390478611
3995,TRUE,0.8723670840263367
3997,FALSE,0
4013,TRUE,0.5189706683158875
4017,FALSE,0.025867341086268425
4031,FALSE,0.010565144009888172
4039,TRUE,0.4295085668563843
4046,FALSE,0
4047,FALSE,0.017640793696045876
4051,FALSE,0
4057,FALSE,0
4061,FALSE,0
4070,FALSE,0.009535973891615868
4073,FALSE,0.019349360838532448
4074,TRUE,0.5040006637573242
4077,FALSE,0.28677940368652344
4083,FALSE,0.02339860424399376
4102,FALSE,0.010565447621047497
4105,FALSE,0.04242786392569542
4111,FALSE,0
4113,FALSE,0.031033843755722046
4116,FALSE,0
4119,FALSE,0
4120,FALSE,0
4131,FALSE,0.00953576248139143
4141,TRUE,0.589864194393158
4143,FALSE,0.008525850251317024
4148,TRUE,0.6069843769073486
4149,TRUE,0.7319822311401367
4153,FALSE,0
4158,FALSE,0.00661524897441268
4160,FALSE,0
4162,FALSE,0.014997050166130066
4174,TRUE,0.635054886341095
4180,TRUE,0.8416662216186523
4187,FALSE,0
4191,FALSE,0.08003346621990204
4192,FALSE,0
4197,FALSE,0
4203,FALSE,0
4204,TRUE,0.5120192766189575
4213,FALSE,0
4214,TRUE,0.7770791053771973
4217,FALSE,0
4218,FALSE,0.04795896261930466
4219,FALSE,0
4222,FALSE,0.008680551312863827
4225,FALSE,0.03310294449329376
4227,TRUE,0.4624939560890198
4231,FALSE,0
4233,FALSE,0
4255,FALSE,0
4257,FALSE,0.007525873836129904
4263,TRUE,0.8732922077178955
4264,FALSE,0.16154175996780396
4269,FALSE,0.013362891040742397
4270,FALSE,0.010740319266915321
4281,FALSE,0.09004398435354233
4285,FALSE,0.03627195954322815
4288,FALSE,0.011848603375256062
4294,FALSE,0.041907284408807755
4298,TRUE,0.5461187958717346
4300,FALSE,0
4312,FALSE,0
4315,FALSE,0
4319,FALSE,0
4326,FALSE,0.007826211862266064
4334,TRUE,0.8661767840385437
4345,FALSE,0.1301977038383484
4354,FALSE,0.16181083023548126
4357,FALSE,0.007391802966594696
4358,FALSE,0
4365,FALSE,0.12123773992061615
4367,FALSE,0.016530122607946396
4372,FALSE,0.017854472622275352
4385,FALSE,0.027294054627418518
4393,FALSE,0
4396,FALSE,0
4400,FALSE,0
4404,FALSE,0
4405,TRUE,0.5582778453826904
4409,FALSE,0.12850309908390045
4417,FALSE,0.005502276588231325
4424,FALSE,0.23434200882911682
4430,FALSE,0
4431,FALSE,0
4433,FALSE,0
4436,TRUE,0.6218430399894714
4443,FALSE,0.013045115396380424
4445,FALSE,0
4454,FALSE,0.2969478368759155
4461,FALSE,0.019365064799785614
4464,FALSE,0.008251695893704891
4467,FALSE,0
4471,FALSE,0
4474,FALSE,0.08063516020774841
4479,FALSE,0
4480,FALSE,0
4483,FALSE,0.2558629512786865
4486,FALSE,0.008708333596587181
4487,TRUE,0.7464043498039246
4495,TRUE,0.5490036606788635
4497,TRUE,0.47749796509742737
4500,FALSE,0
4504,FALSE,0
4509,FALSE,0.003837822936475277
4511,FALSE,0
4522,FALSE,0.017836404964327812
4524,FALSE,0
4526,FALSE,0.3292209208011627
4527,FALSE,0
4528,FALSE,0
4531,FALSE,0.012277565896511078
4540,FALSE,0.007893224246799946
4544,FALSE,0
4558,TRUE,0.5428334474563599
4566,FALSE,0
4571,FALSE,0
4577,FALSE,0.005050333216786385
4580,FALSE,0.04083336889743805
4582,FALSE,0
4583,FALSE,0
4592,FALSE,0.29803693294525146
4601,FALSE,0.02866528555750847
4606,FALSE,0.10425685346126556
4607,FALSE,0
4608,FALSE,0.2975003123283386
4615,TRUE,0.7236959338188171
4616,FALSE,0.048377875238657
4625,FALSE,0
4628,FALSE,0
4630,FALSE,0
4632,FALSE,0
4633,FALSE,0.016348645091056824
4635,FALSE,0.00833963043987751
4638,FALSE,0.006593284197151661
4641,FALSE,0.22286006808280945
4647,FALSE,0.030865969136357307
4649,TRUE,0.637793779373169
4652,FALSE,0.009147229604423046
4653,FALSE,0
4654,TRUE,0.534477710723877
4657,TRUE,0.8664821982383728
4663,FALSE,0.010388853959739208
4665,FALSE,0.013117226772010326
4671,TRUE,0.4454662501811981
4676,FALSE,0.012750721536576748
4710,FALSE,0.030247529968619347
4711,TRUE,0.6898512840270996
4718,FALSE,0
4724,FALSE,0
4732,TRUE,0.35728374123573303
4733,FALSE,0
4737,TRUE,0.5980290770530701
4747,FALSE,0.010199826210737228
4749,FALSE,0
4751,FALSE,0.01215070765465498
4758,FALSE,0.17054003477096558
4761,FALSE,0.016675246879458427
4762,FALSE,0
4766,FALSE,0.005734815262258053
4768,FALSE,0
4772,FALSE,0
4773,FALSE,0
4780,FALSE,0.03932026028633118
4798,TRUE,0.8490474224090576
4815,FALSE,0.005820585880428553
4820,FALSE,0
4824,FALSE,0.0183196272701025
4833,FALSE,0.007090155500918627
4838,FALSE,0.011234731413424015
4840,TRUE,0.41566354036331177
4854,FALSE,0
4862,FALSE,0.3229553699493408
4865,FALSE,0
4876,FALSE,0.013991418294608593
4880,FALSE,0.012801493518054485
4890,FALSE,0
4902,FALSE,0.10000422596931458
4903,FALSE,0.009552733041346073
4919,FALSE,0
4934,FALSE,0.33073005080223083
4939,FALSE,0.0971899926662445
4942,FALSE,0
4943,FALSE,0.013074580579996109
4948,TRUE,0.6775821447372437
4954,FALSE,0
4961,FALSE,0.0856301337480545
4962,FALSE,0.010630281642079353
4963,FALSE,0
4966,FALSE,0.11731809377670288
4967,FALSE,0.0037863836623728275
4969,FALSE,0.007049348205327988
4972,FALSE,0.019703486934304237
4974,FALSE,0.02619565650820732
4976,FALSE,0
4978,FALSE,0.011875990778207779
4984,FALSE,0.036819592118263245
4986,FALSE,0
4993,FALSE,0.03891365975141525
4999,FALSE,0.08767984062433243
5005,TRUE,0.40314775705337524
5010,FALSE,0.06325799971818924
5013,FALSE,0.07748498022556305
5016,FALSE,0
5018,TRUE,0.6271883845329285
5019,TRUE,0.4916491210460663
5021,FALSE,0
5026,FALSE,0
5027,FALSE,0.012081265449523926
5037,FALSE,0
5041,TRUE,0.6675497889518738
5052,FALSE,0
5059,TRUE,0.7799715399742126
5065,FALSE,0.010286140255630016
5068,FALSE,0.13344796001911163
5070,FALSE,0
5077,FALSE,0.04213211312890053
5078,TRUE,0.8587640523910522
5082,FALSE,0.09514661133289337
5086,FALSE,0
5092,FALSE,0.020835617557168007
5093,FALSE,0
5094,FALSE,0
5095,FALSE,0
5103,FALSE,0.05913834646344185
5117,FALSE,0
5120,FALSE,0.17040148377418518
5121,FALSE,0.011375932954251766
5128,TRUE,0.44745951890945435
5142,FALSE,0
5143,FALSE,0.05839304253458977
5145,FALSE,0.0880439281463623
5146,FALSE,0.0156830046325922
5153,TRUE,0.36391180753707886
5158,FALSE,0.1167978048324585
5169,FALSE,0.005775036755949259
5170,FALSE,0.032344065606594086
5175,FALSE,0.02333780564367771
5182,FALSE,0.1590503603219986
5183,FALSE,0.005064064171165228
5186,FALSE,0.014322131872177124
5189,FALSE,0.12487223744392395
5209,FALSE,0
5211,TRUE,0.5093930959701538
5223,FALSE,0.007217214908450842
5225,TRUE,0.7412895560264587
5235,TRUE,0.6996402144432068
5243,FALSE,0
5250,FALSE,0
5252,FALSE,0.0040991525165736675
5257,FALSE,0.02356756292283535
5282,FALSE,0
5288,FALSE,0
5292,TRUE,0.5004080533981323
5299,FALSE,0.026111697778105736
5303,FALSE,0
5311,FALSE,0
5312,FALSE,0
5314,FALSE,0.011363288387656212
5319,FALSE,0.05021006613969803
5321,TRUE,0.4271122217178345
5328,FALSE,0
5331,FALSE,0.2551298141479492
5337,FALSE,0.004908430390059948
5356,FALSE,0
5359,TRUE,0.4564211368560791
5361,FALSE,0.008093890734016895
5363,FALSE,0
5364,FALSE,0.01937583088874817
5370,FALSE,0
5371,FALSE,0.005496797151863575
5374,FALSE,0.033675845712423325
5376,TRUE,0.6391854286193848
5381,FALSE,0
5385,FALSE,0
5394,FALSE,0.009001573547720909
5396,FALSE,0.012563487514853477
5400,FALSE,0.03069666586816311
5407,FALSE,0
5413,FALSE,0.004694282077252865
5426,FALSE,0.056958481669425964
5431,FALSE,0.017550067976117134
5435,FALSE,0.06413038074970245
5438,FALSE,0.013149555772542953
5439,FALSE,0
5442,FALSE,0.006488786078989506
5457,FALSE,0
5470,TRUE,0.5588340163230896
5472,FALSE,0.05652153119444847
5480,FALSE,0.08173856139183044
5485,FALSE,0
5492,FALSE,0.009863445535302162
5495,FALSE,0
5498,FALSE,0.049369752407073975
5499,FALSE,0
5501,FALSE,0.005980729591101408
5517,FALSE,0
5521,FALSE,0
5523,FALSE,0
5529,FALSE,0
5536,FALSE,0
5537,FALSE,0
5550,FALSE,0
5553,FALSE,0.007494660094380379
5557,FALSE,0.07791483402252197
5558,FALSE,0.2862003743648529
5560,FALSE,0.022757787257432938
5565,FALSE,0.19398164749145508
5566,FALSE,0.02376193180680275
5579,FALSE,0.055931661278009415
5582,FALSE,0.007683982141315937
5589,FALSE,0.019938085228204727
5592,FALSE,0
5597,FALSE,0.21342721581459045
5602,TRUE,0.48598700761795044
5605,FALSE,0
5607,FALSE,0.006997304502874613
5622,FALSE,0.03892156109213829
5629,FALSE,0.01576903462409973
5634,FALSE,0
5638,FALSE,0.10211146622896194
5640,FALSE,0.008159015327692032
5643,FALSE,0
5650,FALSE,0.02282780408859253
5653,FALSE,0.08657948672771454
5655,FALSE,0.016644688323140144
5658,FALSE,0
5664,FALSE,0
5680,TRUE,0.5518783926963806
5683,FALSE,0.09659875184297562
5688,TRUE,0.640775740146637
5693,FALSE,0
5694,FALSE,0.009993656538426876
5695,FALSE,0.015095014125108719
5700,FALSE,0
5707,FALSE,0
5711,FALSE,0.025564339011907578
5718,FALSE,0.005540038459002972
5724,TRUE,0.6757892966270447
5725,FALSE,0.008478778414428234
5726,FALSE,0.018854906782507896
5727,FALSE,0.07324133813381195
5729,FALSE,0.008231409825384617
5733,FALSE,0.004140144679695368
5735,FALSE,0
5738,FALSE,0.052504878491163254
5747,FALSE,0
5753,FALSE,0.02027101069688797
5765,FALSE,0.014580571092665195
5769,FALSE,0.024774720892310143
5770,FALSE,0.01784506067633629
5772,TRUE,0.37553369998931885
5775,FALSE,0.014230671338737011
5776,FALSE,0.28828659653663635
5777,FALSE,0.004667317494750023
5778,FALSE,0
5783,FALSE,0.006873894017189741
5784,FALSE,0
5794,FALSE,0.06273671239614487
5798,FALSE,0.00697637302801013
5800,FALSE,0.2996302545070648
5813,FALSE,0
5822,FALSE,0
5823,FALSE,0.07469442486763
5828,FALSE,0
5833,FALSE,0
5835,FALSE,0
5841,FALSE,0.016157709062099457
5844,FALSE,0.04970497637987137
5848,FALSE,0.020675178617239
5849,FALSE,0.007851471193134785
5859,FALSE,0
5860,FALSE,0.033805184066295624
5863,FALSE,0.010928469710052013
5866,TRUE,0.6753963828086853
5867,FALSE,0
5870,FALSE,0.26761263608932495
5875,FALSE,0.009600121527910233
5876,FALSE,0.002713316585868597
5877,FALSE,0.026678001508116722
5880,FALSE,0.005751563236117363
5884,FALSE,0
5885,FALSE,0.03535838797688484
5890,FALSE,0.010849062353372574
5901,TRUE,0.6823287010192871
5902,FALSE,0.06010327860713005
5903,FALSE,0.3149935007095337
5904,FALSE,0.0370795875787735
5908,TRUE,0.5910525321960449
5911,FALSE,0.3197735846042633
5918,FALSE,0
5921,FALSE,0
5925,FALSE,0
5936,TRUE,0.7620524168014526
5938,FALSE,0.0129309743642807
5940,FALSE,0.06336537003517151
5941,FALSE,0
5960,FALSE,0
5981,FALSE,0
5986,FALSE,0
5993,FALSE,0
5998,FALSE,0
5999,FALSE,0
6014,FALSE,0
6023,FALSE,0
6025,FALSE,0.16789577901363373
6029,FALSE,0
6030,FALSE,0.08725957572460175
6036,FALSE,0
6040,FALSE,0.028525175526738167
6041,FALSE,0
6054,FALSE,0
6059,FALSE,0.058912768959999084
6062,FALSE,0.1571987271308899
6071,FALSE,0
6077,FALSE,0
6082,FALSE,0
6086,FALSE,0.012670144438743591
6091,FALSE,0
6093,FALSE,0
6096,FALSE,0
6105,FALSE,0.0698348879814148
6106,FALSE,0.12457555532455444
6108,TRUE,0.47105130553245544
6115,FALSE,0.006306037772446871
6116,FALSE,0.015530395321547985
6118,FALSE,0
6126,FALSE,0
6129,FALSE,0.07399456948041916
6131,FALSE,0.07795549184083939
6135,FALSE,0
6141,FALSE,0
6144,TRUE,0.4938206374645233
6149,FALSE,0.010808855295181274
6165,FALSE,0
6169,FALSE,0.017490454018115997
6176,FALSE,0
6202,TRUE,0.9601097106933594
6210,FALSE,0
6222,FALSE,0.004417554009705782
6225,FALSE,0.14741642773151398
6226,TRUE,0.7739270925521851
6231,FALSE,0.04264848679304123
6236,TRUE,0.34653154015541077
6240,FALSE,0.08874383568763733
6241,FALSE,0
6248,FALSE,0
6251,FALSE,0
6252,FALSE,0.022424563765525818
6260,FALSE,0
6290,FALSE,0
6291,FALSE,0
6297,FALSE,0
6298,FALSE,0
6300,TRUE,0.7072908282279968
6302,FALSE,0
6307,FALSE,0.018799513578414917
6312,FALSE,0.18177460134029388
6314,FALSE,0.28782200813293457
6315,FALSE,0.024929918348789215
6317,TRUE,0.8617513179779053
6322,FALSE,0.05785325914621353
6326,FALSE,0
6328,FALSE,0
6333,TRUE,0.6551787257194519
6339,FALSE,0
6341,FALSE,0.014832436107099056
6361,TRUE,0.775222897529602
6362,TRUE,0.4927096962928772
6370,FALSE,0
6374,FALSE,0
6375,FALSE,0.09608045220375061
6378,FALSE,0
6381,TRUE,0.8119537234306335
6385,FALSE,0
6392,FALSE,0.29487964510917664
6417,FALSE,0
6424,FALSE,0
6434,FALSE,0.301249623298645
6439,TRUE,0.7660072445869446
6442,FALSE,0.045197438448667526
6448,FALSE,0.061147332191467285
6457,FALSE,0
6463,FALSE,0
6465,FALSE,0.17126548290252686
6477,FALSE,0
6478,TRUE,0.8232104182243347
6484,FALSE,0
6488,FALSE,0
6493,FALSE,0.3242396414279938
6502,FALSE,0
6507,FALSE,0
6510,FALSE,0
6514,FALSE,0.004866749979555607
6520,FALSE,0
6526,FALSE,0
6529,TRUE,0.8162586092948914
6534,FALSE,0
6538,FALSE,0.022151080891489983
6564,FALSE,0
6565,FALSE,0
6576,FALSE,0.07959984242916107
6577,FALSE,0
6584,FALSE,0.008976584300398827
6587,TRUE,0.6185933351516724
6591,FALSE,0
6593,FALSE,0
6594,FALSE,0
6599,FALSE,0.007769008632749319
6600,FALSE,0
6611,FALSE,0
6629,FALSE,0
6630,FALSE,0
6639,FALSE,0
6640,TRUE,0.8248555660247803
6645,FALSE,0
6648,FALSE,0
6649,FALSE,0
6650,TRUE,0.7851765751838684
6657,FALSE,0
6660,FALSE,0
6662,FALSE,0
6667,TRUE,0.6143053770065308
6670,FALSE,0
6671,FALSE,0
6672,TRUE,0.6442376375198364
6673,FALSE,0
6674,FALSE,0.019399268552660942
6696,FALSE,0
6704,FALSE,0
6707,TRUE,0.4971047043800354
6717,FALSE,0
6720,FALSE,0
6723,FALSE,0.09713835269212723
6724,FALSE,0.2885008156299591
6726,TRUE,0.7240553498268127
6733,FALSE,0
6739,FALSE,0.09103679656982422
6741,FALSE,0.033161427825689316
6745,FALSE,0
6752,FALSE,0
6760,FALSE,0.2883974611759186
6768,FALSE,0
6776,FALSE,0
6794,FALSE,0
6798,FALSE,0
6801,FALSE,0
6809,FALSE,0
6817,FALSE,0
6819,FALSE,0
6822,TRUE,0.3862307071685791
6827,FALSE,0
6830,FALSE,0
6831,FALSE,0
6833,FALSE,0.3199921250343323
6835,FALSE,0
6839,FALSE,0
6843,FALSE,0
6848,TRUE,0.7039210200309753
6851,FALSE,0.00552952429279685
6855,FALSE,0
6857,FALSE,0
6860,FALSE,0.03814111649990082
6865,FALSE,0.009126831777393818
6876,FALSE,0
6882,FALSE,0
6885,FALSE,0
6887,TRUE,0.9057510495185852
6893,TRUE,0.8979620337486267
6902,FALSE,0.015412377193570137
6903,FALSE,0
6919,FALSE,0
6920,FALSE,0.11947620660066605
6921,FALSE,0.013174912892282009
6923,FALSE,0
6924,FALSE,0
6927,FALSE,0
6929,TRUE,0.7135502696037292
6930,FALSE,0.0036400193348526955
6931,TRUE,0.6048280000686646
6934,FALSE,0
6944,FALSE,0
6946,FALSE,0
6948,FALSE,0.006012138444930315
6949,FALSE,0
6952,FALSE,0
6957,FALSE,0.00721221836283803
6966,FALSE,0
6971,FALSE,0
6974,FALSE,0
6978,FALSE,0
6981,FALSE,0.007312418427318335
6987,FALSE,0.014832756482064724
6993,FALSE,0
6994,FALSE,0
7000,FALSE,0
7003,FALSE,0
7004,FALSE,0
7008,TRUE,0.797856867313385
7010,FALSE,0
7012,FALSE,0
7013,TRUE,0.45610809326171875
7023,TRUE,0.8155328035354614
7027,FALSE,0.18629127740859985
7030,FALSE,0.017833497375249863
7031,FALSE,0
7035,FALSE,0.015188542194664478
7049,FALSE,0.02783331088721752
7050,FALSE,0.1873963475227356
7055,FALSE,0
7056,TRUE,0.5236355662345886
7069,FALSE,0
7075,FALSE,0
7086,FALSE,0
7090,FALSE,0.04800465330481529
7099,FALSE,0.007901218719780445
7108,FALSE,0
7117,FALSE,0.10420576483011246
7119,FALSE,0
7125,FALSE,0
7142,FALSE,0
7148,FALSE,0
7150,TRUE,0.41598182916641235
7160,FALSE,0
7161,FALSE,0.0036066228058189154
7163,FALSE,0
7164,FALSE,0
7169,FALSE,0.15185722708702087
7170,FALSE,0
7178,TRUE,0.7655526995658875
7179,FALSE,0
7187,FALSE,0
7196,FALSE,0
7197,FALSE,0.14671820402145386
7198,FALSE,0
7209,FALSE,0.19569018483161926
7228,FALSE,0.03207290172576904
7232,FALSE,0
7239,FALSE,0
7257,FALSE,0.002157861366868019
7269,TRUE,0.49990835785865784
7275,FALSE,0
7277,FALSE,0.006988190114498138
7281,FALSE,0
7282,FALSE,0
7285,FALSE,0
7296,FALSE,0
7298,FALSE,0
7301,FALSE,0
7307,FALSE,0
7309,FALSE,0
7317,FALSE,0
7327,FALSE,0
7328,FALSE,0
7331,FALSE,0.008572078309953213
7334,FALSE,0
7339,FALSE,0
7344,FALSE,0
7351,FALSE,0
7354,FALSE,0
7355,FALSE,0.029523730278015137
7357,FALSE,0
7361,FALSE,0
7369,FALSE,0
7370,FALSE,0
7376,FALSE,0.01832253485918045
7378,FALSE,0
7379,TRUE,0.6007264852523804
7381,FALSE,0
7382,TRUE,0.78005218505859375
7386,FALSE,0.00914331991225481
7389,FALSE,0.03986683860421181
7392,FALSE,0
7398,FALSE,0
7407,FALSE,0
7409,FALSE,0
7411,FALSE,0.05210365727543831
7420,FALSE,0
7424,FALSE,0
7432,FALSE,0
7437,FALSE,0
7440,FALSE,0.05149305611848831
7447,FALSE,0.29714107513427734
7467,FALSE,0
7480,TRUE,0.6874410510063171
7486,FALSE,0.08221039921045303
7506,FALSE,0.013875863514840603
7514,FALSE,0
7516,FALSE,0
7523,FALSE,0
7530,FALSE,0
7532,TRUE,0.937453031539917
7540,FALSE,0
7547,TRUE,0.8669050931930542
7550,FALSE,0.006871990393847227
7553,FALSE,0.004180202726274729
7559,FALSE,0
7560,FALSE,0.028935296460986137
7561,FALSE,0
7563,FALSE,0.020446963608264923
7566,FALSE,0
7569,FALSE,0
7571,FALSE,0.05548679456114769
7575,FALSE,0.005086447112262249
7578,FALSE,0
7583,TRUE,0.9041184186935425
7589,FALSE,0
7598,FALSE,0
7604,FALSE,0.05236096680164337
7611,FALSE,0
7616,TRUE,0.6070355176925659
7617,TRUE,0.5836485028266907
7625,FALSE,0.040233973413705826
7629,FALSE,0
7631,TRUE,0.8654173612594604
7633,FALSE,0
7637,FALSE,0.024294119328260422
7641,FALSE,0
7643,FALSE,0.03510543704032898
7652,TRUE,0.9465267062187195
7653,FALSE,0
7659,TRUE,0.5865487456321716
7661,FALSE,0
7677,FALSE,0
7683,FALSE,0
7693,TRUE,0.8999984860420227
7694,FALSE,0
7697,FALSE,0.008606145158410072
7699,FALSE,0
7707,FALSE,0.004781878087669611
7710,FALSE,0
7716,TRUE,0.8193646669387817
7722,FALSE,0.009960253722965717
7727,FALSE,0.1789976805448532
7737,FALSE,0.008854152634739876
7738,FALSE,0.0147787407040596
7740,FALSE,0
7747,FALSE,0.11717881262302399
7756,FALSE,0.16584786772727966
7758,FALSE,0
7760,FALSE,0
7764,FALSE,0
7768,TRUE,0.5570709109306335
7780,FALSE,0
7790,FALSE,0
7792,FALSE,0
7798,FALSE,0
7803,FALSE,0
7808,FALSE,0
7812,TRUE,0.4849940836429596
7814,FALSE,0.05324556678533554
7815,FALSE,0
7817,FALSE,0.2519838511943817
7819,FALSE,0
7822,FALSE,0.012741019017994404
7825,FALSE,0.005490935407578945
7830,FALSE,0.05188759043812752
7834,FALSE,0
7841,FALSE,0.32983681559562683
7843,TRUE,0.7289806604385376
7844,FALSE,0
7849,FALSE,0
7852,TRUE,0.6519072651863098
7855,FALSE,0
7864,FALSE,0
7866,TRUE,0.44729071855545044
7873,FALSE,0.006477231625467539
7874,TRUE,0.819281280040741
7875,TRUE,0.618471086025238
7877,FALSE,0.05606306716799736
7881,TRUE,0.4691754877567291
7887,FALSE,0
7889,FALSE,0
7892,FALSE,0.09288450330495834
7894,FALSE,0.006863445974886417
7896,FALSE,0
7917,FALSE,0
7930,FALSE,0.11186223477125168
7934,FALSE,0.08532462269067764
7943,FALSE,0.03155721351504326
7946,FALSE,0
7952,FALSE,0.12075162678956985
7954,TRUE,0.5357553958892822
7957,FALSE,0
7962,FALSE,0
7967,TRUE,0.658324122428894
7970,FALSE,0
7974,FALSE,0
7976,FALSE,0
7983,FALSE,0.2389247566461563
7988,FALSE,0
7990,TRUE,0.7707918882369995
7998,TRUE,0.5939158201217651
8006,FALSE,0
8013,FALSE,0
8020,FALSE,0.009478256106376648
8029,FALSE,0.06819354742765427
8030,TRUE,0.39027678966522217
8034,FALSE,0.0067042759619653225
8036,FALSE,0.0141599727794528
8038,FALSE,0
8040,FALSE,0.013183265924453735
8041,FALSE,0
8044,FALSE,0
8061,FALSE,0.07821204513311386
8063,FALSE,0.0060895513743162155
8064,FALSE,0.07357761263847351
8068,FALSE,0.035286035388708115
8071,TRUE,0.46740785241127014
8074,FALSE,0.006689310539513826
8075,FALSE,0.10321661829948425
8086,FALSE,0.018967386335134506
8087,FALSE,0
8088,FALSE,0.010383114218711853
8093,FALSE,0.04251660406589508
8097,FALSE,0.09286730736494064
8100,FALSE,0.009570656344294548
8103,FALSE,0
8104,FALSE,0.2946151793003082
8106,FALSE,0.15549622476100922
8107,FALSE,0
8108,FALSE,0
8113,TRUE,0.709821879863739
8114,FALSE,0.008562907576560974
8117,FALSE,0.005591478198766708
8118,FALSE,0
8122,FALSE,0.031985700130462646
8128,FALSE,0.033136166632175446
8137,FALSE,0.027859503403306007
8145,FALSE,0
8153,FALSE,0.33712175488471985
8154,FALSE,0
8155,FALSE,0
8156,FALSE,0
8170,FALSE,0
8178,FALSE,0
8188,FALSE,0
8189,FALSE,0
8192,TRUE,0.3619917333126068
8209,FALSE,0.00996012706309557
8210,FALSE,0.170000359416008
8213,FALSE,0.012295613996684551
8218,FALSE,0.007331733591854572
8225,FALSE,0.02356722205877304
8231,TRUE,0.47268232703208923
8236,FALSE,0
8237,FALSE,0
8238,FALSE,0.2605893611907959
8250,FALSE,0.3283596634864807
8253,FALSE,0.019677242264151573
8257,FALSE,0.14726150035858154
8270,FALSE,0
8277,FALSE,0.013177460990846157
8295,TRUE,0.3724527060985565
8302,FALSE,0
8308,FALSE,0.05271361768245697
8309,FALSE,0.008520740084350109
8310,FALSE,0
8312,FALSE,0.00951728317886591
8314,FALSE,0.050181977450847626
8317,FALSE,0
8323,TRUE,0.4543146789073944
8328,FALSE,0.11109385639429092
8331,FALSE,0.011375556699931622
8334,FALSE,0
8342,FALSE,0
8354,FALSE,0
8369,FALSE,0
8370,FALSE,0.09947029501199722
8373,FALSE,0
8377,FALSE,0.11141552031040192
8378,FALSE,0
8380,FALSE,0.006398468278348446
8386,FALSE,0
8394,FALSE,0.28824225068092346
8409,FALSE,0.014814170077443123
8416,FALSE,0.009662091732025146
8417,FALSE,0.01393579039722681
8428,FALSE,0
8431,FALSE,0.11152327060699463
8435,FALSE,0
8440,FALSE,0.12433535605669022
8450,FALSE,0
8455,FALSE,0.02934720180928707
8456,FALSE,0
8459,FALSE,0
8476,FALSE,0
8481,FALSE,0.0685344785451889
8488,FALSE,0.024704081937670708
8489,TRUE,0.3423786461353302
8493,FALSE,0.02154957689344883
8497,FALSE,0
8511,FALSE,0.13398045301437378
8512,FALSE,0.199588805437088
8514,FALSE,0
8519,FALSE,0
8521,FALSE,0
8527,TRUE,0.5728390216827393
8530,FALSE,0.3383220136165619
8534,FALSE,0.010256924666464329
8539,FALSE,0
8545,FALSE,0
8551,FALSE,0.27828389406204224
8553,FALSE,0.046605419367551804
8557,FALSE,0.09843021631240845
8567,FALSE,0
8570,TRUE,0.40268486738204956
8583,TRUE,0.5938119292259216
8585,FALSE,0
8586,FALSE,0.013728768564760685
8589,FALSE,0.007366382982581854
8591,FALSE,0.015200186520814896
8606,FALSE,0
8609,FALSE,0
8611,FALSE,0.10560795664787292
8615,FALSE,0
8618,FALSE,0.15755058825016022
8625,FALSE,0.054597049951553345
8633,FALSE,0.04105402156710625
8640,FALSE,0
8641,FALSE,0.19560016691684723
8657,FALSE,0.02932431362569332
8658,FALSE,0
8660,FALSE,0
8670,FALSE,0
8685,FALSE,0.00888876337558031
8690,FALSE,0.003143993904814124
8692,TRUE,0.3736579418182373
8694,FALSE,0
8700,FALSE,0.054964978247880936
8709,FALSE,0.08566278964281082
8717,FALSE,0.05022818222641945
8720,FALSE,0.004811277613043785
8721,TRUE,0.5454527139663696
8730,FALSE,0.03183744102716446
8731,FALSE,0.049132827669382095
8739,FALSE,0.02504824660718441
8740,FALSE,0
8745,FALSE,0.00519864447414875
8746,FALSE,0.017829256132245064
8747,FALSE,0.27367761731147766
8748,FALSE,0
8751,FALSE,0
8757,TRUE,0.9038999080657959
8763,FALSE,0.14801761507987976
8771,FALSE,0
8774,FALSE,0.027095241472125053
8785,FALSE,0.006941507570445538
8787,FALSE,0
8788,FALSE,0
8803,FALSE,0.040029462426900864
8805,FALSE,0.008810589089989662
8807,FALSE,0
8809,FALSE,0.024949654936790466
8810,FALSE,0.005808498710393906
8818,FALSE,0.02516627497971058
8823,FALSE,0.00531580438837409
8828,FALSE,0.02160925231873989
8831,FALSE,0.005104523617774248
8832,FALSE,0
8834,FALSE,0.004475872032344341
8838,FALSE,0.005215796642005444
8850,FALSE,0.02686193957924843
8851,FALSE,0
8861,FALSE,0
8866,FALSE,0.010426138527691364
8874,FALSE,0.0025825875345617533
8877,FALSE,0.010442445054650307
8882,FALSE,0
8886,TRUE,0.4997377097606659
8887,FALSE,0.08465387672185898
8891,FALSE,0
8893,FALSE,0.01210851687937975
8903,FALSE,0.020359454676508904
8906,FALSE,0.013134391978383064
8911,FALSE,0.1648981124162674
8919,FALSE,0.021640663966536522
8922,FALSE,0.0034236637875437737
8929,FALSE,0
8931,FALSE,0.08391515910625458
8938,FALSE,0
8939,FALSE,0.004097978584468365
8943,FALSE,0
8945,TRUE,0.5903137922286987
8957,FALSE,0.00874325167387724
8961,FALSE,0
8968,FALSE,0.005314049776643515
8970,FALSE,0
8971,FALSE,0
8975,FALSE,0.027479717507958412
8986,FALSE,0
8987,FALSE,0.04379270225763321
8997,FALSE,0
8998,FALSE,0
9000,FALSE,0.04610462859272957
9006,FALSE,0.007814764976501465
9008,FALSE,0
9012,FALSE,0
9017,FALSE,0
9023,FALSE,0.007962021045386791
9033,FALSE,0.010125339031219482
9035,FALSE,0.2860431373119354
9036,FALSE,0.009924571961164474
9041,FALSE,0.07986053079366684
9047,TRUE,0.4026326537132263
9051,FALSE,0
9054,FALSE,0.02583504095673561
9060,FALSE,0.17858031392097473
9061,FALSE,0.044754497706890106
9063,FALSE,0.009251254610717297
9069,FALSE,0.2729479670524597
9070,FALSE,0
9078,FALSE,0.021168166771531105
9079,FALSE,0.008195143193006516
9081,FALSE,0.0065495045855641365
9086,FALSE,0.007451849523931742
9091,FALSE,0.041823726147413254
9093,FALSE,0
9094,FALSE,0.018243445083498955
9100,FALSE,0
9101,FALSE,0.07783051580190659
9107,TRUE,0.6083164811134338
9113,FALSE,0.005380143877118826
9116,TRUE,0.42496195435523987
9119,FALSE,0.02730243280529976
9121,FALSE,0.06191756948828697
9122,FALSE,0.0034957907628268003
9134,FALSE,0
9136,FALSE,0.013478860259056091
9158,FALSE,0
9159,FALSE,0.18297408521175385
9172,FALSE,0
9182,FALSE,0.08255842328071594
9187,FALSE,0.19879107177257538
9189,FALSE,0.007746885064989328
9190,FALSE,0.30666273832321167
9194,FALSE,0.021050559356808662
9195,FALSE,0
9196,FALSE,0.005890761502087116
9204,TRUE,0.6747068762779236
9208,FALSE,0.05404083803296089
9216,FALSE,0
9225,FALSE,0.024207649752497673
9230,FALSE,0
9233,FALSE,0.061307720839977264
9234,FALSE,0
9235,FALSE,0
9238,FALSE,0
9251,FALSE,0.007520671933889389
9255,TRUE,0.6298861503601074
9257,FALSE,0
9263,TRUE,0.623422384262085
9267,FALSE,0.06907365471124649
9272,FALSE,0.22988523542881012
9277,TRUE,0.6032140254974365
9282,FALSE,0.006976687349379063
9283,FALSE,0.206533282995224
9300,FALSE,0.00768921198323369
9301,FALSE,0
9304,FALSE,0
9317,FALSE,0
9320,FALSE,0.03713827580213547
9328,FALSE,0
9329,FALSE,0.035132285207509995
9330,FALSE,0.12208697944879532
9336,TRUE,0.5878592729568481
9348,FALSE,0
9350,TRUE,0.5096587538719177
9352,FALSE,0
9357,FALSE,0
9363,FALSE,0.04198452830314636
9364,FALSE,0.014619571156799793
9365,FALSE,0.24569088220596313
9367,FALSE,0.011435241438448429
9369,FALSE,0.1824750453233719
9371,FALSE,0.006040260661393404
9396,FALSE,0
9397,FALSE,0
9398,FALSE,0
9401,FALSE,0.005337617360055447
9403,FALSE,0.3248765766620636
9407,FALSE,0.012750541791319847
9411,TRUE,0.6515474319458008
9416,FALSE,0
9422,FALSE,0.007684210781008005
9436,FALSE,0.0051332563161849976
9440,FALSE,0
9443,FALSE,0.004551556892693043
9445,FALSE,0.01954243704676628
9446,TRUE,0.6502568125724792
9451,FALSE,0.009191734716296196
9460,FALSE,0
9470,FALSE,0
9473,FALSE,0.01822543330490589
9485,FALSE,0.023238953202962875
9487,FALSE,0.011678333394229412
9499,FALSE,0.2849203646183014
9502,FALSE,0
9503,FALSE,0.012348498217761517
9504,FALSE,0.2975970208644867
9510,FALSE,0.002570335054770112
9516,FALSE,0.02570035494863987
9518,FALSE,0.009811058640480042
9519,FALSE,0
9522,FALSE,0
9531,FALSE,0
9535,FALSE,0.06194109469652176
9542,FALSE,0.1927640438079834
9548,FALSE,0.14289845526218414
9551,FALSE,0.14194834232330322
9563,FALSE,0.07028093189001083
9577,FALSE,0
9585,FALSE,0
9593,FALSE,0
9614,FALSE,0.005433126352727413
9624,FALSE,0
9626,FALSE,0
9627,FALSE,0.007315118331462145
9630,FALSE,0.08856493979692459
9632,FALSE,0
9633,FALSE,0
9642,TRUE,0.6569651365280151
9647,FALSE,0.008485880680382252
9655,FALSE,0.0029609219636768103
9668,FALSE,0.007019515614956617
9673,FALSE,0.01617106981575489
9676,FALSE,0.04263577237725258
9677,FALSE,0.029679475352168083
9680,FALSE,0.038709722459316254
9691,FALSE,0.0055042472667992115
9695,FALSE,0
9703,FALSE,0.034796155989170074
9724,FALSE,0
9726,FALSE,0
9728,FALSE,0
9733,TRUE,0.37024080753326416
9736,FALSE,0.19525940716266632
9739,FALSE,0
9742,FALSE,0.10371865332126617
9744,FALSE,0
9751,FALSE,0.03500128909945488
9754,TRUE,0.4946521520614624
9768,FALSE,0.18050597608089447
9769,FALSE,0.136467844247818
9774,FALSE,0.049972765147686005
9780,FALSE,0.013490507379174232
9784,FALSE,0
9786,FALSE,0.03032882697880268
9788,FALSE,0.00833611749112606
9792,FALSE,0.2835140824317932
9793,FALSE,0
9799,FALSE,0
9800,FALSE,0
9802,FALSE,0
9804,FALSE,0.18453103303909302
9830,TRUE,0.4782276153564453
9836,FALSE,0.22655031085014343
9842,FALSE,0.013033769093453884
9847,FALSE,0.1307484656572342
9856,FALSE,0.01230477262288332
9859,FALSE,0.05012475699186325
9871,FALSE,0.005179764237254858
9875,FALSE,0
9883,FALSE,0.031481608748435974
9885,FALSE,0
9886,FALSE,0
9892,FALSE,0.015545887872576714
9898,FALSE,0
9899,FALSE,0.024034705013036728
9904,FALSE,0.0245647095143795
9910,FALSE,0.05264825001358986
9924,FALSE,0.2212972640991211
9932,FALSE,0.2850465178489685
9934,FALSE,0
9941,FALSE,0
9947,FALSE,0
9952,FALSE,0.024940822273492813
9953,FALSE,0.028363337740302086
9962,TRUE,0.4399487376213074
9963,FALSE,0.02004184015095234
9964,FALSE,0
9967,FALSE,0
9981,FALSE,0.025796832516789436
9982,FALSE,0
9992,TRUE,0.7800799608230591
9999,TRUE,0.8032426834106445
10003,FALSE,0.061780158430337906
10005,FALSE,0.0536697581410408
10006,FALSE,0.013640723191201687
10007,FALSE,0.059311483055353165
10012,FALSE,0
10019,FALSE,0.16645118594169617
10020,FALSE,0
10021,FALSE,0.005031246226280928
10029,FALSE,0
10035,FALSE,0.02524014376103878
10036,FALSE,0
10039,FALSE,0
10040,FALSE,0
10041,FALSE,0.057187970727682114
10045,FALSE,0
10051,TRUE,0.42406484484672546
10057,FALSE,0
10082,FALSE,0
10083,FALSE,0.2036905288696289
10085,FALSE,0
10105,FALSE,0.11040683835744858
10110,FALSE,0.05151907727122307
10114,FALSE,0
10115,FALSE,0.016921116039156914
10127,FALSE,0.007782653905451298
10135,FALSE,0.06496115773916245
10144,FALSE,0.009742441587150097
10147,FALSE,0.008924444206058979
10152,FALSE,0.2067645937204361
10153,FALSE,0.05221649259328842
10155,FALSE,0.02290874533355236
10159,FALSE,0.3132988512516022
10171,TRUE,0.5352522134780884
10173,FALSE,0.00965937227010727
10176,FALSE,0
10186,FALSE,0
10190,FALSE,0.15436185896396637
10197,TRUE,0.4811047613620758
10201,TRUE,0.4895007610321045
10203,TRUE,0.7918241024017334
10213,FALSE,0.1531057357788086
10215,TRUE,0.7488237023353577
10218,FALSE,0
10219,FALSE,0
10225,FALSE,0.2724558413028717
10235,FALSE,0.012323912233114243
10237,FALSE,0.09639479964971542
10238,FALSE,0.029272370040416718
10249,FALSE,0
10255,FALSE,0.07184706628322601
10256,FALSE,0.034711629152297974
10267,FALSE,0
10269,FALSE,0.006694287061691284
10282,FALSE,0
10285,TRUE,0.5433338284492493
10292,FALSE,0.21070677042007446
10299,FALSE,0
10303,FALSE,0.17696547508239746
10304,FALSE,0.07559460401535034
10306,FALSE,0
10318,FALSE,0
10327,FALSE,0
10329,FALSE,0
10330,FALSE,0.021867971867322922
10331,FALSE,0.16828078031539917
10341,FALSE,0.049855854362249374
10343,FALSE,0
10347,FALSE,0
10349,FALSE,0.025882238522171974
10351,FALSE,0.09068889915943146
10352,FALSE,0.009866616688668728
10354,TRUE,0.42872709035873413
10359,FALSE,0
10363,FALSE,0.25360867381095886
10365,FALSE,0.23447185754776
10369,FALSE,0
10377,FALSE,0.10644450783729553
10384,TRUE,0.4914518892765045
10390,FALSE,0
10396,FALSE,0
10397,FALSE,0
10398,FALSE,0.039090655744075775
10399,FALSE,0.12199524790048599
10404,FALSE,0.019858388230204582
10405,FALSE,0.06674779951572418
10412,FALSE,0.2470354288816452
10420,FALSE,0.11570723354816437
10429,FALSE,0
10439,FALSE,0.19928640127182007
10451,FALSE,0
10455,FALSE,0.11117439717054367
10458,FALSE,0
10470,FALSE,0
10471,FALSE,0
10502,FALSE,0.010523648001253605
10505,FALSE,0.03533059358596802
10506,FALSE,0.1435810923576355
10508,FALSE,0.016419073566794395
10510,FALSE,0
10511,FALSE,0.028006859123706818
10514,TRUE,0.5077587366104126
10520,FALSE,0
10529,TRUE,0.35495316982269287
10530,FALSE,0
10538,FALSE,0
10543,FALSE,0
10545,FALSE,0.06594252586364746
10547,FALSE,0.007107204291969538
10548,FALSE,0.008386680856347084
10554,FALSE,0
10556,FALSE,0.04294475167989731
10561,FALSE,0.02967960759997368
10564,FALSE,0
10568,FALSE,0.024973351508378983
10574,FALSE,0
10584,FALSE,0.01940613053739071
10586,FALSE,0.03158478066325188
10600,FALSE,0.025772152468562126
10601,FALSE,0.005849322769790888
10613,FALSE,0.14450055360794067
10618,TRUE,0.3689213693141937
10620,FALSE,0.08691154420375824
10622,FALSE,0
10625,FALSE,0.01937408186495304
10626,FALSE,0.29461193084716797
10627,FALSE,0.05513260141015053
10655,FALSE,0
10657,FALSE,0.05951455608010292
10658,FALSE,0.05649839714169502
10660,FALSE,0.013173406943678856
10661,TRUE,0.408856064081192
10668,FALSE,0.03386584669351578
10671,FALSE,0.035368308424949646
10678,FALSE,0.013842210173606873
10682,FALSE,0.029990168288350105
10683,FALSE,0.021703923121094704
10684,FALSE,0
10686,FALSE,0.041265733540058136
10694,FALSE,0.04467189684510231
10695,TRUE,0.3769960403442383
10696,FALSE,0.0072558363899588585
10697,FALSE,0
10711,FALSE,0.03352515771985054
10714,FALSE,0
10728,FALSE,0
10730,FALSE,0.010150854475796223
10731,TRUE,0.5303115248680115
10736,FALSE,0.017029378563165665
10741,FALSE,0
10742,FALSE,0.008237858302891254
10748,FALSE,0.017969457432627678
10755,FALSE,0.006500012706965208
10761,TRUE,0.7224311828613281
10767,FALSE,0
10779,TRUE,0.6987783312797546
10780,FALSE,0.016629375517368317
10783,FALSE,0.00625960435718298
10795,FALSE,0.013822820037603378
10802,FALSE,0.008262387476861477
10813,FALSE,0.2622767388820648
10816,FALSE,0
10817,FALSE,0
10820,FALSE,0.01246134378015995
10824,FALSE,0
10825,TRUE,0.7414978742599487
10837,FALSE,0.23621058464050293
10838,FALSE,0
10841,FALSE,0
10856,FALSE,0
10857,FALSE,0.005612444132566452
10860,FALSE,0
10874,FALSE,0
10876,FALSE,0
10877,FALSE,0.017943020910024643
10886,TRUE,0.4507226347923279
10888,FALSE,0.2861135005950928
10893,FALSE,0
10894,FALSE,0.03012046031653881
10896,FALSE,0.037608448415994644
10902,FALSE,0
10908,TRUE,0.47795483469963074
10913,FALSE,0.013252675533294678
10916,FALSE,0
10937,FALSE,0.009633874520659447
10944,FALSE,0.02172534167766571
10945,FALSE,0.044531479477882385
10952,FALSE,0.1620565801858902
10962,FALSE,0.0906955823302269
10967,TRUE,0.6992847323417664
10968,FALSE,0
10975,FALSE,0
10976,FALSE,0.21077264845371246
10977,FALSE,0.012285674922168255
10978,FALSE,0.041328515857458115
10996,FALSE,0.08201862871646881
11002,FALSE,0.0062217554077506065
11004,FALSE,0.021151550114154816
11006,TRUE,0.5745911002159119
11010,FALSE,0
11011,FALSE,0.01045122928917408
11012,FALSE,0.005270425695925951
11021,FALSE,0.017109710723161697
11030,FALSE,0.005092727020382881
11031,FALSE,0
11034,FALSE,0.0940866619348526
11035,FALSE,0
11036,FALSE,0
11038,FALSE,0.029441265389323235
11041,FALSE,0
11046,FALSE,0.04150916263461113
11053,FALSE,0.014395787380635738
11059,FALSE,0.15111131966114044
11063,FALSE,0
11064,FALSE,0.05232062563300133
11066,TRUE,0.34497278928756714
11074,TRUE,0.4198334515094757
11075,FALSE,0.023764165118336678
11080,FALSE,0.03705604001879692
11101,TRUE,0.771277904510498
11104,FALSE,0
11113,FALSE,0
11116,FALSE,0.01712760142982006
11123,FALSE,0.2968997657299042
11124,FALSE,0
11128,FALSE,0.023372283205389977
11134,FALSE,0
11142,FALSE,0.08230820298194885
11143,FALSE,0.20153984427452087
11145,FALSE,0.011423109099268913
11157,FALSE,0.07042482495307922
11168,FALSE,0
11169,TRUE,0.5024093389511108
11174,FALSE,0
11179,FALSE,0
11181,FALSE,0.028796887025237083
11183,FALSE,0
11190,TRUE,0.49370598793029785
11203,TRUE,0.382752925157547
11206,FALSE,0.06388422846794128
11207,FALSE,0.02283947728574276
11209,FALSE,0
11216,FALSE,0.09687501937150955
11218,FALSE,0.022205037996172905
11219,FALSE,0
11230,FALSE,0.04215877130627632
11231,FALSE,0.013322771526873112
11233,TRUE,0.6851760745048523
11240,FALSE,0.005960582755506039
11243,TRUE,0.46563974022865295
11246,FALSE,0.13929744064807892
11252,FALSE,0.26535144448280334
11257,FALSE,0.03326169401407242
11269,FALSE,0.1573525369167328
11275,FALSE,0
11276,FALSE,0.08673739433288574
11287,FALSE,0.040145277976989746
11288,TRUE,0.4843966066837311
11291,FALSE,0.013906942680478096
11295,FALSE,0
11300,FALSE,0
11310,FALSE,0.013893243856728077
11323,FALSE,0
11326,FALSE,0
11343,FALSE,0
11345,FALSE,0.04376569390296936
11347,FALSE,0
11348,FALSE,0.02008720487356186
11350,FALSE,0.011640358716249466
11354,FALSE,0
11359,FALSE,0
11362,FALSE,0
11364,FALSE,0.15048328042030334
11366,FALSE,0.011724632233381271
11370,FALSE,0
11373,FALSE,0
11375,FALSE,0
11377,FALSE,0.1085624098777771
11383,FALSE,0.005691911093890667
11387,FALSE,0
11391,FALSE,0
11397,FALSE,0.019827155396342278
11400,FALSE,0
11404,FALSE,0
11408,FALSE,0.20086894929409027
11411,FALSE,0.11722104251384735
11414,FALSE,0.0063752890564501286
11419,FALSE,0.005297214724123478
11423,FALSE,0.31950122117996216
11433,FALSE,0
11438,FALSE,0.026021499186754227
11440,FALSE,0.02314254827797413
11447,FALSE,0.008876987732946873
11448,FALSE,0
11452,FALSE,0
11457,FALSE,0
11464,FALSE,0.022773263975977898
11465,FALSE,0.07089480757713318
11467,FALSE,0.07796867191791534
11475,FALSE,0.03289184346795082
11480,FALSE,0
11508,FALSE,0
11511,FALSE,0.010492431931197643
11512,FALSE,0.11061275005340576
11518,FALSE,0
11533,FALSE,0.03584880754351616
11535,FALSE,0.07018725574016571
11544,TRUE,0.6166636943817139
11547,TRUE,0.40104368329048157
11548,FALSE,0
11549,TRUE,0.4271327257156372
11555,FALSE,0
11566,FALSE,0.012312812730669975
11576,FALSE,0.09297986328601837
11584,FALSE,0.012350441887974739
11591,FALSE,0.04038814455270767
11592,FALSE,0
11594,TRUE,0.3939502537250519
11596,FALSE,0.011326721869409084
11608,FALSE,0.3259389400482178
11616,FALSE,0
11630,FALSE,0
11631,FALSE,0.011778214946389198
11634,FALSE,0.006733534391969442
11637,FALSE,0
11649,TRUE,0.351917028427124
11653,FALSE,0.010304336436092854
11663,TRUE,0.6839190721511841
11666,TRUE,0.7516880631446838
11684,FALSE,0.02780156396329403
11691,FALSE,0.011540904641151428
11698,FALSE,0
11701,FALSE,0.08326243609189987
11711,FALSE,0.011078087612986565
11712,FALSE,0
11727,FALSE,0.09274236857891083
11730,FALSE,0.042460374534130096
11732,FALSE,0.19501689076423645
11735,FALSE,0.007776433136314154
11744,FALSE,0.017195943742990494
11745,FALSE,0.04305058717727661
11747,FALSE,0
11751,FALSE,0
11753,FALSE,0
11757,FALSE,0.004063905216753483
11758,FALSE,0.008357848972082138
11765,TRUE,0.49852439761161804
11770,FALSE,0.01563972793519497
11783,TRUE,0.5027111768722534
11788,FALSE,0
11789,FALSE,0.05401940271258354
11791,FALSE,0
11811,FALSE,0.02927679941058159
11821,FALSE,0
11822,FALSE,0.03220541030168533
11824,FALSE,0.01244371011853218
11825,FALSE,0.021773314103484154
11835,FALSE,0.005609073676168919
11841,FALSE,0.01052273903042078
11847,FALSE,0.1279485523700714
11856,FALSE,0.08987310528755188
11857,TRUE,0.5993026494979858
11859,FALSE,0
11862,FALSE,0.07080060988664627
11872,FALSE,0.006600874941796064
11875,FALSE,0
11879,FALSE,0.01258598081767559
11884,FALSE,0.026169778779149055
11885,TRUE,0.4595838785171509
11888,FALSE,0
11896,FALSE,0.01951318047940731
11900,FALSE,0
11903,FALSE,0
11904,FALSE,0
11907,FALSE,0.04922670125961304
11908,FALSE,0.07426758855581284
11909,FALSE,0.16895455121994019
11910,FALSE,0.21952010691165924
11925,FALSE,0.08416429907083511
11929,FALSE,0.03730432689189911
11930,FALSE,0.013345732353627682
11931,FALSE,0.24650393426418304
11938,FALSE,0.04027630016207695
11939,FALSE,0
11943,FALSE,0
11960,FALSE,0.012088284827768803
11973,FALSE,0
11974,TRUE,0.46608421206474304
11988,FALSE,0
11989,FALSE,0.026892954483628273
12006,FALSE,0.017866628244519234
12014,FALSE,0
12018,FALSE,0.04845346510410309
12029,FALSE,0.024680282920598984
12033,TRUE,0.5821556448936462
12034,FALSE,0
12043,FALSE,0.01586858555674553
12066,FALSE,0
12067,FALSE,0.02823578007519245
12071,FALSE,0
12081,FALSE,0
12084,FALSE,0.17932623624801636
12088,FALSE,0.02027260698378086
12098,FALSE,0
12099,FALSE,0.2406269907951355
12106,FALSE,0
12112,FALSE,0
12115,FALSE,0.18513862788677216
12123,FALSE,0.1537657231092453
12133,TRUE,0.6483739614486694
12139,FALSE,0
12145,FALSE,0
12149,FALSE,0
12152,FALSE,0.08382605761289597
12153,FALSE,0
12166,FALSE,0
12168,FALSE,0.013074249029159546
12177,FALSE,0
12178,FALSE,0.1354672759771347
12181,TRUE,0.6080155968666077
12183,FALSE,0.0036636684089899063
12189,TRUE,0.6681872010231018
12191,FALSE,0
12195,FALSE,0.006590033881366253
12198,FALSE,0
12204,FALSE,0.0925622433423996
12211,FALSE,0
12214,FALSE,0.03587022423744202
12221,FALSE,0
12223,FALSE,0
12226,FALSE,0.01232540886849165
12230,FALSE,0
12236,FALSE,0.07403213530778885
12243,TRUE,0.39284995198249817
12267,FALSE,0
12268,FALSE,0.03505436331033707
12276,FALSE,0
12279,FALSE,0.012144504114985466
12292,FALSE,0.009204967878758907
12296,FALSE,0.015138511545956135
12299,FALSE,0.3382644057273865
12300,FALSE,0.006704241037368774
12302,FALSE,0.02793656848371029
12304,FALSE,0.09022146463394165
12305,FALSE,0.009098474867641926
12306,FALSE,0
12307,FALSE,0.019964154809713364
12324,FALSE,0.06655053794384003
12325,FALSE,0
12339,FALSE,0
12346,TRUE,0.594140887260437
12351,FALSE,0
12353,FALSE,0
12365,FALSE,0.024814868345856667
12371,FALSE,0
12378,FALSE,0.026924269273877144
12381,TRUE,0.776185929775238
12388,FALSE,0.06490415334701538
12389,FALSE,0.01124799158424139
12390,FALSE,0.3045310378074646
12391,FALSE,0
12394,FALSE,0
12409,FALSE,0.0046990858390927315
12414,FALSE,0
12422,FALSE,0.03782251104712486
12432,FALSE,0
12434,FALSE,0
12440,FALSE,0.03900790214538574
12444,FALSE,0.004309649579226971
12445,FALSE,0
12450,FALSE,0
12452,FALSE,0.3232835829257965
12461,FALSE,0.005677803419530392
12466,FALSE,0.2731676697731018
12467,FALSE,0
12485,FALSE,0
12489,FALSE,0.011846671812236309
12491,FALSE,0.02730862982571125
12492,FALSE,0.22815842926502228
12506,FALSE,0.028662724420428276
12508,FALSE,0
12510,TRUE,0.42581939697265625
12513,FALSE,0
12518,FALSE,0.268710732460022
12520,FALSE,0.1547468602657318
12525,FALSE,0.17728161811828613
12532,TRUE,0.5433404445648193
12541,FALSE,0.14970794320106506
12544,FALSE,0
12552,FALSE,0.13255886733531952
12554,FALSE,0.02431185357272625
12557,FALSE,0
12561,FALSE,0.01286586094647646
12563,FALSE,0.08201801031827927
12571,FALSE,0
12572,FALSE,0.14996331930160522
12587,FALSE,0.041580356657505035
12596,FALSE,0.09766941517591476
12603,FALSE,0.008038303814828396
12607,FALSE,0.11352827399969101
12611,FALSE,0
12613,FALSE,0.16491913795471191
12630,FALSE,0.01762305200099945
12632,FALSE,0
12636,FALSE,0
12637,FALSE,0
12646,FALSE,0.01987813599407673
12648,FALSE,0.30917614698410034
12649,FALSE,0
12654,FALSE,0.0075443945825099945
12655,FALSE,0.21151764690876007
12656,FALSE,0.008684027940034866
12657,FALSE,0.01667012646794319
12663,TRUE,0.7866664528846741
12666,FALSE,0
12668,FALSE,0.03142610937356949
12670,TRUE,0.3722430467605591
12674,FALSE,0.040908463299274445
12678,FALSE,0.22700056433677673
12679,FALSE,0.18933121860027313
12682,FALSE,0.025979308411478996
12683,TRUE,0.4872659146785736
12685,FALSE,0
12686,FALSE,0.09662777930498123
12687,FALSE,0
12694,TRUE,0.6015077829360962
12695,FALSE,0.04615594074130058
12701,FALSE,0
12707,FALSE,0.15852808952331543
12712,FALSE,0
12714,FALSE,0
12719,FALSE,0
12721,FALSE,0.08109427988529205
12722,FALSE,0
12726,FALSE,0.02076970785856247
12735,FALSE,0
12736,FALSE,0.034224215894937515
12742,FALSE,0
12747,FALSE,0.011055412702262402
12751,FALSE,0.03125276044011116
12754,FALSE,0.10693281143903732
12763,FALSE,0.11935772746801376
12766,FALSE,0.013825387693941593
12771,FALSE,0
12782,FALSE,0
12788,FALSE,0.04358382895588875
12807,FALSE,0
12813,FALSE,0.05997643992304802
12815,FALSE,0
12833,FALSE,0
12837,FALSE,0.00631010252982378
12842,FALSE,0
12853,FALSE,0.0383981354534626
12854,FALSE,0
12866,FALSE,0
12869,FALSE,0.07357798516750336
12873,FALSE,0.013749392703175545
12875,FALSE,0.030624985694885254
12876,TRUE,0.6478105783462524
12880,FALSE,0
12883,FALSE,0.011100934818387032
12886,FALSE,0
12890,FALSE,0.02189752459526062
12892,FALSE,0
12894,FALSE,0
12896,FALSE,0.037174902856349945
12898,FALSE,0
12906,FALSE,0
12907,FALSE,0
12908,FALSE,0.016297584399580956
12909,FALSE,0.025867126882076263
12912,FALSE,0
12916,TRUE,0.3544576168060303
12918,FALSE,0
12921,FALSE,0.014872819185256958
12940,FALSE,0
12941,FALSE,0.03433379530906677
12942,FALSE,0
12943,TRUE,0.3479677140712738
12953,FALSE,0.007644969969987869
12954,FALSE,0.02721181884407997
12961,FALSE,0.05963560938835144
12965,FALSE,0
12967,TRUE,0.38099756836891174
12980,FALSE,0
12986,FALSE,0.03020482324063778
12987,FALSE,0.2582233250141144
12988,FALSE,0.10592915862798691
12996,FALSE,0.02470303140580654
12998,FALSE,0.1283532679080963
13004,FALSE,0.007426488678902388
13008,FALSE,0
13013,FALSE,0
13020,TRUE,0.6186792850494385
13025,FALSE,0.29504528641700745
13029,FALSE,0
13031,FALSE,0
13040,FALSE,0
13043,FALSE,0
13045,FALSE,0.014756109565496445
13047,FALSE,0
13050,FALSE,0.014177369885146618
13051,FALSE,0.00937161035835743
13053,FALSE,0.017364157363772392
13056,FALSE,0.12004509568214417
13060,FALSE,0
13064,FALSE,0.03614894673228264
13065,FALSE,0
13068,FALSE,0
13069,FALSE,0.09612458199262619
13073,FALSE,0.003965511918067932
13074,FALSE,0.012364443391561508
13083,FALSE,0
13090,FALSE,0
13098,FALSE,0
13106,FALSE,0.09582114964723587
13115,FALSE,0.08195368200540543
13119,FALSE,0.013863679952919483
13122,FALSE,0
13123,FALSE,0
13126,FALSE,0
13136,FALSE,0
13138,TRUE,0.7021254301071167
13141,FALSE,0
13145,FALSE,0
13147,FALSE,0.06929797679185867
13150,FALSE,0.2373395562171936
13158,FALSE,0.011038013733923435
13159,FALSE,0
13161,FALSE,0.1341881901025772
13163,FALSE,0.010536097921431065
13165,FALSE,0.02507287636399269
13171,FALSE,0
13175,FALSE,0
13176,TRUE,0.7005106210708618
13196,FALSE,0
13197,TRUE,0.7477826476097107
13200,FALSE,0.013837621547281742
13202,FALSE,0
13216,FALSE,0.14340686798095703
13222,FALSE,0
13234,FALSE,0.07389475405216217
13235,FALSE,0
13236,FALSE,0.13403740525245667
13237,FALSE,0
13239,FALSE,0
13262,FALSE,0.20915241539478302
13277,FALSE,0
13307,FALSE,0
13308,FALSE,0.006074662785977125
13312,FALSE,0
13314,FALSE,0
13318,FALSE,0.01250223908573389
13323,FALSE,0.04124722257256508
13334,FALSE,0
13335,FALSE,0.01939678005874157
13339,FALSE,0
13341,FALSE,0.013273587450385094
13342,TRUE,0.4985441267490387
13345,FALSE,0.04382530227303505
13350,FALSE,0
13353,TRUE,0.612805962562561
13355,FALSE,0
13358,FALSE,0
13360,FALSE,0.06851081550121307
13364,FALSE,0.021072404459118843
13370,FALSE,0.23040306568145752
13372,FALSE,0.021616699174046516
13376,FALSE,0.05634046345949173
13382,FALSE,0.08475591242313385
13384,FALSE,0.08635904639959335
13388,FALSE,0.09184698760509491
13390,FALSE,0.053513556718826294
13393,TRUE,0.5233720541000366
13400,FALSE,0.0967712476849556
13411,FALSE,0
13418,FALSE,0.02061929740011692
13420,TRUE,0.5291094183921814
13428,FALSE,0.05740729719400406
13437,TRUE,0.45478755235671997
13439,FALSE,0.08019919693470001
13449,FALSE,0.010734135285019875
13453,FALSE,0
13478,FALSE,0
13482,FALSE,0
13494,FALSE,0
13498,FALSE,0
13505,FALSE,0
13507,FALSE,0
13514,FALSE,0
13526,FALSE,0
13532,FALSE,0
13535,FALSE,0
13539,FALSE,0.06771374493837357
13544,FALSE,0
13545,FALSE,0.08359429985284805
13556,FALSE,0.016221314668655396
13566,FALSE,0.08510099351406097
13567,FALSE,0
13577,FALSE,0
13579,TRUE,0.3647954761981964
13586,FALSE,0
13592,FALSE,0
13594,FALSE,0
13595,FALSE,0
13597,FALSE,0
13604,FALSE,0
13606,FALSE,0
13618,TRUE,0.7943268418312073
13622,FALSE,0
13623,FALSE,0
13626,TRUE,0.5059847831726074
13630,FALSE,0
13631,FALSE,0.024807803332805634
13633,FALSE,0
13635,FALSE,0.021989069879055023
13636,FALSE,0.03586440160870552
13650,FALSE,0
13653,FALSE,0
13656,FALSE,0
13670,FALSE,0.13060952723026276
13676,FALSE,0.32056328654289246
13677,FALSE,0.00837050098925829
13680,TRUE,0.45251742005348206
13681,FALSE,0.01893998309969902
13685,FALSE,0.007603414822369814
13694,FALSE,0
13695,FALSE,0
13703,FALSE,0.02933044359087944
13707,FALSE,0
13709,FALSE,0.04540588706731796
13710,FALSE,0
13711,FALSE,0
13714,FALSE,0.014225775375962257
13723,FALSE,0
13724,FALSE,0.3380774259567261
13730,FALSE,0
13731,FALSE,0.022489216178655624
13732,FALSE,0.015695536509156227
13735,FALSE,0
13742,FALSE,0.022459203377366066
13743,FALSE,0
13749,FALSE,0
13762,FALSE,0.021221579983830452
13766,TRUE,0.5841584205627441
13782,FALSE,0
13789,FALSE,0.1106267049908638
13801,FALSE,0.03660334274172783
13803,FALSE,0.019895320758223534
13804,FALSE,0.011052889749407768
13810,FALSE,0
13820,FALSE,0
13823,FALSE,0
13824,FALSE,0
13828,FALSE,0.2558153569698334
13829,FALSE,0.015195169486105442
13834,FALSE,0.009456202387809753
13836,FALSE,0.026279723271727562
13838,FALSE,0
13854,FALSE,0
13856,FALSE,0.016725385561585426
13858,FALSE,0.016522590070962906
13859,FALSE,0
13866,FALSE,0.007561269216239452
13868,FALSE,0.11816980689764023
13869,FALSE,0
13871,FALSE,0.3180854022502899
13878,FALSE,0
13882,FALSE,0.045301470905542374
13884,FALSE,0.3060278296470642
13885,FALSE,0.025521917268633842
13890,FALSE,0.018787819892168045
13895,FALSE,0.007325344253331423
13896,FALSE,0.24977335333824158
13902,FALSE,0.018737204372882843
13908,FALSE,0.0743737444281578
13918,FALSE,0
13921,FALSE,0.116756372153759
13923,TRUE,0.6430237889289856
13927,FALSE,0.1213439479470253
13932,FALSE,0.021651268005371094
13945,FALSE,0
13956,FALSE,0
13957,FALSE,0
13958,FALSE,0
13959,FALSE,0.30452248454093933
13961,TRUE,0.3967844843864441
13968,FALSE,0.019168106839060783
13969,FALSE,0.014658845961093903
13976,FALSE,0.011568608693778515
13978,FALSE,0.04617388918995857
13981,FALSE,0.0336872898042202
13983,FALSE,0.00832507573068142
13986,FALSE,0.272653192281723
13988,FALSE,0.016349203884601593
13990,FALSE,0
13991,FALSE,0.005105700809508562
13995,TRUE,0.7170037031173706
14010,FALSE,0.010868540033698082
14014,FALSE,0
14026,FALSE,0.053810905665159225
14038,FALSE,0.18956978619098663
14040,TRUE,0.4211873412132263
14045,FALSE,0
14049,TRUE,0.6374178528785706
14058,FALSE,0
14065,FALSE,0
14066,FALSE,0
14068,FALSE,0.02088368497788906
14069,FALSE,0
14070,TRUE,0.34286826848983765
14072,FALSE,0.05540572106838226
14080,FALSE,0
14097,TRUE,0.6669068336486816
14105,TRUE,0.6602280735969543
14106,FALSE,0.3107743263244629
14120,FALSE,0
14124,FALSE,0.021220926195383072
14127,FALSE,0.009728401899337769
14133,FALSE,0
14135,FALSE,0
14139,FALSE,0.10662689059972763
14141,FALSE,0.03086904063820839
14144,FALSE,0.32062122225761414
14145,FALSE,0
14154,TRUE,0.34535884857177734
14156,FALSE,0.013435483910143375
14161,FALSE,0
14164,FALSE,0
14169,FALSE,0
14180,FALSE,0.039477258920669556
14185,FALSE,0.00843890942633152
14195,FALSE,0.09350647032260895
14198,FALSE,0.02242457866668701
14199,FALSE,0.20471635460853577
14208,FALSE,0.052874282002449036
14211,FALSE,0
14213,TRUE,0.5235007405281067
14214,FALSE,0.01359538733959198
14216,TRUE,0.427636057138443
14223,FALSE,0
14227,FALSE,0.015670333057641983
14229,FALSE,0.009147481061518192
14253,FALSE,0.008353431709110737
14254,FALSE,0
14255,TRUE,0.5334402918815613
14257,FALSE,0.011463381350040436
14278,FALSE,0.0066973059438169
14289,FALSE,0
14291,FALSE,0
14296,FALSE,0.020412813872098923
14299,FALSE,0.008311716839671135
14304,FALSE,0
14307,FALSE,0
14310,FALSE,0.015518649481236935
14311,FALSE,0.31922101974487305
14312,FALSE,0
14318,FALSE,0.06652996689081192
14321,FALSE,0.04821954667568207
14328,FALSE,0
14329,FALSE,0
14340,FALSE,0.06998513638973236
14348,FALSE,0
14351,FALSE,0
14352,FALSE,0.013999808579683304
14354,FALSE,0
14358,FALSE,0.014662621542811394
14359,FALSE,0.06417275965213776
14360,FALSE,0.2545809745788574
14377,FALSE,0.011834319680929184
14378,FALSE,0.005829038098454475
14388,FALSE,0.004923162516206503
14389,FALSE,0.10628055036067963
14400,TRUE,0.4320508539676666
14403,FALSE,0
14408,FALSE,0.008371463045477867
14413,FALSE,0
14420,FALSE,0.009634985588490963
14425,FALSE,0
14426,FALSE,0
14428,FALSE,0.05560005456209183
14431,FALSE,0
14433,FALSE,0.07400800287723541
14434,FALSE,0.01240372285246849
14445,FALSE,0
14447,FALSE,0.04162634536623955
14450,TRUE,0.6930172443389893
14458,FALSE,0.07717770338058472
14469,FALSE,0
14472,FALSE,0.015171026811003685
14474,FALSE,0.03158291429281235
14477,TRUE,0.44789358973503113
14482,FALSE,0.003732415148988366
14489,TRUE,0.7909392714500427
14495,FALSE,0
14496,FALSE,0
14515,FALSE,0
14527,FALSE,0.03773558884859085
14528,FALSE,0
14530,FALSE,0.013846734538674355
14533,FALSE,0.00762048177421093
14545,FALSE,0.020635895431041718
14546,FALSE,0
14548,FALSE,0
14549,FALSE,0.04301898181438446
14565,FALSE,0
14566,FALSE,0.015726692974567413
14572,FALSE,0
14577,FALSE,0
14578,FALSE,0
14593,FALSE,0.004860573913902044
14595,FALSE,0.024595731869339943
14602,FALSE,0
14606,FALSE,0
14621,FALSE,0.008134409785270691
14623,FALSE,0
14627,FALSE,0.24021869897842407
14629,FALSE,0.04689762741327286
14630,FALSE,0.008524797856807709
14631,FALSE,0
14635,FALSE,0.008680358529090881
14637,FALSE,0.042341671884059906
14651,TRUE,0.4185720682144165
14653,FALSE,0
14655,FALSE,0
14656,FALSE,0.007078210823237896
14659,FALSE,0
14660,FALSE,0
14665,FALSE,0.013267037458717823
14669,FALSE,0
14672,TRUE,0.5486328601837158
14678,TRUE,0.48781877756118774
14680,FALSE,0.003800300182774663
14685,FALSE,0
14686,FALSE,0.15045487880706787
14689,FALSE,0
14690,TRUE,0.5427060127258301
14693,FALSE,0.004081111866980791
14703,FALSE,0
14705,FALSE,0
14706,FALSE,0.00756419263780117
14707,FALSE,0.006503465585410595
14709,TRUE,0.7694866061210632
14714,FALSE,0
14719,FALSE,0
14723,FALSE,0
14736,FALSE,0.09014063328504562
14743,FALSE,0.0035065144766122103
14744,FALSE,0
14752,FALSE,0.022955425083637238
14753,FALSE,0
14755,FALSE,0.2700178325176239
14757,FALSE,0
14763,FALSE,0
14764,FALSE,0.031991902738809586
14768,FALSE,0.01534353382885456
14769,FALSE,0.03976564481854439
14776,TRUE,0.59690922498703
14785,FALSE,0.009263048879802227
14789,FALSE,0.0995388999581337
14817,TRUE,0.40914419293403625
14821,FALSE,0.06814923137426376
14822,FALSE,0
14834,FALSE,0
14835,FALSE,0.03578358143568039
14847,FALSE,0.002678787335753441
14849,FALSE,0
14852,FALSE,0.0038213981315493584
14854,FALSE,0
14861,FALSE,0.12508270144462585
14863,FALSE,0.011565877124667168
14869,FALSE,0.02684050053358078
14880,FALSE,0
14885,FALSE,0
14889,FALSE,0
14891,FALSE,0
14893,FALSE,0
14904,FALSE,0.010202445089817047
14920,FALSE,0.290429025888443
14926,FALSE,0.010003720410168171
14929,FALSE,0.016541769728064537
14933,FALSE,0.007605967111885548
14935,FALSE,0.05051685869693756
14938,TRUE,0.6390553712844849
14939,FALSE,0
14942,TRUE,0.366889089345932
14946,FALSE,0
14957,TRUE,0.5582588315010071
14970,FALSE,0.08585889637470245
14972,FALSE,0.009673596359789371
14988,FALSE,0
14989,FALSE,0.029096636921167374
14993,FALSE,0.003144445363432169
14997,FALSE,0.27452489733695984
15002,FALSE,0.00790568720549345
15003,FALSE,0
15005,FALSE,0
15007,FALSE,0
15010,FALSE,0.043495215475559235
15013,FALSE,0
15014,FALSE,0.012220156379044056
15016,FALSE,0.06702887266874313
15017,FALSE,0.01375583466142416
15044,FALSE,0.006224792916327715
15045,FALSE,0.17717629671096802
15047,FALSE,0
15055,TRUE,0.5988147854804993
15057,FALSE,0.03305215388536453
15060,FALSE,0
15083,FALSE,0.010447935201227665
15094,FALSE,0
15095,FALSE,0
15100,TRUE,0.6498920917510986
15103,FALSE,0
15105,FALSE,0
15116,FALSE,0
15118,FALSE,0
15123,FALSE,0.09095390141010284
15130,FALSE,0
15145,FALSE,0
15149,FALSE,0.05763043090701103
15157,FALSE,0.015083407051861286
15161,TRUE,0.843360960483551
15164,FALSE,0.032044846564531326
15172,FALSE,0.026791227981448174
15173,FALSE,0.057202354073524475
15176,FALSE,0.006932601798325777
15178,FALSE,0
15181,FALSE,0.009700599126517773
15183,FALSE,0.12770964205265045
15184,TRUE,0.7035475969314575
15189,FALSE,0
15196,FALSE,0
15199,FALSE,0.17780932784080505
15200,FALSE,0.03974202647805214
15206,FALSE,0.04806755110621452
15216,FALSE,0
15218,FALSE,0.11352719366550446
15219,FALSE,0.004754324443638325
15226,FALSE,0
15228,FALSE,0.013735555112361908
15237,FALSE,0
15240,FALSE,0.0051790764555335045
15257,FALSE,0
15260,FALSE,0.0055116754956543446
15263,FALSE,0
15277,FALSE,0.034839928150177
15279,FALSE,0.003035547211766243
15288,TRUE,0.4804770350456238
15289,FALSE,0
15293,TRUE,0.4992029368877411
15294,FALSE,0
15301,TRUE,0.43727779388427734
15304,FALSE,0
15305,FALSE,0.008319282904267311
15311,FALSE,0
15318,FALSE,0
15320,FALSE,0
15326,FALSE,0
15333,TRUE,0.6096885204315186
15335,FALSE,0.010142871178686619
15338,FALSE,0
15340,FALSE,0
15342,FALSE,0.10758460313081741
15343,FALSE,0.11121784895658493
15348,FALSE,0
15349,TRUE,0.5161378979682922
15360,FALSE,0.04525989294052124
15362,FALSE,0
15366,FALSE,0.056243281811475754
15374,FALSE,0.01519304420799017
15380,FALSE,0.032683420926332474
15381,FALSE,0.07636500895023346
15382,FALSE,0.004489092156291008
15386,FALSE,0.015853431075811386
15388,FALSE,0.20692439377307892
15395,FALSE,0.00709602190181613
15408,FALSE,0.008043799549341202
15421,FALSE,0.015894483774900436
15427,FALSE,0
15429,FALSE,0
15442,FALSE,0.016409466043114662
15449,FALSE,0.1036234125494957
15454,FALSE,0
15465,FALSE,0.009005015715956688
15466,FALSE,0.013271283358335495
15480,FALSE,0
15482,TRUE,0.5177467465400696
15485,FALSE,0.31575849652290344
15486,FALSE,0
15487,FALSE,0.0077478718012571335
15488,FALSE,0
15489,TRUE,0.5684402585029602
15490,FALSE,0
15494,FALSE,0
15495,FALSE,0
15497,FALSE,0
15499,TRUE,0.6933493614196777
15502,FALSE,0
15508,FALSE,0.12394493073225021
15514,TRUE,0.42403164505958557
15519,FALSE,0
15522,TRUE,0.61701500415802
15524,FALSE,0.007431896403431892
15525,FALSE,0.13944804668426514
15529,FALSE,0.005206154193729162
15534,FALSE,0.09229020774364471
15538,FALSE,0.04750754311680794
15550,FALSE,0.03474082052707672
15551,TRUE,0.4308811128139496
15557,FALSE,0.07099838554859161
15558,FALSE,0.010830293409526348
15571,FALSE,0
15575,FALSE,0
15579,FALSE,0
15580,TRUE,0.45799675583839417
15581,TRUE,0.4178948402404785
15590,FALSE,0.011788658797740936
15598,FALSE,0
15602,FALSE,0.005200077313929796
15603,TRUE,0.6342530250549316
15605,FALSE,0
15614,TRUE,0.6484801173210144
15624,FALSE,0.01242005918174982
15626,FALSE,0.060591623187065125
15634,FALSE,0
15638,FALSE,0
15645,FALSE,0.07331954687833786
15650,FALSE,0
15651,TRUE,0.8206609487533569
15652,FALSE,0.10460313409566879
15656,FALSE,0.03001434914767742
15665,FALSE,0.026566065847873688
15669,FALSE,0.014956637285649776
15682,FALSE,0.047291576862335205
15689,FALSE,0
15696,FALSE,0.007617727387696505
15700,FALSE,0
15707,FALSE,0.014166065491735935
15717,FALSE,0.030391406267881393
15723,FALSE,0.18585214018821716
15726,FALSE,0
15729,FALSE,0.23542270064353943
15732,FALSE,0.013827865943312645
15741,FALSE,0.040908604860305786
15743,FALSE,0.011076515540480614
15757,FALSE,0.07740362733602524
15761,TRUE,0.6154040098190308
15765,FALSE,0.03012893907725811
15766,FALSE,0.006419450044631958
15771,FALSE,0.06458276510238647
15773,FALSE,0.12636682391166687
15784,FALSE,0.03133911266922951
15792,TRUE,0.6167857646942139
15793,FALSE,0.008447962813079357
15801,FALSE,0.016595566645264626
15802,FALSE,0
15804,FALSE,0.024122187867760658
15805,FALSE,0.008034422993659973
15807,FALSE,0.32901760935783386
15822,FALSE,0.014836311340332031
15831,FALSE,0
15832,TRUE,0.587453305721283
15833,FALSE,0.04884876310825348
15836,FALSE,0
15839,FALSE,0.007407184690237045
15844,FALSE,0.07478298991918564
15847,FALSE,0.007309518288820982
15857,FALSE,0
15858,FALSE,0
15865,FALSE,0.007926365360617638
15868,FALSE,0.005415486637502909
15872,FALSE,0.013385618105530739
15873,FALSE,0.11918894946575165
15875,FALSE,0
15887,FALSE,0.004768023733049631
15910,FALSE,0.009553405456244946
15921,FALSE,0
15941,FALSE,0.012435948476195335
15949,FALSE,0
15950,FALSE,0.2977104187011719
15967,FALSE,0.013681669719517231
15969,FALSE,0
15970,FALSE,0.02281288616359234
15974,FALSE,0.06887621432542801
15975,FALSE,0.04257163777947426
15981,FALSE,0.04740631952881813
15982,FALSE,0
15987,FALSE,0.024109914898872375
15988,FALSE,0.11857037991285324
15989,FALSE,0
15992,FALSE,0
15998,FALSE,0
16001,FALSE,0.2756502032279968
16003,FALSE,0
16013,FALSE,0.11969781666994095
16016,FALSE,0.004613610450178385
16020,FALSE,0.07543990761041641
16023,FALSE,0
16027,FALSE,0
16033,FALSE,0.005328132770955563
16034,FALSE,0.11139513552188873
16035,TRUE,0.4188390076160431
16039,FALSE,0
16051,FALSE,0
16058,FALSE,0
16061,FALSE,0.10925409197807312
16063,TRUE,0.548914909362793
16071,FALSE,0.2382265031337738
16072,FALSE,0
16073,FALSE,0.2091645896434784
16074,FALSE,0.1765577346086502
16086,FALSE,0.017569968476891518
16098,FALSE,0
16101,FALSE,0.3236023187637329
16116,FALSE,0.010383962653577328
16119,FALSE,0.21759821474552155
16124,FALSE,0.01751479133963585
16130,FALSE,0
16132,FALSE,0
16135,TRUE,0.4351366460323334
16137,FALSE,0
16138,TRUE,0.43708428740501404
16147,FALSE,0
16148,FALSE,0.01307255681604147
16152,FALSE,0
16153,TRUE,0.5241106748580933
16155,FALSE,0
16156,FALSE,0
16162,FALSE,0.020957274362444878
16165,FALSE,0
16173,FALSE,0
16185,FALSE,0.023836201056838036
16188,FALSE,0.005585293751209974
16193,FALSE,0.0810466855764389
16203,FALSE,0
16204,FALSE,0
16207,FALSE,0
16212,FALSE,0.03460511192679405
16213,FALSE,0
16221,FALSE,0.03125360608100891
16230,FALSE,0
16240,FALSE,0
16243,FALSE,0.003284117439761758
16244,FALSE,0.009214689023792744
16257,FALSE,0
16258,FALSE,0
16266,FALSE,0
16272,FALSE,0
16276,FALSE,0.006089562550187111
16287,FALSE,0
16288,FALSE,0
16290,FALSE,0
16292,FALSE,0.3096841275691986
16295,FALSE,0.1853063553571701
16298,FALSE,0.02079896815121174
16300,FALSE,0.04323539882898331
16304,FALSE,0
16305,TRUE,0.5580437183380127
16308,FALSE,0
16318,FALSE,0
16323,FALSE,0.05478183925151825
16325,FALSE,0
16333,FALSE,0.006101715844124556
16336,FALSE,0.015392563305795193
16345,TRUE,0.6016086339950562
16353,FALSE,0.007503223605453968
16364,FALSE,0.11368981748819351
16368,FALSE,0
16369,FALSE,0.022455111145973206
16370,FALSE,0.019712040200829506
16379,FALSE,0.08428913354873657
16392,FALSE,0.004742297809571028
16394,FALSE,0
16396,FALSE,0
16398,FALSE,0
16404,FALSE,0.09336429834365845
16405,FALSE,0.05751657858490944
16408,FALSE,0.2115607112646103
16410,FALSE,0
16411,FALSE,0.2687678635120392
16412,FALSE,0.008517433889210224
16414,FALSE,0
16417,FALSE,0.07294024527072906
16419,FALSE,0.009064014069736004
16421,FALSE,0.12005137652158737
16430,FALSE,0
16440,TRUE,0.38666245341300964
16442,FALSE,0.004229627083986998
16451,FALSE,0
16461,FALSE,0.005988672375679016
16462,FALSE,0
16464,TRUE,0.7926690578460693
16482,FALSE,0
16486,FALSE,0.029725907370448112
16487,FALSE,0
16492,FALSE,0
16502,TRUE,0.460745245218277
16517,FALSE,0
16518,FALSE,0.0076233744621276855
16533,FALSE,0
16545,FALSE,0
16546,FALSE,0.0032113988418132067
16548,FALSE,0.03877750039100647
16550,FALSE,0.012948300689458847
16555,FALSE,0.010446417145431042
16561,FALSE,0
16562,FALSE,0.01353459246456623
16563,FALSE,0
16566,FALSE,0
16569,FALSE,0.01386828999966383
16571,FALSE,0.010117944329977036
16573,FALSE,0.07395205646753311
16586,FALSE,0
16587,FALSE,0.0529700368642807
16595,FALSE,0.092762291431427
16599,TRUE,0.4177018702030182
16607,FALSE,0
16611,FALSE,0
16613,FALSE,0.031508538872003555
16622,FALSE,0
16623,FALSE,0
16624,FALSE,0.015704121440649033
16625,FALSE,0
16628,FALSE,0.005570384208112955
16631,FALSE,0
16639,FALSE,0.025359859690070152
16640,FALSE,0.021163607016205788
16642,FALSE,0
16644,TRUE,0.5913547277450562
16649,FALSE,0
16652,FALSE,0
16656,FALSE,0
16657,FALSE,0
16662,TRUE,0.6345536112785339
16665,TRUE,0.5026957392692566
16666,FALSE,0
16668,FALSE,0
16672,FALSE,0
16673,FALSE,0
16676,FALSE,0
16680,TRUE,0.5693902373313904
16683,FALSE,0.09697479009628296
16685,FALSE,0
16686,FALSE,0
16688,TRUE,0.42859381437301636
16696,FALSE,0
16700,FALSE,0
16703,TRUE,0.42038053274154663
16711,FALSE,0
16713,FALSE,0.012381469830870628
16714,FALSE,0
16724,FALSE,0
16738,FALSE,0.3098360598087311
16741,FALSE,0
16743,FALSE,0
16744,FALSE,0.023977668955922127
16749,FALSE,0
16751,FALSE,0.006994645111262798
16759,FALSE,0.21661020815372467
16761,FALSE,0.13050638139247894
16764,FALSE,0
16776,FALSE,0
16778,FALSE,0
16784,FALSE,0.19529087841510773
16789,TRUE,0.6591120958328247
16791,FALSE,0.021920934319496155
16794,FALSE,0.008650661446154118
16795,FALSE,0.009633011184632778
16798,FALSE,0
16804,FALSE,0.09505780041217804
16810,FALSE,0.02404089644551277
16816,FALSE,0
16825,FALSE,0.006628726609051228
16832,TRUE,0.3540046513080597
16843,FALSE,0
16844,FALSE,0
16846,FALSE,0.03573135659098625
16854,FALSE,0.04286206513643265
16855,FALSE,0.020238053053617477
16868,FALSE,0.19855332374572754
16878,FALSE,0
16879,TRUE,0.4084397852420807
16883,FALSE,0.008784778416156769
16899,FALSE,0
16901,FALSE,0
16906,FALSE,0
16911,FALSE,0
16915,FALSE,0.007122433744370937
16922,FALSE,0.07171477377414703
16923,FALSE,0.010465648025274277
16927,FALSE,0
16932,FALSE,0.006950031965970993
16937,FALSE,0
16943,FALSE,0
16947,FALSE,0.18535882234573364
16948,FALSE,0
16953,FALSE,0.012756346724927425
16968,FALSE,0
16972,FALSE,0
16974,FALSE,0.02918095327913761
17004,FALSE,0.014969069510698318
17008,FALSE,0.23090700805187225
17013,FALSE,0.021792232990264893
17015,FALSE,0
17019,FALSE,0.019120749086141586
17031,FALSE,0
17040,FALSE,0.018656734377145767
17058,FALSE,0.0374310165643692
17062,FALSE,0.014099938794970512
17066,FALSE,0.04213571920990944
17068,FALSE,0.006624612025916576
17070,FALSE,0.01962254010140896
17093,FALSE,0
17094,FALSE,0
17101,FALSE,0
17103,FALSE,0
17108,FALSE,0.03127412497997284
17112,FALSE,0.003515728982165456
17118,FALSE,0.035115912556648254
17122,FALSE,0
17138,FALSE,0
17139,FALSE,0.03341473266482353
17141,FALSE,0.00672769034281373
17148,FALSE,0
17153,FALSE,0
17154,FALSE,0
17165,FALSE,0
17167,FALSE,0.18396595120429993
17168,FALSE,0
17169,FALSE,0.003147225361317396
17179,FALSE,0.07266182452440262
17183,FALSE,0.009256120771169662
17186,FALSE,0.04436001181602478
17190,FALSE,0
17191,FALSE,0
17192,FALSE,0
17194,FALSE,0.019109712913632393
17197,FALSE,0
17200,TRUE,0.6474149227142334
17216,FALSE,0
17225,FALSE,0.1291082799434662
17227,FALSE,0
17230,FALSE,0
17232,TRUE,0.47627246379852295
17243,FALSE,0
17247,FALSE,0.04207441583275795
17254,FALSE,0.006258581764996052
17258,FALSE,0.0529911033809185
17260,FALSE,0.1555221825838089
17264,FALSE,0.01312818843871355
17267,FALSE,0.04522644355893135
17272,FALSE,0
17276,FALSE,0.008884618058800697
17281,FALSE,0.067427858710289
17282,FALSE,0
17283,FALSE,0
17284,FALSE,0
17298,FALSE,0
17299,FALSE,0.013633674010634422
17301,FALSE,0
17303,FALSE,0.06049512326717377
17305,FALSE,0
17312,FALSE,0.09578601270914078
17313,FALSE,0
17316,FALSE,0.0224550012499094
17319,FALSE,0.02893287129700184
17322,FALSE,0
17324,FALSE,0.03161085397005081
17330,FALSE,0.07728705555200577
17331,FALSE,0.10784027725458145
17338,FALSE,0.006732070352882147
17341,FALSE,0
17346,TRUE,0.48532867431640625
17353,FALSE,0.004487262107431889
17354,FALSE,0.017268015071749687
17355,FALSE,0
17367,FALSE,0.005602351389825344
17370,FALSE,0.020948713645339012
17382,FALSE,0.12201572954654694
17385,FALSE,0
17387,FALSE,0.010709639638662338
17392,FALSE,0.028527669608592987
17402,FALSE,0.011235155165195465
17405,FALSE,0
17407,FALSE,0.011229847557842731
17408,TRUE,0.35560378432273865
17409,FALSE,0.014513240195810795
17413,FALSE,0
17421,FALSE,0
17430,FALSE,0.04734547808766365
17444,FALSE,0.01591733656823635
17448,FALSE,0
17451,FALSE,0.007028934545814991
17454,FALSE,0.051878202706575394
17472,FALSE,0.008474205620586872
17475,FALSE,0
17480,FALSE,0
17483,FALSE,0
17504,FALSE,0.012906438671052456
17505,FALSE,0.18684116005897522
17506,FALSE,0.31372642517089844
17512,FALSE,0.003906307276338339
17517,FALSE,0.18912576138973236
17518,FALSE,0
17521,FALSE,0
17526,FALSE,0.03750574588775635
17528,FALSE,0.01196637935936451
17538,FALSE,0.008387423120439053
17543,FALSE,0.005726607516407967
17546,TRUE,0.5868202447891235
17548,FALSE,0.31132131814956665
17569,FALSE,0
17571,FALSE,0.022566039115190506
17573,FALSE,0
17579,TRUE,0.34589311480522156
17584,FALSE,0.048033904284238815
17587,FALSE,0.006770366802811623
17590,FALSE,0
17594,TRUE,0.7576175332069397
17613,FALSE,0
17622,FALSE,0
17630,FALSE,0.01277377363294363
17638,FALSE,0
17644,FALSE,0.31065383553504944
17664,FALSE,0.011067409999668598
17666,TRUE,0.3418784737586975
17668,FALSE,0.13666218519210815
17685,FALSE,0.24553444981575012
17694,FALSE,0.025428330525755882
17700,FALSE,0.15674452483654022
17714,FALSE,0.028678379952907562
17719,FALSE,0.062263123691082
17721,FALSE,0
17722,FALSE,0
17724,FALSE,0.29089802503585815
17726,FALSE,0.005661000497639179
17732,FALSE,0.010080085135996342
17735,FALSE,0
17738,FALSE,0.10559195280075073
17739,TRUE,0.3481386601924896
17740,FALSE,0.028994252905249596
17746,TRUE,0.47292348742485046
17750,FALSE,0.1743582785129547
17757,TRUE,0.45771247148513794
17758,FALSE,0.009956074878573418
17760,FALSE,0.011356203816831112
17761,FALSE,0.047833215445280075
17763,FALSE,0
17769,FALSE,0
17779,FALSE,0.010087504982948303
17781,FALSE,0.06508243083953857
17783,FALSE,0.09735479950904846
17789,FALSE,0
17791,FALSE,0
17796,FALSE,0.011073162779211998
17797,FALSE,0.005825681611895561
17798,FALSE,0
17801,TRUE,0.566639244556427
17802,FALSE,0.031811971217393875
17803,FALSE,0
17807,FALSE,0.32359716296195984
17810,FALSE,0.059312984347343445
17818,FALSE,0.012414533644914627
17821,FALSE,0.05278630927205086
17822,FALSE,0.016330810263752937
17839,FALSE,0.01799982227385044
17846,FALSE,0.0036150668747723103
17868,FALSE,0.0448211207985878
17873,FALSE,0.005757881794124842
17877,FALSE,0
17899,FALSE,0.008164388127624989
17904,TRUE,0.5448477864265442
17906,FALSE,0.010445032268762589
17908,FALSE,0.00865800492465496
17911,TRUE,0.6254180073738098
17927,FALSE,0
17929,FALSE,0.01183560211211443
17931,FALSE,0.10487335175275803
17939,TRUE,0.3911529779434204
17944,FALSE,0.006749101914465427
17948,FALSE,0.02492217719554901
17959,FALSE,0.18873409926891327
17960,FALSE,0
17970,FALSE,0.011410923674702644
17980,TRUE,0.5158880352973938
17981,FALSE,0
17983,FALSE,0
17987,FALSE,0
17989,FALSE,0
17990,FALSE,0
18001,FALSE,0
18005,FALSE,0.032404568046331406
18021,FALSE,0.013454736210405827
18024,TRUE,0.38088858127593994
18031,FALSE,0.029775746166706085
18032,FALSE,0.14374405145645142
18036,FALSE,0
18038,FALSE,0.021418578922748566
18046,FALSE,0
18049,FALSE,0
18051,FALSE,0
18054,FALSE,0
18057,FALSE,0.0114397332072258
18065,FALSE,0.03408496081829071
18066,FALSE,0.07514937222003937
18071,FALSE,0.004838532768189907
18076,FALSE,0
18077,FALSE,0.07467421889305115
18082,FALSE,0
18084,FALSE,0
18098,TRUE,0.5361067056655884
18105,FALSE,0
18107,FALSE,0.012272559106349945
18131,FALSE,0.00908544473350048
18133,FALSE,0.013870195485651493
18134,FALSE,0.019108004868030548
18140,FALSE,0.0063460408709943295
18143,FALSE,0.004499522503465414
18144,FALSE,0.01076117716729641
18146,FALSE,0.01970122568309307
18154,FALSE,0.039591409265995026
18155,FALSE,0.008433189243078232
18166,FALSE,0.023354874923825264
18167,FALSE,0.006619241554290056
18174,FALSE,0
18181,FALSE,0
18183,FALSE,0.0630362406373024
18187,FALSE,0.03506011143326759
18193,FALSE,0.007220031227916479
18199,TRUE,0.6863133907318115
18200,FALSE,0.005436275620013475
18205,FALSE,0.014320154674351215
18213,FALSE,0.005480643827468157
18216,FALSE,0
18217,FALSE,0.030389461666345596
18219,FALSE,0
18225,FALSE,0
18234,FALSE,0.2046758383512497
18237,FALSE,0.004778500180691481
18255,FALSE,0
18256,FALSE,0.09534117579460144
18265,FALSE,0.009346503764390945
18269,FALSE,0.10221691429615021
18275,FALSE,0.16379530727863312
18284,FALSE,0
18290,FALSE,0.11430614441633224
18297,FALSE,0
18311,FALSE,0.03687718138098717
18318,TRUE,0.7872400283813477
18320,FALSE,0.014370565302670002
18322,FALSE,0
18325,FALSE,0
18326,FALSE,0
18329,FALSE,0.030982699245214462
18332,FALSE,0.01398786623030901
18335,FALSE,0
18338,FALSE,0
18343,TRUE,0.4234592020511627
18354,FALSE,0
18356,FALSE,0
18370,FALSE,0.2457125335931778
18377,FALSE,0.05123353376984596
18383,FALSE,0
18390,FALSE,0.03542940691113472
18405,FALSE,0.005961899179965258
18406,FALSE,0.05020880326628685
18409,FALSE,0.04335279390215874
18412,FALSE,0.007911807857453823
18414,FALSE,0
18438,FALSE,0.00658457912504673
18439,FALSE,0.03094448707997799
18443,FALSE,0.019481562077999115
18444,FALSE,0.023473115637898445
18453,FALSE,0.1529289186000824
18456,FALSE,0.11147306114435196
18457,FALSE,0.10320146381855011
18461,FALSE,0.05874719098210335
18465,FALSE,0.01671886257827282
18469,FALSE,0.1600990742444992
18475,FALSE,0
18486,FALSE,0.16452395915985107
18487,FALSE,0.07757432758808136
18490,FALSE,0.005729798227548599
18492,FALSE,0.08599136769771576
18494,FALSE,0.06921198964118958
18495,FALSE,0
18497,FALSE,0.27599358558654785
18508,FALSE,0.05522629991173744
18510,FALSE,0.007506271358579397
18517,FALSE,0.023823726922273636
18525,TRUE,0.7236870527267456
18538,FALSE,0.24104945361614227
18550,FALSE,0.013899914920330048
18552,FALSE,0.011076249182224274
18553,FALSE,0.007396594155579805
18556,FALSE,0.19933544099330902
18565,FALSE,0.012036790139973164
18566,FALSE,0.00854405201971531
18571,FALSE,0.01785287633538246
18572,FALSE,0.017840063199400902
18576,FALSE,0.045561373233795166
18578,FALSE,0.014878954738378525
18583,FALSE,0.028802620247006416
18585,FALSE,0.10955929011106491
18590,FALSE,0.32960641384124756
18592,FALSE,0.1711823046207428
18594,FALSE,0.008966396562755108
18595,FALSE,0
18604,FALSE,0.028115641325712204
18610,FALSE,0
18611,TRUE,0.6387426257133484
18615,FALSE,0
18616,FALSE,0
18617,FALSE,0
18620,FALSE,0
18625,TRUE,0.35285577178001404
18626,FALSE,0.053101588040590286
18629,FALSE,0.19577176868915558
18632,FALSE,0.008947412483394146
18636,FALSE,0.009464138187468052
18639,FALSE,0
18640,FALSE,0.006326152011752129
18644,FALSE,0.006313960533589125
18649,FALSE,0.004903348628431559
18651,FALSE,0.062278226017951965
18652,FALSE,0
18654,FALSE,0.1705564260482788
18658,FALSE,0.032634634524583817
18667,FALSE,0
18672,FALSE,0
18674,FALSE,0.16882777214050293
18681,FALSE,0
18692,FALSE,0.00856997910887003
18694,FALSE,0.02267533354461193
18696,FALSE,0.03189081698656082
18702,FALSE,0.021755993366241455
18705,FALSE,0.0250399112701416
18707,TRUE,0.5476329922676086
18717,FALSE,0
18732,FALSE,0
18736,FALSE,0
18742,FALSE,0
18747,FALSE,0.07048379629850388
18750,FALSE,0
18753,FALSE,0
18761,FALSE,0
18765,FALSE,0.007451264187693596
18769,FALSE,0
18771,FALSE,0
18772,TRUE,0.78162682056427
18773,FALSE,0
18776,TRUE,0.4126255512237549
18787,FALSE,0.019665755331516266
18789,FALSE,0.00442506605759263
18792,FALSE,0
18796,TRUE,0.4277428984642029
18797,FALSE,0.026215320453047752
18807,FALSE,0.019161008298397064
18814,FALSE,0
18829,FALSE,0
18839,FALSE,0.021711010485887527
18846,TRUE,0.7772967219352722
18850,FALSE,0
18855,FALSE,0
18856,FALSE,0
18869,FALSE,0.019188741222023964
18878,FALSE,0.05980748310685158
18890,FALSE,0.2317212074995041
18891,FALSE,0.06935723125934601
18894,FALSE,0
18904,FALSE,0
18906,FALSE,0.005967556498944759
18912,FALSE,0
18920,FALSE,0
18921,FALSE,0.12143925577402115
18924,FALSE,0.14288492500782013
18931,FALSE,0
18935,FALSE,0.010676971636712551
18938,FALSE,0
18940,FALSE,0.021941283717751503
18956,FALSE,0.033407606184482574
18963,FALSE,0
18965,FALSE,0
18979,FALSE,0.03514546900987625
18981,FALSE,0.004124422557651997
18983,FALSE,0.02097470685839653
18988,FALSE,0.1461721658706665
18994,FALSE,0.15169928967952728
18997,FALSE,0.016297126188874245
19009,FALSE,0
19013,FALSE,0.00584341399371624
19014,FALSE,0.18829628825187683
19020,FALSE,0.07232066988945007
19025,FALSE,0
19028,FALSE,0
19033,FALSE,0
19037,FALSE,0
19040,FALSE,0
19047,FALSE,0.0667218565940857
19050,FALSE,0
19063,FALSE,0
19083,FALSE,0
19089,FALSE,0
19092,FALSE,0
19094,FALSE,0
19099,FALSE,0
19102,FALSE,0
19104,FALSE,0
19105,FALSE,0
19110,FALSE,0
19114,FALSE,0
19132,FALSE,0.015212541446089745
19135,FALSE,0
19137,FALSE,0.056418418884277344
19142,FALSE,0
19143,FALSE,0
19147,FALSE,0
19156,FALSE,0
19159,FALSE,0
19161,FALSE,0
19166,FALSE,0
19167,TRUE,0.5955396890640259
19168,FALSE,0
19169,FALSE,0.009400828741490841
19170,FALSE,0
19188,FALSE,0.012753705494105816
19201,FALSE,0
19205,FALSE,0.23120470345020294
19206,FALSE,0
19221,FALSE,0
19226,FALSE,0
19244,FALSE,0.3340814709663391
19245,FALSE,0
19248,FALSE,0.1486469954252243
19253,FALSE,0.010175841860473156
19259,FALSE,0
19260,FALSE,0.007556501310318708
19261,FALSE,0.25653189420700073
19275,FALSE,0.010875985957682133
19279,FALSE,0
19280,FALSE,0
19285,FALSE,0
19292,FALSE,0
19294,FALSE,0
19299,FALSE,0.011172929778695107
19306,FALSE,0.15297721326351166
19307,FALSE,0
19308,FALSE,0
19319,FALSE,0.012813051231205463
19325,FALSE,0
19326,FALSE,0.0062004136852920055
19335,FALSE,0.07287116348743439
19346,FALSE,0
19355,TRUE,0.4391467869281769
19362,FALSE,0
19363,FALSE,0
19370,FALSE,0.0893111526966095
19375,FALSE,0
19379,FALSE,0
19382,FALSE,0.07539577782154083
19387,FALSE,0.006971809547394514
19394,FALSE,0
19399,FALSE,0
19403,FALSE,0
19415,FALSE,0.042202819138765335
19417,FALSE,0.01252425741404295
19419,FALSE,0
19424,FALSE,0
19425,FALSE,0
19427,FALSE,0.30614614486694336
19429,FALSE,0
19433,FALSE,0.06772536784410477
19441,FALSE,0.04561914876103401
19449,FALSE,0
19450,FALSE,0
19457,FALSE,0
19458,FALSE,0
19462,FALSE,0.2735574543476105
19467,FALSE,0
19469,FALSE,0
19472,FALSE,0
19485,FALSE,0
19486,FALSE,0
19488,FALSE,0
19491,FALSE,0
19492,FALSE,0.29470929503440857
19495,FALSE,0
19502,FALSE,0
19510,FALSE,0
19518,FALSE,0
19520,FALSE,0
19522,FALSE,0
19525,FALSE,0
19541,FALSE,0
19547,FALSE,0
19548,FALSE,0
19552,FALSE,0
19553,FALSE,0
19559,FALSE,0
19564,FALSE,0
19566,FALSE,0
19567,FALSE,0
19568,FALSE,0
19573,FALSE,0.004628525115549564
19575,FALSE,0
19583,FALSE,0
19584,FALSE,0
19587,FALSE,0
19588,FALSE,0
19596,FALSE,0
19597,FALSE,0.06272709369659424
19599,FALSE,0
19602,FALSE,0
19617,FALSE,0
19623,FALSE,0.011679918505251408
19635,FALSE,0
19636,FALSE,0
19637,FALSE,0
19641,FALSE,0
19654,FALSE,0
19660,FALSE,0
19664,FALSE,0
19673,FALSE,0
19676,FALSE,0
19679,FALSE,0
19682,FALSE,0
19686,FALSE,0.1116713136434555
19693,FALSE,0
19705,FALSE,0
19707,TRUE,0.5965210199356079
19711,FALSE,0
19715,FALSE,0
19716,FALSE,0
19722,FALSE,0
19725,FALSE,0
19727,FALSE,0
19728,FALSE,0
19731,FALSE,0
19732,FALSE,0.022573139518499374
19733,FALSE,0
19736,FALSE,0
19738,FALSE,0.11376091837882996
19747,FALSE,0
19751,FALSE,0
19756,FALSE,0
19757,FALSE,0.1465718299150467
19764,TRUE,0.41371941566467285
19774,FALSE,0.11564883589744568
19775,FALSE,0
19776,FALSE,0
19779,FALSE,0
19786,FALSE,0.158020481467247
19789,FALSE,0.0122487498447299
19790,FALSE,0
19792,FALSE,0.00801072083413601
19797,FALSE,0
19802,FALSE,0
19807,FALSE,0
19811,FALSE,0
19814,FALSE,0
19815,FALSE,0
19827,TRUE,0.6292985081672668
19832,FALSE,0
19833,FALSE,0
19836,FALSE,0.1630965918302536
19846,FALSE,0
19849,FALSE,0
19850,FALSE,0.010496017523109913
19857,FALSE,0
19860,FALSE,0
19865,FALSE,0
19868,FALSE,0
19876,FALSE,0
19880,FALSE,0.22713696956634521
19887,TRUE,0.44135168194770813
19890,FALSE,0
19918,FALSE,0
19923,FALSE,0
19927,FALSE,0
19931,FALSE,0.041342053562402725
19935,FALSE,0
19938,FALSE,0
19942,FALSE,0
19944,FALSE,0
19952,FALSE,0
19953,FALSE,0
19956,FALSE,0.01601482555270195
19958,TRUE,0.6198787093162537
19961,FALSE,0
19963,FALSE,0.13357661664485931
19970,FALSE,0
19973,FALSE,0.017781181260943413
19976,FALSE,0.20566149055957794
19977,FALSE,0
19981,FALSE,0
19984,FALSE,0
20008,FALSE,0
20010,FALSE,0.036365192383527756
20011,FALSE,0
20014,FALSE,0
20015,FALSE,0
20019,FALSE,0.2406454086303711
20034,FALSE,0
20036,FALSE,0
20039,FALSE,0
20047,FALSE,0.010699545033276081
20048,FALSE,0
20049,FALSE,0
20052,FALSE,0
20055,FALSE,0
20061,FALSE,0
20064,FALSE,0
20070,FALSE,0.03752264380455017
20073,FALSE,0
20075,FALSE,0.010625969618558884
20086,FALSE,0
20088,FALSE,0
20093,FALSE,0
20094,FALSE,0.0033382948022335768
20100,FALSE,0
20108,FALSE,0
20116,FALSE,0.05097576603293419
20118,FALSE,0
20122,FALSE,0
20131,FALSE,0.1801207959651947
20136,FALSE,0.006408161483705044
20142,FALSE,0.005139732733368874
20160,FALSE,0.002067834371700883
20162,FALSE,0
20170,FALSE,0.07809387147426605
20176,FALSE,0.21877187490463257
20181,FALSE,0
20196,FALSE,0
20202,FALSE,0
20206,TRUE,0.8482407927513123
20210,FALSE,0.2976580858230591
20213,FALSE,0
20218,FALSE,0
20219,FALSE,0.14892823994159698
20221,FALSE,0
20224,TRUE,0.653900146484375
20226,FALSE,0
20230,FALSE,0
20231,FALSE,0
20240,FALSE,0.2635606527328491
20245,FALSE,0
20248,FALSE,0
20260,FALSE,0
20261,FALSE,0.014390788041055202
20277,FALSE,0
20286,FALSE,0
20289,FALSE,0
20295,FALSE,0
20310,FALSE,0
20316,FALSE,0
20326,FALSE,0
20327,FALSE,0
20328,FALSE,0
20331,FALSE,0
20332,FALSE,0
20334,FALSE,0
20335,TRUE,0.49229520559310913
20336,FALSE,0
20339,FALSE,0
20342,FALSE,0
20345,FALSE,0
20347,FALSE,0
20353,FALSE,0
20361,FALSE,0
20363,TRUE,0.7825967669487
20365,FALSE,0
20366,FALSE,0
20373,FALSE,0.24466638267040253
20381,FALSE,0
20384,FALSE,0
20391,FALSE,0
20392,FALSE,0.05059756338596344
20397,FALSE,0
20399,TRUE,0.46786344051361084
20400,FALSE,0
20402,FALSE,0
20403,FALSE,0.036863237619400024
20410,TRUE,0.3889632523059845
20415,FALSE,0.006181715987622738
20416,FALSE,0.1357828825712204
20425,FALSE,0
20445,FALSE,0.03460824489593506
20458,FALSE,0
20459,FALSE,0
20470,FALSE,0.06272150576114655
20471,FALSE,0.01904933527112007
20474,FALSE,0
20478,FALSE,0
20480,FALSE,0.19840089976787567
20483,FALSE,0
20484,FALSE,0
20491,FALSE,0.05037643015384674
20492,FALSE,0
20499,FALSE,0.26831871271133423
20504,FALSE,0.007242775522172451
20505,TRUE,0.6338759660720825
20513,FALSE,0.2032770961523056
20526,FALSE,0.2899835407733917
20527,FALSE,0.023815959692001343
20533,FALSE,0
20552,FALSE,0
20563,FALSE,0.01986856386065483
20586,FALSE,0.03627770394086838
20594,FALSE,0.005473901052027941
20608,FALSE,0
20611,FALSE,0.12037015706300735
20615,FALSE,0
20618,FALSE,0
20621,FALSE,0.006502378266304731
20622,FALSE,0
20632,FALSE,0.06851449608802795
20634,FALSE,0.00226370501331985
20642,FALSE,0
20646,FALSE,0
20650,FALSE,0
20659,FALSE,0
20660,FALSE,0
20661,FALSE,0
20663,FALSE,0.043983668088912964
20668,FALSE,0.313786119222641
20669,FALSE,0.07835192233324051
20677,FALSE,0.0054089161567389965
20680,TRUE,0.6639301776885986
20691,FALSE,0
20692,FALSE,0.005235294345766306
20715,FALSE,0
20719,FALSE,0
20721,FALSE,0.004384232219308615
20725,FALSE,0.2128264307975769
20727,FALSE,0
20728,FALSE,0.05278533324599266
20736,FALSE,0
20737,FALSE,0.33663469552993774
20739,FALSE,0.030981285497546196
20752,TRUE,0.6433255672454834
20753,FALSE,0
20761,FALSE,0
20772,FALSE,0.19196376204490662
20775,FALSE,0
20776,FALSE,0.08250956982374191
20791,FALSE,0
20793,FALSE,0.11329814046621323
20801,FALSE,0.15605422854423523
20805,TRUE,0.39069315791130066
20828,FALSE,0
20835,FALSE,0.05045342817902565
20840,FALSE,0.00944533757865429
20843,FALSE,0.17807736992835999
20846,FALSE,0.03154616802930832
20849,FALSE,0
20850,FALSE,0.012354699894785881
20858,FALSE,0
20862,FALSE,0
20869,FALSE,0
20870,FALSE,0
20881,FALSE,0.00890227872878313
20886,FALSE,0.05624201521277428
20892,FALSE,0
20893,TRUE,0.7858131527900696
20898,TRUE,0.3606988191604614
20902,FALSE,0
20903,FALSE,0.09692784398794174
20905,FALSE,0.18674224615097046
20907,FALSE,0
20908,FALSE,0
20913,FALSE,0
20916,FALSE,0
20919,FALSE,0
20924,FALSE,0.019412493333220482
20933,FALSE,0
20934,FALSE,0
20936,FALSE,0
20947,FALSE,0.12752042710781097
20952,FALSE,0.1317426562309265
20955,FALSE,0.009837085381150246
20961,TRUE,0.840145468711853
20962,FALSE,0
20981,FALSE,0
20982,FALSE,0
20999,FALSE,0.04889923334121704
21005,FALSE,0.15928402543067932
21007,FALSE,0.006655544973909855
21012,FALSE,0.03672364726662636
21016,FALSE,0
21017,TRUE,0.8463162779808044
21025,FALSE,0.015082611702382565
21027,FALSE,0.0708361491560936
21028,FALSE,0
21029,FALSE,0.01305405143648386
21030,FALSE,0
21031,FALSE,0
21034,FALSE,0
21041,FALSE,0.007746764458715916
21044,FALSE,0
21048,FALSE,0
21051,FALSE,0
21054,FALSE,0.018113890662789345
21056,FALSE,0
21061,FALSE,0
21072,FALSE,0
21073,FALSE,0
21082,FALSE,0
21083,FALSE,0
21084,FALSE,0
21091,FALSE,0
21115,TRUE,0.4343346953392029
21120,FALSE,0.09414544701576233
21124,TRUE,0.5141984820365906
21128,FALSE,0
21140,TRUE,0.5134266018867493
21145,FALSE,0.16094180941581726
21147,FALSE,0.0701431855559349
21149,FALSE,0
21150,FALSE,0
21156,TRUE,0.5283665060997009
21158,TRUE,0.6409294605255127
21161,FALSE,0
21175,FALSE,0
21197,FALSE,0.10071447491645813
21203,FALSE,0.13015227019786835
21207,FALSE,0.1659492552280426
21210,FALSE,0.07531571388244629
21212,TRUE,0.8082119226455688
21221,FALSE,0
21230,FALSE,0
21232,FALSE,0.08917020261287689
21233,FALSE,0.06046682596206665
21237,FALSE,0
21238,FALSE,0.03004494681954384
21246,FALSE,0
21258,FALSE,0
21260,FALSE,0.03581412881612778
21261,FALSE,0
21265,FALSE,0.033514220267534256
21272,FALSE,0.23544517159461975
21285,FALSE,0
21286,FALSE,0.16494537889957428
21288,FALSE,0
21294,TRUE,0.3500382900238037
21298,FALSE,0
21301,FALSE,0
21303,FALSE,0
21330,TRUE,0.5463117957115173
21333,FALSE,0
21337,FALSE,0
21340,FALSE,0.03922136127948761
21342,FALSE,0.018257465213537216
21348,TRUE,0.6203877925872803
21349,FALSE,0
21352,FALSE,0
21362,FALSE,0
21367,TRUE,0.35392746329307556
21374,FALSE,0.2452772706747055
21375,FALSE,0
21382,FALSE,0.24121175706386566
21385,TRUE,0.7750113606452942
21391,FALSE,0.03225963935256004
21393,FALSE,0
21395,TRUE,0.6971292495727539
21406,FALSE,0.3236607015132904
21414,TRUE,0.8766239285469055
21419,FALSE,0.038787852972745895
21420,FALSE,0
21431,TRUE,0.6766932606697083
21433,FALSE,0.14185312390327454
21439,FALSE,0.07922820001840591
21442,FALSE,0
21447,FALSE,0.04273352771997452
21448,FALSE,0.02371399477124214
21452,TRUE,0.7531580924987793
21454,FALSE,0
21460,FALSE,0.06264079362154007
21476,FALSE,0
21477,TRUE,0.6440497040748596
21479,FALSE,0.020911553874611855
21489,FALSE,0.014310801401734352
21500,FALSE,0.06732118874788284
21502,TRUE,0.40674588084220886
21506,FALSE,0
21517,FALSE,0
21521,TRUE,0.42718562483787537
21522,FALSE,0.053391408175230026
21526,FALSE,0
21536,TRUE,0.7098458409309387
21542,FALSE,0
21549,FALSE,0.05186264216899872
21551,FALSE,0.10547575354576111
21558,FALSE,0.31738483905792236
21564,FALSE,0.02409682236611843
21570,FALSE,0
21575,FALSE,0
21583,FALSE,0
21585,FALSE,0.13616499304771423
21586,FALSE,0.1850181668996811
21595,FALSE,0
21598,FALSE,0.020541688427329063
21603,FALSE,0
21607,FALSE,0.0075263152830302715
21612,FALSE,0.008941968902945518
21620,FALSE,0.11617648601531982
21622,FALSE,0.04638834297657013
21624,FALSE,0
21632,FALSE,0.08394088596105576
21646,FALSE,0.07417473196983337
21651,FALSE,0
21661,FALSE,0.17078644037246704
21663,FALSE,0.056625790894031525
21667,FALSE,0.028049388900399208
21677,FALSE,0.010159429162740707
21683,FALSE,0
21690,FALSE,0
21701,FALSE,0
21714,FALSE,0.09885658323764801
21733,TRUE,0.6247427463531494
21737,FALSE,0
21741,FALSE,0
21749,FALSE,0
21750,TRUE,0.4329512119293213
21759,FALSE,0.024689026176929474
21767,FALSE,0
21776,FALSE,0.019417837262153625
21778,FALSE,0.18754298985004425
21801,FALSE,0
21804,FALSE,0
21808,FALSE,0.019326698035001755
21819,FALSE,0
21824,FALSE,0.19975461065769196
21825,FALSE,0
21826,FALSE,0
21827,FALSE,0
21834,FALSE,0.03798994794487953
21840,FALSE,0.10978072881698608
21842,FALSE,0
21843,FALSE,0
21849,FALSE,0.08908172696828842
21850,FALSE,0
21851,FALSE,0
21854,FALSE,0.06851459294557571
21859,FALSE,0
21863,FALSE,0.04467180371284485
21865,FALSE,0
21868,FALSE,0
21876,FALSE,0.10685278475284576
21878,FALSE,0
21884,FALSE,0
21890,FALSE,0.031405456364154816
21895,FALSE,0.016154691576957703
21907,FALSE,0
21911,FALSE,0
21912,FALSE,0
21916,FALSE,0.07257556915283203
21918,FALSE,0
21920,FALSE,0.07167308777570724
21921,FALSE,0
21922,TRUE,0.3463825583457947
21926,FALSE,0.029387902468442917
21929,FALSE,0.3335546851158142
21946,FALSE,0.1439492255449295
21953,TRUE,0.8535770773887634
21956,FALSE,0.22153376042842865
21959,FALSE,0.03338559344410896
21961,TRUE,0.5562259554862976
21963,FALSE,0
21968,FALSE,0
21969,FALSE,0
21972,TRUE,0.7351409196853638
21988,FALSE,0.12515869736671448
21990,FALSE,0
21995,TRUE,0.7722527384757996
21996,TRUE,0.6446719169616699
21998,TRUE,0.5337349772453308
22004,FALSE,0
22008,FALSE,0
22017,FALSE,0
22022,FALSE,0
22024,FALSE,0
22025,FALSE,0.1432628482580185
22032,FALSE,0.022411976009607315
22033,FALSE,0.29203155636787415
22038,FALSE,0
22050,FALSE,0.07174619287252426
22071,FALSE,0.06897187978029251
22076,FALSE,0
22084,TRUE,0.7824879884719849
22087,FALSE,0.1551603525876999
22095,FALSE,0.22893954813480377
22102,FALSE,0
22111,FALSE,0.04679522663354874
22113,FALSE,0.13159677386283875
22114,FALSE,0.09689886122941971
22116,TRUE,0.8904701471328735
22118,FALSE,0.05371054261922836
22123,FALSE,0.2041289210319519
22126,TRUE,0.8794584274291992
22133,FALSE,0
22139,TRUE,0.8620659708976746
22144,FALSE,0
22151,FALSE,0.18584351241588593
22153,FALSE,0
22154,TRUE,0.7001952528953552
22159,FALSE,0
22170,TRUE,0.7892512083053589
22178,FALSE,0.08265461027622223
22179,FALSE,0.06096411123871803
22186,FALSE,0
22188,FALSE,0.08036939799785614
22190,FALSE,0.19324462115764618
22194,FALSE,0.19506815075874329
22197,FALSE,0.1578689068555832
22205,FALSE,0
22206,FALSE,0.022851383313536644
22210,FALSE,0.043353769928216934
22216,FALSE,0.026544375345110893
22217,FALSE,0.01709713228046894
22225,FALSE,0
22229,FALSE,0.03474697843194008
22237,FALSE,0.04264914616942406
22240,FALSE,0
22244,FALSE,0
22247,FALSE,0
22252,FALSE,0.040837161242961884
22256,FALSE,0.19006967544555664
22283,FALSE,0
22286,FALSE,0
22297,FALSE,0
22303,FALSE,0
22306,FALSE,0
22310,FALSE,0.30166733264923096
22316,FALSE,0
22319,TRUE,0.679304301738739
22322,FALSE,0
22323,FALSE,0
22329,FALSE,0
22330,FALSE,0
22331,FALSE,0.04250473529100418
22333,TRUE,0.47671353816986084
22335,FALSE,0
22336,TRUE,0.6938620805740356
22342,FALSE,0.03430298715829849
22347,FALSE,0
22350,FALSE,0
22351,TRUE,0.3826688826084137
22354,FALSE,0
22356,FALSE,0.028285181149840355
22362,FALSE,0.01933642476797104
22365,FALSE,0
22366,FALSE,0
22371,FALSE,0.03473655879497528
22376,FALSE,0.21779093146324158
22389,TRUE,0.3593563735485077
22391,FALSE,0.04387969151139259
22394,FALSE,0.04591594636440277
22396,FALSE,0
22399,FALSE,0.012517093680799007
22407,FALSE,0
22416,FALSE,0
22418,FALSE,0
22421,TRUE,0.7519530653953552
22425,TRUE,0.5388602614402771
22438,FALSE,0
22439,FALSE,0.010046922601759434
22447,FALSE,0.076011553406715393
22448,FALSE,0
22449,FALSE,0
22457,FALSE,0
22460,FALSE,0.03489775210618973
22461,FALSE,0
22482,FALSE,0.013466926291584969
22486,FALSE,0
22491,FALSE,0
22492,FALSE,0.01725674606859684
22507,TRUE,0.82831871509552
22509,FALSE,0
22516,FALSE,0.014523433521389961
22518,FALSE,0
22520,FALSE,0.023800859227776527
22527,FALSE,0.014964831061661243
22532,FALSE,0
22537,FALSE,0
22539,FALSE,0.01566370762884617
22540,FALSE,0.01540214754641056
22544,FALSE,0
22549,FALSE,0
22551,FALSE,0
22553,FALSE,0.023172369226813316
22560,FALSE,0
22566,TRUE,0.4789423942565918
22570,TRUE,0.603596568107605
22572,FALSE,0.021312450990080833
22573,TRUE,0.49260708689689636
22574,FALSE,0.026661258190870285
22586,FALSE,0
22589,FALSE,0.02830597385764122
22592,FALSE,0
22596,FALSE,0
22603,FALSE,0.18892242014408112
22615,TRUE,0.716453492641449
22627,FALSE,0
22628,TRUE,0.6432684659957886
22632,FALSE,0
22634,FALSE,0.026246804744005203
22639,FALSE,0
22646,TRUE,0.35092276334762573
22650,FALSE,0
22652,FALSE,0
22665,FALSE,0
22666,FALSE,0
22672,FALSE,0.08317072689533234
22673,FALSE,0
22690,TRUE,0.535567045211792
22692,FALSE,0.04754495993256569
22695,FALSE,0
22698,FALSE,0
22702,FALSE,0
22704,FALSE,0
22709,FALSE,0.23538169264793396
22735,FALSE,0.03292454034090042
22736,FALSE,0.0471649207174778
22747,FALSE,0
22750,FALSE,0.07680406421422958
22752,FALSE,0
22753,FALSE,0
22767,FALSE,0.11646861582994461
22773,FALSE,0.03395071253180504
22777,FALSE,0
22787,FALSE,0.01574547216296196
22791,FALSE,0
22792,FALSE,0
22798,FALSE,0.08492866158485413
22799,TRUE,0.4543459713459015
22800,FALSE,0
22814,FALSE,0
22817,TRUE,0.6660559177398682
22820,TRUE,0.6954427361488342
22824,FALSE,0
22826,FALSE,0
22834,FALSE,0.02052132785320282
22835,TRUE,0.4168197214603424
22836,FALSE,0
22847,FALSE,0.33986717462539673
22848,FALSE,0
22850,FALSE,0
22857,FALSE,0
22863,FALSE,0
22867,FALSE,0
22871,TRUE,0.5578016638755798
22877,FALSE,0
22879,FALSE,0
22896,FALSE,0.020432598888874054
22898,FALSE,0.10127755254507065
22903,FALSE,0
22905,FALSE,0
22912,FALSE,0.1682102233171463
22914,FALSE,0
22916,TRUE,0.7199162244796753
22931,FALSE,0.07735872268676758
22932,FALSE,0
22933,FALSE,0
22935,TRUE,0.6244718432426453
22936,FALSE,0.060927215963602066
22937,FALSE,0
22938,TRUE,0.7253554463386536
22939,FALSE,0
22940,FALSE,0.03147217631340027
22941,TRUE,0.4762685298919678
22942,FALSE,0.1651928722858429
22946,FALSE,0.192635178565979
22960,FALSE,0
22965,FALSE,0
22971,FALSE,0.1303500533103943
22979,FALSE,0
22986,FALSE,0.01854950748383999
22987,FALSE,0
22988,TRUE,0.569438636302948
22994,FALSE,0.03524353355169296
22995,FALSE,0
23003,FALSE,0
23012,FALSE,0.10121322423219681
23016,FALSE,0
23019,FALSE,0
23026,FALSE,0
23030,FALSE,0
23031,FALSE,0.01505263615399599
23036,FALSE,0
23037,FALSE,0
23038,FALSE,0
23043,TRUE,0.447799950838089
23047,FALSE,0
23053,FALSE,0
23060,FALSE,0.2870463728904724
23061,FALSE,0
23068,FALSE,0.022887546569108963
23079,TRUE,0.3768702745437622
23080,TRUE,0.3989703953266144
23086,FALSE,0.014325607568025589
23092,FALSE,0
23094,TRUE,0.4321545362472534
23098,FALSE,0
23104,FALSE,0.020826920866966248
23108,TRUE,0.3703053295612335
23112,FALSE,0
23119,FALSE,0
23124,TRUE,0.3978669047355652
23133,FALSE,0
23134,TRUE,0.6820346117019653
23135,FALSE,0
23137,FALSE,0.027485471218824387
23144,FALSE,0
23145,TRUE,0.7092599868774414
23152,FALSE,0.27147629857063293
23164,FALSE,0.20512017607688904
23168,FALSE,0
23173,FALSE,0
23179,FALSE,0
23195,FALSE,0
23200,TRUE,0.6586130261421204
23209,FALSE,0.029301322996616364
23210,FALSE,0
23214,FALSE,0
23222,FALSE,0.12384720146656036
23226,TRUE,0.7107712626457214
23228,FALSE,0
23236,FALSE,0
23244,FALSE,0.015329399146139622
23246,TRUE,0.47370976209640503
23258,FALSE,0
23259,FALSE,0
23265,FALSE,0.0335850790143013
23267,TRUE,0.6140053272247314
23273,FALSE,0
23277,FALSE,0
23278,TRUE,0.5094601511955261
23280,FALSE,0.022196028381586075
23281,FALSE,0
23285,FALSE,0.1238463819026947
23286,FALSE,0
23291,FALSE,0
23294,TRUE,0.5074731111526489
23295,FALSE,0.02161647193133831
23298,FALSE,0
23310,FALSE,0
23318,FALSE,0
23325,FALSE,0
23328,FALSE,0.07870229333639145
23334,FALSE,0.08734799176454544
23335,FALSE,0
23336,FALSE,0
23337,FALSE,0
23344,FALSE,0.05984346568584442
23346,FALSE,0
23347,FALSE,0.03685874119400978
23360,FALSE,0.022859251126646996
23368,FALSE,0
23371,TRUE,0.40329885482788086
23372,FALSE,0.036948248744010925
23381,FALSE,0
23392,FALSE,0
23397,FALSE,0.11482163518667221
23398,FALSE,0.06509049981832504
23404,FALSE,0
23405,FALSE,0
23407,TRUE,0.5979681611061096
23413,FALSE,0
23418,FALSE,0
23419,FALSE,0
23420,FALSE,0
23421,FALSE,0
23424,TRUE,0.5623579621315002
23425,TRUE,0.9352889060974121
23429,FALSE,0
23430,FALSE,0.032371144741773605
23435,TRUE,0.5252357721328735
23442,FALSE,0
23449,TRUE,0.547633171081543
23450,TRUE,0.35057178139686584
23451,FALSE,0
23452,FALSE,0
23455,TRUE,0.34921661019325256
23465,FALSE,0.023716935887932777
23474,FALSE,0
23489,FALSE,0
23492,FALSE,0.03870832920074463
23497,TRUE,0.36217209696769714
23501,FALSE,0.08227356523275375
23502,FALSE,0.09164565056562424
23506,FALSE,0
23508,FALSE,0
23512,FALSE,0
23517,FALSE,0.09551319479942322
23531,FALSE,0.010815626941621304
23532,FALSE,0
23542,FALSE,0
23551,TRUE,0.7363513708114624
23554,FALSE,0
23557,TRUE,0.9239943027496338
23575,FALSE,0.006697991397231817
23577,FALSE,0.010275355540215969
23584,FALSE,0
23593,FALSE,0
23597,FALSE,0.06406088918447495
23598,FALSE,0.011580424383282661
23601,FALSE,0.025166649371385574
23602,FALSE,0.008875641040503979
23607,FALSE,0
23613,FALSE,0.06599602848291397
23624,TRUE,0.7229110598564148
23631,TRUE,0.827392578125
23639,TRUE,0.7580592632293701
23642,FALSE,0.01172908116132021
23646,FALSE,0
23666,FALSE,0.040860824286937714
23671,FALSE,0.050134800374507904
23680,FALSE,0
23682,FALSE,0
23689,FALSE,0.06328778713941574
23697,FALSE,0.039745885878801346
23713,FALSE,0
23717,FALSE,0.3195566236972809
23732,FALSE,0
23740,FALSE,0
23741,FALSE,0
23745,FALSE,0
23756,FALSE,0.015171833336353302
23759,FALSE,0.06819584965705872
23760,FALSE,0.05338341370224953
23766,TRUE,0.46327319741249084
23767,FALSE,0
23770,FALSE,0.013539744541049004
23772,FALSE,0.2844591736793518
23778,FALSE,0
23779,TRUE,0.6637530326843262
23782,FALSE,0
23786,FALSE,0.0045752255246043205
23789,FALSE,0
23794,FALSE,0
23797,FALSE,0.03605443984270096
23803,FALSE,0.03659926727414131
23809,FALSE,0
23815,FALSE,0
23818,FALSE,0.016539163887500763
23830,FALSE,0
23831,FALSE,0.1962287724018097
23834,FALSE,0.0451839417219162
23835,FALSE,0
23840,FALSE,0.02139662578701973
23855,FALSE,0
23860,FALSE,0.20775249600410461
23863,FALSE,0.07505578547716141
23864,FALSE,0
23867,FALSE,0
23869,FALSE,0.18030978739261627
23871,FALSE,0.3123231530189514
23880,FALSE,0.016118723899126053
23881,FALSE,0
23889,FALSE,0.04290694370865822
23890,TRUE,0.5062552094459534
23891,FALSE,0.019551273435354233
23899,FALSE,0.019449476152658463
23904,FALSE,0
23920,FALSE,0.026569312438368797
23943,FALSE,0.06661791354417801
23946,FALSE,0
23948,FALSE,0
23956,FALSE,0.13092002272605896
23957,FALSE,0
23986,FALSE,0.05437422916293144
23989,FALSE,0.16639980673789978
23990,FALSE,0.015915485098958015
23991,TRUE,0.34488821029663086
23998,FALSE,0
24004,FALSE,0
24005,FALSE,0
24025,FALSE,0
24026,FALSE,0
24031,FALSE,0
24033,FALSE,0
24035,FALSE,0.12124580144882202
24037,FALSE,0
24047,FALSE,0
24050,FALSE,0
24051,FALSE,0
24052,FALSE,0
24056,FALSE,0
24059,FALSE,0
24068,FALSE,0
24070,TRUE,0.7890872359275818
24072,FALSE,0
24078,FALSE,0.19457586109638214
24079,TRUE,0.36025598645210266
24082,FALSE,0
24086,FALSE,0
24088,FALSE,0
24089,FALSE,0
24090,FALSE,0.04026117920875549
24105,FALSE,0
24109,FALSE,0
24110,FALSE,0
24116,FALSE,0.0987551286816597
24119,FALSE,0.07049664109945297
24120,FALSE,0.11144984513521194
24122,FALSE,0
24127,FALSE,0
24130,TRUE,0.4514007568359375
24135,FALSE,0
24163,FALSE,0
24164,FALSE,0
24166,FALSE,0
24171,FALSE,0.05864354223012924
24175,FALSE,0.039857931435108185
24182,FALSE,0.3398946225643158
24183,FALSE,0
24185,FALSE,0
24188,FALSE,0
24199,FALSE,0
24200,TRUE,0.813217043876648
24201,TRUE,0.8558281064033508
24215,FALSE,0.218228280544281
24225,FALSE,0
24233,TRUE,0.5836933255195618
24235,FALSE,0
24239,TRUE,0.34999117255210876
24240,FALSE,0
24242,FALSE,0
24255,FALSE,0
24260,FALSE,0
24261,TRUE,0.5175371766090393
24262,FALSE,0.05129188299179077
24275,FALSE,0.016911163926124573
24277,FALSE,0
24285,FALSE,0
24286,TRUE,0.5067399740219116
24287,TRUE,0.39455607533454895
24288,FALSE,0.1634742170572281
24294,TRUE,0.9659628868103027
24295,FALSE,0
24298,FALSE,0
24303,TRUE,0.7209538221359253
24304,FALSE,0
24307,FALSE,0
24313,FALSE,0
24314,TRUE,0.5130414366722107
24319,FALSE,0
24321,FALSE,0
24328,FALSE,0
24333,FALSE,0.043857112526893616
24335,TRUE,0.3592396080493927
24339,FALSE,0
24340,FALSE,0
24341,FALSE,0
24347,FALSE,0
24349,FALSE,0
24350,FALSE,0
24357,FALSE,0
24361,TRUE,0.8385227918624878
24362,TRUE,0.35666826367378235
24365,FALSE,0
24372,FALSE,0
24375,FALSE,0
24377,FALSE,0
24380,FALSE,0
24388,FALSE,0
24397,FALSE,0
24398,FALSE,0.09565428644418716
24409,FALSE,0
24413,FALSE,0.09431391954421997
24422,FALSE,0.016947437077760696
24435,FALSE,0
24440,FALSE,0
24442,TRUE,0.7416177988052368
24445,FALSE,0
24453,FALSE,0
24456,TRUE,0.715049147605896
24460,FALSE,0
24480,FALSE,0.16361837089061737
24482,FALSE,0
24484,FALSE,0
24494,FALSE,0
24499,FALSE,0
24500,FALSE,0.0522172637283802
24501,FALSE,0
24503,FALSE,0
24508,TRUE,0.6094679832458496
24520,FALSE,0
24526,FALSE,0
24528,FALSE,0
24539,TRUE,0.41459816694259644
24540,FALSE,0
24544,FALSE,0
24549,FALSE,0.17476631700992584
24550,FALSE,0
24551,TRUE,0.8957928419113159
24555,FALSE,0.1329766809940338
24559,FALSE,0
24566,FALSE,0
24568,FALSE,0
24572,FALSE,0
24575,FALSE,0
24578,FALSE,0
24587,FALSE,0
24591,FALSE,0.20772503316402435
24598,TRUE,0.42227253317832947
24600,FALSE,0
24614,FALSE,0
24621,FALSE,0
24625,FALSE,0.022397443652153015
24626,FALSE,0
24631,TRUE,0.7729029059410095
24632,FALSE,0
24635,FALSE,0
24636,FALSE,0
24645,FALSE,0
24646,FALSE,0
24657,FALSE,0.2216089814901352
24663,FALSE,0
24664,FALSE,0
24666,FALSE,0
24667,FALSE,0
24671,FALSE,0
24680,FALSE,0
24682,FALSE,0
24683,FALSE,0
24689,FALSE,0
24690,FALSE,0
24692,FALSE,0
24694,TRUE,0.719335675239563
24696,FALSE,0
24700,FALSE,0.009990081191062927
24712,TRUE,0.8799976110458374
24716,TRUE,0.6657752394676208
24719,FALSE,0
24720,FALSE,0
24745,TRUE,0.6398125290870667
24750,FALSE,0
24755,TRUE,0.43493402004241943
24767,FALSE,0
24776,TRUE,0.5123314261436462
24782,FALSE,0
24788,FALSE,0.1340869516134262
24794,FALSE,0.05163934826850891
24795,TRUE,0.5457296371459961
24805,FALSE,0
24812,FALSE,0
24815,FALSE,0
24828,FALSE,0
24832,FALSE,0
24838,FALSE,0
24847,FALSE,0.008235514163970947
24854,FALSE,0
24859,FALSE,0
24915,FALSE,0
24942,FALSE,0
24946,FALSE,0
24947,TRUE,0.41298481822013855
24956,FALSE,0.04732168838381767
24963,TRUE,0.6016477942466736
24973,FALSE,0
24976,FALSE,0
24977,FALSE,0.10142379254102707
24984,TRUE,0.5520276427268982
24994,TRUE,0.8680410385131836
25006,TRUE,0.6929437518119812
25010,FALSE,0
25019,FALSE,0
25025,TRUE,0.7570972442626953
25033,FALSE,0
25034,FALSE,0
25036,FALSE,0
25040,FALSE,0.12995095551013947
25044,FALSE,0
25045,FALSE,0
25048,FALSE,0
25056,FALSE,0
25060,FALSE,0
25065,FALSE,0.02993430197238922
25071,FALSE,0
25085,FALSE,0
25089,FALSE,0
25090,TRUE,0.5852707624435425
25092,FALSE,0
25101,FALSE,0
25103,FALSE,0
25104,FALSE,0
25109,FALSE,0
25111,FALSE,0
25123,FALSE,0.00536626810207963
25138,FALSE,0
25142,FALSE,0.05907518416643143
25146,FALSE,0
25148,FALSE,0
25153,FALSE,0.02568875253200531
25171,FALSE,0
25182,FALSE,0
25187,FALSE,0
25190,FALSE,0
25194,FALSE,0
25198,FALSE,0
25209,FALSE,0.21158677339553833
25217,TRUE,0.8576611876487732
25224,TRUE,0.6586295962333679
25230,FALSE,0.031893420964479446
25235,TRUE,0.36836180090904236
25237,FALSE,0
25238,FALSE,0
25243,FALSE,0.03252054750919342
25246,FALSE,0
25248,FALSE,0.01474394928663969
25254,FALSE,0.012450486421585083
25265,FALSE,0.16070979833602905
25266,FALSE,0
25272,FALSE,0.0576951690018177
25276,FALSE,0
25283,FALSE,0
25285,TRUE,0.9001432657241821
25288,FALSE,0.03831421583890915
25290,TRUE,0.6747791767120361
25304,FALSE,0.025166822597384453
25306,TRUE,0.35666200518608093
25315,FALSE,0
25316,FALSE,0
25318,FALSE,0
25329,TRUE,0.3547531068325043
25330,FALSE,0.18413521349430084
25336,FALSE,0.1343533992767334
25344,FALSE,0
25345,FALSE,0.03277113661170006
25347,FALSE,0
25348,TRUE,0.9246705174446106
25349,FALSE,0
25352,FALSE,0
25353,FALSE,0
25357,FALSE,0
25369,FALSE,0
25376,FALSE,0
25378,FALSE,0.014331640675663948
25387,FALSE,0.029225138947367668
25389,FALSE,0
25394,FALSE,0.05683203041553497
25397,FALSE,0
25409,TRUE,0.9288293719291687
25420,FALSE,0.11026734858751297
25423,FALSE,0.1923569291830063
25427,FALSE,0.009645811282098293
25439,FALSE,0
25440,FALSE,0
25444,FALSE,0.016315650194883347
25446,FALSE,0.08852429687976837
25447,FALSE,0.02237752452492714
25448,FALSE,0
25449,FALSE,0.22782322764396667
25452,FALSE,0.028199998661875725
25456,FALSE,0.17591208219528198
25460,FALSE,0
25475,TRUE,0.54179847240448
25477,FALSE,0.012489071115851402
25479,FALSE,0
25483,TRUE,0.6634466648101807
25484,FALSE,0.3033258318901062
25489,TRUE,0.7454914450645447
25494,FALSE,0
25496,FALSE,0
25502,FALSE,0
25510,FALSE,0.03206741064786911
25516,FALSE,0.08599682152271271
25517,FALSE,0.022336196154356003
25518,FALSE,0.012166421860456467
25521,FALSE,0.048785291612148285
25525,FALSE,0.010718454606831074
25528,FALSE,0.04561718553304672
25529,FALSE,0.06860603392124176
25531,FALSE,0.010634981095790863
25532,FALSE,0.11861058324575424
25539,FALSE,0.08033454418182373
25541,FALSE,0
25545,FALSE,0.06878585368394852
25547,FALSE,0.2969398498535156
25550,FALSE,0
25561,FALSE,0.009311635978519917
25564,FALSE,0.010090915486216545
25575,FALSE,0.014649985358119011
25576,TRUE,0.9103082418441772
25577,FALSE,0
25578,FALSE,0.15274415910243988
25586,FALSE,0.13606640696525574
25596,TRUE,0.35802727937698364
25608,FALSE,0
25611,FALSE,0.04243728145956993
25615,FALSE,0.15104492008686066
25619,TRUE,0.5505944490432739
25621,FALSE,0.023806516081094742
25623,FALSE,0.01074722595512867
25627,FALSE,0.08892650157213211
25634,FALSE,0
25649,FALSE,0.07243326306343079
25659,TRUE,0.687379002571106
25661,FALSE,0
25667,TRUE,0.4968850314617157
25675,FALSE,0
25685,FALSE,0.16893364489078522
25688,FALSE,0.161370187997818
25706,FALSE,0
25710,TRUE,0.6375572085380554
25716,FALSE,0.025616556406021118
25720,FALSE,0.02103903517127037
25723,TRUE,0.42038118839263916
25734,FALSE,0.008373137563467026
25740,FALSE,0
25745,TRUE,0.45948484539985657
25751,FALSE,0
25753,FALSE,0.015356910414993763
25759,TRUE,0.44930773973464966
25761,FALSE,0
25769,FALSE,0.27000167965888977
25770,FALSE,0.03324175253510475
25776,FALSE,0
25778,FALSE,0.27116116881370544
25782,FALSE,0.013758977875113487
25784,TRUE,0.6493497490882874
25790,FALSE,0.11897214502096176
25792,FALSE,0.028656290844082832
25793,TRUE,0.7035924196243286
25811,FALSE,0.012364472262561321
25812,FALSE,0.30578213930130005
25823,FALSE,0.19428633153438568
25832,FALSE,0.01935700699687004
25837,TRUE,0.5460429191589355
25838,FALSE,0.26308417320251465
25849,FALSE,0
25857,FALSE,0.14114923775196075
25859,FALSE,0
25864,FALSE,0
25867,FALSE,0.08025764673948288
25870,FALSE,0.025232255458831787
25871,FALSE,0
25872,FALSE,0.041652731597423553
25873,FALSE,0
25876,FALSE,0.13444028794765472
25881,FALSE,0
25882,FALSE,0
25886,FALSE,0.09872713685035706
25899,FALSE,0
25900,FALSE,0.10129152238368988
25908,FALSE,0.046416256576776505
25914,FALSE,0.19422829151153564
25915,FALSE,0.07049746811389923
25933,FALSE,0
25941,FALSE,0.01444115862250328
25959,FALSE,0.032127272337675095
25961,FALSE,0.28690654039382935
25965,TRUE,0.5959866642951965
25968,FALSE,0.0472477488219738
25969,FALSE,0.06594957411289215
25974,FALSE,0.01915431022644043
25980,FALSE,0.21286539733409882
25985,TRUE,0.440317839384079
25990,FALSE,0.08729636669158936
25991,TRUE,0.48468488454818726
25999,TRUE,0.5643571019172668
26013,FALSE,0.14697258174419403
26015,TRUE,0.6775696277618408
26023,FALSE,0
26025,FALSE,0.23295274376869202
26032,FALSE,0
26035,TRUE,0.46857401728630066
26036,FALSE,0
26040,FALSE,0.008888443931937218
26055,FALSE,0.006190469488501549
26059,FALSE,0
26062,FALSE,0.00801925454288721
26067,FALSE,0
26069,FALSE,0.015840252861380577
26072,FALSE,0
26078,TRUE,0.4433094263076782
26082,FALSE,0.28908011317253113
26083,FALSE,0.02132115140557289
26084,FALSE,0.17964337766170502
26088,FALSE,0
26093,TRUE,0.4740884304046631
26100,TRUE,0.8882226347923279
26106,TRUE,0.7497537136077881
26112,FALSE,0.10238343477249146
26115,FALSE,0.011287828907370567
26118,FALSE,0
26119,FALSE,0.1381734162569046
26121,FALSE,0.20021411776542664
26122,FALSE,0
26123,FALSE,0
26130,FALSE,0.13840734958648682
26135,FALSE,0.016981543973088264
26136,FALSE,0.15936920046806335
26137,FALSE,0.017086943611502647
26150,FALSE,0.06005600839853287
26157,FALSE,0.009159897454082966
26162,TRUE,0.5752599239349365
26163,TRUE,0.3495330214500427
26172,FALSE,0.11626805365085602
26175,FALSE,0.11944787204265594
26177,FALSE,0
26184,FALSE,0.007884729653596878
26189,FALSE,0
26191,FALSE,0
26192,FALSE,0.23712173104286194
26194,TRUE,0.3525976240634918
26196,FALSE,0.05802813917398453
26202,FALSE,0.012031534686684608
26206,FALSE,0
26208,FALSE,0.013972984626889229
26209,FALSE,0
26213,FALSE,0.06909498572349548
26214,FALSE,0.15913566946983337
26217,FALSE,0.07084108889102936
26224,FALSE,0
26226,FALSE,0.05797687917947769
26227,FALSE,0.037323497235774994
26228,FALSE,0
26231,TRUE,0.5511608123779297
26232,FALSE,0
26234,FALSE,0.0065634530037641525
26235,FALSE,0
26237,FALSE,0
26241,FALSE,0
26243,FALSE,0
26252,FALSE,0
26257,FALSE,0.1947644203901291
26271,FALSE,0
26278,FALSE,0.031361065804958344
26283,FALSE,0
26284,FALSE,0.009117064997553825
26289,FALSE,0
26296,FALSE,0.20701253414154053
26298,FALSE,0.04316006228327751
26300,FALSE,0.14534160494804382
26314,FALSE,0.01468825712800026
26315,FALSE,0.02864258363842964
26330,FALSE,0.06222270429134369
26335,FALSE,0.04763108119368553
26338,FALSE,0
26342,FALSE,0.023922933265566826
26360,FALSE,0
26364,FALSE,0.3308255076408386
26365,FALSE,0
26367,TRUE,0.7993793487548828
26368,FALSE,0.00660954462364316
26369,TRUE,0.5402737259864807
26373,FALSE,0.013812215998768806
26381,FALSE,0.08554405719041824
26391,FALSE,0.03339221701025963
26397,TRUE,0.5417016744613647
26399,FALSE,0.01520572043955326
26402,FALSE,0
26405,FALSE,0.17906418442726135
26406,FALSE,0.010163016617298126
26408,FALSE,0.06069910153746605
26412,FALSE,0.06918078660964966
26421,FALSE,0.15005213022232056
26431,FALSE,0
26444,FALSE,0.019075924530625343
26449,FALSE,0.18579374253749847
26451,FALSE,0.008570441044867039
26452,FALSE,0.1522151380777359
26453,FALSE,0.07898665964603424
26460,FALSE,0.06941499561071396
26464,TRUE,0.48568329215049744
26472,FALSE,0.009149041026830673
26473,FALSE,0.008861105889081955
26482,FALSE,0.010209724307060242
26493,FALSE,0
26500,FALSE,0
26512,FALSE,0.15989936888217926
26513,FALSE,0
26517,FALSE,0
26519,TRUE,0.8640854358673096
26520,FALSE,0.008078687824308872
26525,FALSE,0
26527,FALSE,0
26529,TRUE,0.8593457341194153
26531,FALSE,0.08862221240997314
26542,FALSE,0.010629137977957726
26546,FALSE,0.004452141933143139
26550,FALSE,0
26554,TRUE,0.6705782413482666
26557,FALSE,0.021534183993935585
26564,FALSE,0
26566,FALSE,0
26568,FALSE,0
26573,FALSE,0.07800200581550598
26581,FALSE,0.05406125634908676
26588,FALSE,0
26590,FALSE,0.018395058810710907
26593,TRUE,0.5795881748199463
26594,FALSE,0.04387336224317551
26598,FALSE,0
26601,TRUE,0.35130593180656433
26607,FALSE,0
26608,FALSE,0.3312014043331146
26622,TRUE,0.39625024795532227
26624,TRUE,0.44417300820350647
26632,TRUE,0.36723974347114563
26641,TRUE,0.6258977055549622
26648,FALSE,0.08595989644527435
26652,FALSE,0.01452524121850729
26657,FALSE,0
26667,FALSE,0
26670,FALSE,0
26671,FALSE,0
26679,FALSE,0
26680,FALSE,0.017813531681895256
26682,FALSE,0.22629687190055847
26687,FALSE,0.15280474722385406
26689,FALSE,0.07025756686925888
26691,FALSE,0
26696,FALSE,0.028315549716353416
26701,FALSE,0.07447677105665207
26706,TRUE,0.40901443362236023
26707,FALSE,0
26710,FALSE,0.015194919891655445
26711,FALSE,0.024103449657559395
26712,FALSE,0.036989159882068634
26734,FALSE,0.33531710505485535
26745,TRUE,0.4732133746147156
26750,TRUE,0.5874038338661194
26761,FALSE,0.16923239827156067
26772,FALSE,0.014161019586026669
26776,FALSE,0.18803974986076355
26779,FALSE,0
26781,FALSE,0.015800556167960167
26797,FALSE,0.024135638028383255
26807,FALSE,0.1723075658082962
26810,FALSE,0
26815,FALSE,0
26818,FALSE,0.009935911744832993
26832,TRUE,0.3928501605987549
26835,FALSE,0.06431117653846741
26840,FALSE,0.09301183372735977
26841,FALSE,0.029777785763144493
26845,FALSE,0.013144822791218758
26846,FALSE,0.03360078111290932
26849,FALSE,0.11702270805835724
26850,TRUE,0.3898337483406067
26855,TRUE,0.40333467721939087
26856,FALSE,0
26857,FALSE,0.06417541205883026
26861,TRUE,0.809539258480072
26864,FALSE,0
26867,FALSE,0
26871,FALSE,0
26890,TRUE,0.504187285900116
26896,FALSE,0.15171676874160767
26903,FALSE,0.015511240810155869
26908,FALSE,0.24133284389972687
26909,FALSE,0.01626516506075859
26911,FALSE,0.18191441893577576
26916,FALSE,0
26926,FALSE,0
26928,FALSE,0.2102297991514206
26929,FALSE,0.058421965688467026
26933,FALSE,0
26935,FALSE,0.08689921349287033
26939,TRUE,0.46599143743515015
26945,FALSE,0
26949,FALSE,0
26955,FALSE,0
26956,FALSE,0.15970748662948608
26961,FALSE,0
26964,FALSE,0
26965,FALSE,0.26994186639785767
26986,FALSE,0.08803240954875946
26987,TRUE,0.5711818337440491
26997,FALSE,0.01897461526095867
27004,FALSE,0
27007,FALSE,0.01348863448947668
27010,FALSE,0
27018,FALSE,0.008875830098986626
27019,FALSE,0
27023,FALSE,0.006940195802599192
27030,FALSE,0.1744690239429474
27032,TRUE,0.340620219707489
27033,FALSE,0.2033681422472
27037,FALSE,0.11627914011478424
27042,TRUE,0.5318870544433594
27048,FALSE,0.10763130336999893
27052,TRUE,0.6768352389335632
27054,FALSE,0
27055,FALSE,0.07206468284130096
27064,FALSE,0.06847409158945084
27066,FALSE,0.013019614852964878
27072,FALSE,0.0818745568394661
27075,FALSE,0.010074557736515999
27078,FALSE,0.13698989152908325
27087,TRUE,0.3501667380332947
27099,FALSE,0.026977065950632095
27109,FALSE,0.008325240574777126
27116,FALSE,0
27117,FALSE,0
27119,FALSE,0.024382377043366432
27124,FALSE,0.31951263546943665
27125,TRUE,0.6539190411567688
27133,FALSE,0.18634435534477234
27140,FALSE,0
27142,FALSE,0.007776035461574793
27143,FALSE,0
27147,FALSE,0.1110028401017189
27148,FALSE,0
27156,FALSE,0
27171,FALSE,0
27175,FALSE,0
27185,FALSE,0.15205945074558258
27188,FALSE,0
27197,TRUE,0.7128480672836304
27203,FALSE,0
27210,FALSE,0.022277070209383965
27211,FALSE,0
27215,FALSE,0
27218,FALSE,0
27231,FALSE,0
27243,FALSE,0
27244,FALSE,0.08254316449165344
27245,FALSE,0
27246,FALSE,0.03773040324449539
27252,TRUE,0.5257323980331421
27254,FALSE,0
27260,FALSE,0.05794452875852585
27261,FALSE,0.06979082524776459
27263,FALSE,0
27275,TRUE,0.574889063835144
27281,FALSE,0
27282,TRUE,0.669457733631134
27298,FALSE,0.06755984574556351
27305,FALSE,0
27308,TRUE,0.5799473524093628
27310,FALSE,0.14291372895240784
27316,TRUE,0.8204837441444397
27323,FALSE,0
27330,FALSE,0.1315876990556717
27338,FALSE,0
27345,FALSE,0.10130894929170609
27348,FALSE,0
27349,FALSE,0.2554965019226074
27357,FALSE,0.14922282099723816
27361,FALSE,0
27362,FALSE,0.017388304695487022
27367,FALSE,0.1878744512796402
27372,FALSE,0.09766370058059692
27377,FALSE,0.06978128850460052
27380,FALSE,0.02633005939424038
27386,FALSE,0
27390,FALSE,0.11812547594308853
27392,TRUE,0.5019601583480835
27395,FALSE,0
27398,FALSE,0.13659006357192993
27402,FALSE,0
27407,FALSE,0.16027988493442535
27410,FALSE,0
27413,FALSE,0
27421,TRUE,0.8312172293663025
27423,TRUE,0.34994351863861084
27425,FALSE,0.3005804419517517
27428,FALSE,0.24159680306911469
27432,FALSE,0
27439,FALSE,0.01442631147801876
27440,FALSE,0.014267910271883011
27447,FALSE,0.09257619827985764
27450,FALSE,0.06325934827327728
27451,FALSE,0.00951775535941124
27453,FALSE,0.005071399267762899
27456,TRUE,0.4899332523345947
27459,FALSE,0
27461,FALSE,0.13394750654697418
27469,FALSE,0.09835265576839447
27474,TRUE,0.3583144247531891
27478,FALSE,0
27479,FALSE,0.07092641294002533
27486,FALSE,0.06737122684717178
27487,FALSE,0
27491,FALSE,0
27498,TRUE,0.6155229806900024
27499,FALSE,0.015500932931900024
27507,FALSE,0
27515,FALSE,0.010872021317481995
27516,FALSE,0.15482079982757568
27521,FALSE,0.12479186803102493
27532,FALSE,0.29223236441612244
27542,FALSE,0
27543,FALSE,0
27553,FALSE,0.040335897356271744
27557,FALSE,0.017457667738199234
27559,FALSE,0.21958616375923157
27561,FALSE,0
27568,FALSE,0
27572,FALSE,0.08814500272274017
27579,FALSE,0.11722641438245773
27581,TRUE,0.3479326665401459
27592,FALSE,0.3367619514465332
27596,FALSE,0.27007487416267395
27599,FALSE,0.2644665539264679
27604,FALSE,0
27609,FALSE,0
27614,FALSE,0.019166013225913048
27619,FALSE,0.018094556406140327
27620,TRUE,0.6748095750808716
27635,FALSE,0.16806253790855408
27636,FALSE,0.3033852279186249
27637,FALSE,0
27640,FALSE,0.16333231329917908
27645,FALSE,0.032073281705379486
27646,FALSE,0.07438913732767105
27649,FALSE,0
27650,FALSE,0
27654,FALSE,0
27655,FALSE,0.05821523815393448
27656,FALSE,0
27660,FALSE,0
27663,FALSE,0
27666,FALSE,0
27673,FALSE,0
27674,TRUE,0.3602876663208008
27687,FALSE,0
27691,FALSE,0.017919836565852165
27693,FALSE,0
27695,TRUE,0.5796880125999451
27699,FALSE,0.23491936922073364
27700,TRUE,0.5876162052154541
27704,FALSE,0
27706,TRUE,0.4444340765476227
27714,FALSE,0
27729,FALSE,0
27734,FALSE,0
27735,TRUE,0.6563690900802612
27736,FALSE,0.18253757059574127
27741,FALSE,0
27747,FALSE,0
27748,FALSE,0.3159969747066498
27767,FALSE,0.10825859010219574
27777,TRUE,0.45393240451812744
27791,FALSE,0
27799,FALSE,0.054734405130147934
27804,FALSE,0.056442856788635254
27807,FALSE,0.0301747377961874
27809,FALSE,0
27817,TRUE,0.42556536197662354
27822,FALSE,0.014089501462876797
27823,FALSE,0
27827,FALSE,0
27832,FALSE,0
27833,FALSE,0.01288172509521246
27849,TRUE,0.5402798652648926
27854,FALSE,0
27862,FALSE,0.14677366614341736
27864,FALSE,0.013427616097033024
27868,FALSE,0.045552294701337814
27873,FALSE,0.02541184611618519
27875,FALSE,0.23918302357196808
27884,FALSE,0
27885,FALSE,0.2292657494544983
27888,FALSE,0
27890,FALSE,0.13273003697395325
27906,FALSE,0.20605312287807465
27907,FALSE,0.13452278077602386
27911,FALSE,0.21639540791511536
27912,FALSE,0.09159176051616669
27913,FALSE,0
27914,FALSE,0.32580986618995667
27917,FALSE,0
27919,FALSE,0.10008665919303894
27923,FALSE,0.11571520566940308
27931,TRUE,0.47956255078315735
27932,TRUE,0.7803214192390442
27933,FALSE,0.11931339651346207
27934,FALSE,0.141423761844635
27939,FALSE,0.05896753445267677
27941,FALSE,0.12579868733882904
27943,FALSE,0
27949,FALSE,0.00517273461446166
27950,FALSE,0.021151289343833923
27955,FALSE,0
27960,FALSE,0.059209082275629044
27965,FALSE,0
27968,TRUE,0.6374046802520752
27971,FALSE,0.04276401549577713
27974,FALSE,0.024193570017814636
28013,TRUE,0.6132782697677612
28018,FALSE,0
28021,FALSE,0.052362777292728424
28026,FALSE,0.16760878264904022
28033,FALSE,0
28034,FALSE,0
28040,FALSE,0
28051,FALSE,0
28064,TRUE,0.413455069065094
28066,TRUE,0.7060162425041199
28099,FALSE,0
28106,FALSE,0
28113,FALSE,0.24534693360328674
28122,FALSE,0.2759563624858856
28124,FALSE,0.017250770702958107
28130,FALSE,0.034802380949258804
28138,FALSE,0.16735677421092987
28139,FALSE,0.02064654417335987
28142,FALSE,0
28144,FALSE,0.026063136756420135
28150,FALSE,0.15607134997844696
28152,FALSE,0
28154,FALSE,0.05894721299409866
28157,FALSE,0
28158,FALSE,0.031567640602588654
28160,FALSE,0.07898164540529251
28162,FALSE,0.054744888097047806
28175,FALSE,0.021684542298316956
28177,FALSE,0.03630029782652855
28192,FALSE,0
28195,TRUE,0.4245173931121826
28199,FALSE,0.02079966850578785
28203,FALSE,0
28205,TRUE,0.7329887747764587
28213,FALSE,0.27649709582328796
28221,FALSE,0.022815298289060593
28226,TRUE,0.4470793902873993
28231,FALSE,0
28232,TRUE,0.6247786283493042
28249,FALSE,0
28262,FALSE,0
28264,FALSE,0
28273,FALSE,0.09045218676328659
28277,FALSE,0.03929778188467026
28280,FALSE,0.11756408959627151
28287,FALSE,0.08381503820419312
28291,FALSE,0.014285197481513023
28294,FALSE,0.038759320974349976
28301,FALSE,0.2135922908782959
28303,FALSE,0.06103206425905228
28309,FALSE,0.11043789237737656
28318,FALSE,0.010507701896131039
28323,FALSE,0
28324,FALSE,0.3145346939563751
28326,FALSE,0.2720266580581665
28329,FALSE,0.10126498341560364
28334,FALSE,0
28336,FALSE,0
28345,FALSE,0.07217463850975037
28348,FALSE,0.08964130282402039
28350,FALSE,0
28354,FALSE,0.029545947909355164
28362,TRUE,0.6298220157623291
28376,FALSE,0
28378,FALSE,0
28380,FALSE,0.014008709229528904
28391,FALSE,0
28398,FALSE,0.08963757008314133
28401,FALSE,0.09764613956212997
28403,FALSE,0
28414,FALSE,0.01833195798099041
28417,FALSE,0.12460452318191528
28422,FALSE,0.06749004125595093
28424,TRUE,0.5076252818107605
28431,TRUE,0.3459993600845337
28443,FALSE,0.028728585690259933
28444,FALSE,0
28447,FALSE,0.010528679005801678
28448,FALSE,0.26380398869514465
28458,FALSE,0
28459,FALSE,0.04284060746431351
28460,TRUE,0.3501327633857727
28461,FALSE,0
28470,FALSE,0.20450150966644287
28480,FALSE,0
28492,TRUE,0.3680529296398163
28493,FALSE,0.017045428976416588
28499,TRUE,0.6883407235145569
28501,FALSE,0.020243247970938683
28505,FALSE,0.08092281967401505
28509,FALSE,0
28515,FALSE,0.18535080552101135
28516,TRUE,0.6233377456665039
28519,FALSE,0.013041685335338116
28527,FALSE,0.33832797408103943
28539,FALSE,0.0207226425409317
28540,FALSE,0.08726304769515991
28552,FALSE,0.017374850809574127
28555,FALSE,0
28558,FALSE,0.038502223789691925
28563,TRUE,0.6488662958145142
28566,FALSE,0.13271905481815338
28576,TRUE,0.39732950925827026
28584,FALSE,0.193131685256958
28587,FALSE,0.00788082554936409
28590,FALSE,0
28591,FALSE,0
28601,FALSE,0.010477590374648571
28604,FALSE,0.03883786499500275
28612,FALSE,0.0759885385632515
28617,FALSE,0.030207056552171707
28618,FALSE,0
28626,FALSE,0.07217276841402054
28627,FALSE,0.009272563271224499
28637,FALSE,0.013851911760866642
28643,FALSE,0.3274312913417816
28644,FALSE,0
28645,TRUE,0.4787593185901642
28649,FALSE,0
28653,FALSE,0.030944937840104103
28654,FALSE,0
28659,FALSE,0
28664,TRUE,0.48924610018730164
28677,FALSE,0.01576901227235794
28684,TRUE,0.7727416157722473
28693,TRUE,0.6168238520622253
28695,FALSE,0.06842388212680817
28703,FALSE,0.05403246358036995
28706,FALSE,0.05647988244891167
28707,FALSE,0
28719,FALSE,0.21252408623695374
28724,FALSE,0.19592736661434174
28731,TRUE,0.6203535199165344
28733,FALSE,0.1308842897415161
28742,TRUE,0.6493589282035828
28763,FALSE,0.004334190394729376
28767,FALSE,0.07794826477766037
28772,FALSE,0.18949702382087708
28775,FALSE,0
28776,FALSE,0.07809271663427353
28777,FALSE,0.02127406746149063
28782,TRUE,0.8600093126296997
28786,FALSE,0.014462994411587715
28787,FALSE,0.0968678891658783
28792,FALSE,0
28797,FALSE,0.04234835132956505
28800,FALSE,0.040042877197265625
28803,FALSE,0
28811,FALSE,0.2809394896030426
28815,FALSE,0
28822,FALSE,0.24172453582286835
28825,FALSE,0
28831,TRUE,0.5877206921577454
28834,FALSE,0
28838,FALSE,0.02326788194477558
28841,FALSE,0
28842,FALSE,0
28846,FALSE,0
28853,TRUE,0.676283061504364
28854,FALSE,0
28858,FALSE,0.13620808720588684
28859,FALSE,0
28864,FALSE,0.03602450713515282
28873,FALSE,0
28876,FALSE,0.24238058924674988
28881,FALSE,0.13175518810749054
28885,FALSE,0
28886,FALSE,0.0224775318056345
28887,FALSE,0
28893,FALSE,0
28895,TRUE,0.8514838814735413
28907,FALSE,0
28914,TRUE,0.7766839861869812
28918,FALSE,0.04360595718026161
28922,FALSE,0.2884470522403717
28928,FALSE,0
28932,FALSE,0
28935,FALSE,0
28936,FALSE,0
28940,FALSE,0
28943,FALSE,0
28950,FALSE,0
28953,FALSE,0.03310985118150711
28954,FALSE,0.019863400608301163
28959,FALSE,0
28966,FALSE,0.022880306467413902
28968,FALSE,0.3259181082248688
28974,FALSE,0
28978,FALSE,0
28981,TRUE,0.4920986592769623
28988,FALSE,0.02060200646519661
28991,FALSE,0
28996,FALSE,0
28997,TRUE,0.618876576423645
29007,FALSE,0.020097164437174797
29011,TRUE,0.5635643601417542
29022,FALSE,0
29024,FALSE,0
29032,FALSE,0
29033,FALSE,0.02725891023874283
29039,FALSE,0.03403880074620247
29042,FALSE,0
29049,FALSE,0.06270769983530045
29053,TRUE,0.5590778589248657
29056,TRUE,0.6758564114570618
29061,FALSE,0
29066,FALSE,0.02111106552183628
29067,FALSE,0.10564498603343964
29071,FALSE,0.1452731341123581
29076,FALSE,0
29079,FALSE,0
29083,FALSE,0
29084,FALSE,0.27538368105888367
29091,FALSE,0
29093,FALSE,0
29099,FALSE,0.08609176427125931
29107,FALSE,0.012438209727406502
29109,FALSE,0.16391828656196594
29117,FALSE,0.27588728070259094
29118,TRUE,0.8526231646537781
29129,FALSE,0
29131,FALSE,0.07940910011529922
29143,FALSE,0
29146,FALSE,0.23201969265937805
29161,FALSE,0
29165,TRUE,0.6309354305267334
29166,FALSE,0.058037664741277695
29174,TRUE,0.7404437065124512
29178,FALSE,0.08044183999300003
29184,FALSE,0.19125479459762573
29191,FALSE,0.020935315638780594
29198,TRUE,0.37612929940223694
29205,FALSE,0.2564072012901306
29214,FALSE,0.037659935653209686
29221,FALSE,0
29229,FALSE,0.014600089751183987
29235,FALSE,0.05553935840725899
29243,FALSE,0.06811552494764328
29246,FALSE,0
29247,TRUE,0.477048397064209
29249,FALSE,0
29250,FALSE,0.07437597215175629
29251,FALSE,0
29270,FALSE,0.04666632041335106
29272,FALSE,0.03418682515621185
29280,FALSE,0
29285,TRUE,0.5586192607879639
29292,FALSE,0.17692622542381287
29294,FALSE,0.006729800254106522
29295,FALSE,0
29297,FALSE,0
29300,FALSE,0.01356575358659029
29303,FALSE,0.017741117626428604
29308,FALSE,0.10404356569051743
29311,FALSE,0.17911338806152344
29313,FALSE,0.06297560781240463
29314,FALSE,0
29317,FALSE,0.030337320640683174
29318,FALSE,0.1839577853679657
29320,FALSE,0
29325,FALSE,0.07869218289852142
29338,FALSE,0.21906228363513947
29342,FALSE,0.008419527672231197
29347,FALSE,0.3316726088523865
29350,FALSE,0
29351,FALSE,0.15766450762748718
29357,FALSE,0.07829242199659348
29361,FALSE,0
29367,FALSE,0.1540575623512268
29371,FALSE,0.29678499698638916
29373,FALSE,0.12406963109970093
29380,FALSE,0
29381,FALSE,0
29382,FALSE,0.013237805105745792
29385,FALSE,0.21800170838832855
29389,TRUE,0.3955792784690857
29392,TRUE,0.6102484464645386
29405,TRUE,0.40886086225509644
29407,TRUE,0.6941553354263306
29411,TRUE,0.48352423310279846
29413,FALSE,0.08072828501462936
29415,FALSE,0.01586129702627659
29423,FALSE,0.006628720555454493
29424,FALSE,0.058470796793699265
29428,FALSE,0.02276434749364853
29431,FALSE,0
29432,FALSE,0
29434,FALSE,0.02214128151535988
29443,FALSE,0
29447,FALSE,0.02840227633714676
29449,FALSE,0.22569596767425537
29454,FALSE,0
29457,FALSE,0.05356234684586525
29464,FALSE,0
29469,FALSE,0.05305197462439537
29470,FALSE,0.08951025456190109
29474,FALSE,0
29483,FALSE,0.00871539581567049
29484,FALSE,0.04341733083128929
29490,FALSE,0
29491,FALSE,0.08404088765382767
29497,FALSE,0.0506976880133152
29499,FALSE,0
29500,TRUE,0.6741389036178589
29501,FALSE,0
29511,FALSE,0
29512,FALSE,0
29519,FALSE,0.0661102756857872
29520,FALSE,0
29523,FALSE,0
29529,FALSE,0
29535,FALSE,0.008468113839626312
29536,FALSE,0.006676301825791597
29539,FALSE,0.10541141033172607
29540,FALSE,0.03926614299416542
29541,FALSE,0.046251289546489716
29545,FALSE,0.06761153042316437
29555,FALSE,0
29557,FALSE,0
29560,FALSE,0.009452063590288162
29574,FALSE,0
29575,TRUE,0.47863173484802246
29582,FALSE,0.06130901351571083
29583,FALSE,0
29588,FALSE,0
29592,FALSE,0.08146973699331284
29594,TRUE,0.6975634694099426
29610,FALSE,0
29619,TRUE,0.7499718070030212
29622,TRUE,0.44336745142936707
29637,FALSE,0.07438427209854126
29641,TRUE,0.7402960062026978
29642,FALSE,0
29643,FALSE,0.043222688138484955
29649,FALSE,0
29650,FALSE,0.3333313763141632
29653,FALSE,0
29655,FALSE,0
29657,FALSE,0.022086789831519127
29664,FALSE,0
29686,TRUE,0.3646743893623352
29692,FALSE,0.015234822407364845
29694,FALSE,0.11554554104804993
29699,TRUE,0.5711401104927063
29714,FALSE,0.022260894998908043
29717,FALSE,0.0251560527831316
29742,FALSE,0.15624700486660004
29754,FALSE,0
29763,FALSE,0.07454156130552292
29771,FALSE,0
29787,FALSE,0.0276448093354702
29790,FALSE,0
29793,TRUE,0.584267258644104
29797,FALSE,0.06058277562260628
29801,FALSE,0.04995402321219444
29804,FALSE,0
29808,FALSE,0.036060839891433716
29811,FALSE,0
29817,FALSE,0
29818,FALSE,0.05852998420596123
29819,FALSE,0
29826,TRUE,0.8537202477455139
29831,FALSE,0
29839,FALSE,0.3165486752986908
29847,FALSE,0.10112442076206207
29851,FALSE,0.008725561201572418
29857,FALSE,0
29865,FALSE,0
29875,FALSE,0.11909624934196472
29888,FALSE,0.08461564034223557
29889,FALSE,0.04018194228410721
29890,FALSE,0.2543197274208069
29893,FALSE,0.04682150110602379
29895,TRUE,0.6704407334327698
29897,FALSE,0
29905,FALSE,0.016099361702799797
29912,FALSE,0.32718417048454285
29922,FALSE,0.27695760130882263
29925,FALSE,0.08580915629863739
29926,FALSE,0
29929,FALSE,0.2193107306957245
29936,FALSE,0.10095162689685822
29937,FALSE,0.030775995925068855
29938,TRUE,0.3853958547115326
29953,FALSE,0.04541843384504318
29959,FALSE,0.02098965272307396
29960,FALSE,0
29963,FALSE,0
29964,FALSE,0.02918570302426815
29968,TRUE,0.49423283338546753
29969,FALSE,0.2927514612674713
29980,FALSE,0
29981,FALSE,0.027469953522086143
29984,TRUE,0.38496553897857666
29987,FALSE,0.06795065850019455
29990,FALSE,0.013041237369179726
29992,FALSE,0
29996,FALSE,0
30002,FALSE,0.05380196124315262
30007,TRUE,0.7455875277519226
30015,FALSE,0.27579981088638306
30021,FALSE,0.015036624856293201
30023,TRUE,0.37689706683158875
30029,FALSE,0.02252296917140484
30031,FALSE,0
30032,FALSE,0
30036,FALSE,0
30038,FALSE,0.06878267228603363
30040,FALSE,0
30041,FALSE,0
30047,FALSE,0.039772335439920425
30057,FALSE,0.23642316460609436
30064,FALSE,0.09942164272069931
30066,FALSE,0
30068,FALSE,0
30070,FALSE,0
30081,FALSE,0
30084,FALSE,0
30085,FALSE,0
30086,FALSE,0
30113,FALSE,0
30118,FALSE,0
30122,FALSE,0.028320668265223503
30124,FALSE,0.03632821515202522
30132,TRUE,0.3887013792991638
30134,FALSE,0
30140,FALSE,0
30155,FALSE,0
30158,FALSE,0
30164,TRUE,0.602028489112854
30174,FALSE,0.27560487389564514
30186,TRUE,0.703743040561676
30188,FALSE,0.043140020221471786
30212,TRUE,0.3436461091041565
30213,FALSE,0.023138834163546562
30217,FALSE,0.03161885589361191
30228,FALSE,0
30236,FALSE,0
30237,FALSE,0.2503443956375122
30240,FALSE,0.18697857856750488
30244,FALSE,0.20395562052726746
30255,FALSE,0.0748845711350441
30256,FALSE,0
30271,FALSE,0
30279,FALSE,0
30287,FALSE,0.07673802226781845
30289,FALSE,0
30290,FALSE,0.09917030483484268
30299,FALSE,0.07164477556943893
30301,FALSE,0.15945561230182648
30302,FALSE,0
30303,TRUE,0.6547307372093201
30304,FALSE,0.0168989896774292
30305,TRUE,0.7000293731689453
30314,FALSE,0
30315,FALSE,0.09859786927700043
30316,TRUE,0.34763747453689575
30323,FALSE,0
30327,FALSE,0
30328,TRUE,0.35136228799819946
30333,FALSE,0.04352302849292755
30334,FALSE,0
30336,TRUE,0.6712117195129395
30338,FALSE,0
30342,FALSE,0
30343,FALSE,0
30345,FALSE,0.16363640129566193
30351,FALSE,0.0345318540930748
30371,TRUE,0.4990609586238861
30373,TRUE,0.6553652882575989
30375,FALSE,0.2048962116241455
30379,FALSE,0
30383,FALSE,0
30391,FALSE,0.03116144798696041
30400,FALSE,0.13908317685127258
30405,FALSE,0.00420100474730134
30408,FALSE,0.205320805311203
30410,FALSE,0.020976439118385315
30414,FALSE,0.011451148428022861
30418,FALSE,0
30419,FALSE,0.027214426547288895
30422,FALSE,0
30429,FALSE,0.322900652885437
30432,FALSE,0.011164546944200993
30433,FALSE,0.03138205409049988
30434,FALSE,0
30436,FALSE,0.03123711608350277
30444,FALSE,0
30460,FALSE,0.1151709258556366
30465,FALSE,0.04572426155209541
30470,FALSE,0.10565825551748276
30477,FALSE,0.09816184639930725
30480,TRUE,0.4352841079235077
30490,FALSE,0
30494,TRUE,0.512817919254303
30496,FALSE,0
30501,TRUE,0.7806339263916016
30507,FALSE,0
30511,FALSE,0
30512,FALSE,0.1258503645658493
30514,FALSE,0.18431636691093445
30519,TRUE,0.34980878233909607
30528,FALSE,0
30530,FALSE,0.2893001437187195
30536,FALSE,0
30545,FALSE,0
30548,FALSE,0.03263482451438904
30554,FALSE,0.08973822742700577
30555,FALSE,0.10772795975208282
30564,FALSE,0.28883299231529236
30567,TRUE,0.48816853761672974
30573,FALSE,0.028248075395822525
30574,FALSE,0
30578,TRUE,0.34237000346183777
30584,FALSE,0.10307242721319199
30585,TRUE,0.6668992042541504
30588,FALSE,0.028128353878855705
30605,FALSE,0.0919642224907875
30616,FALSE,0
30623,FALSE,0.05378245189785957
30625,FALSE,0
30631,FALSE,0
30633,TRUE,0.5322086811065674
30634,FALSE,0
30639,FALSE,0.17185251414775848
30646,FALSE,0
30647,FALSE,0.24307583272457123
30655,FALSE,0
30656,FALSE,0.23396502435207367
30657,FALSE,0
30658,FALSE,0.08635561913251877
30661,TRUE,0.7991949915885925
30669,FALSE,0.13891597092151642
30680,TRUE,0.7794175148010254
30690,FALSE,0
30701,FALSE,0.29536280035972595
30707,FALSE,0.08844321221113205
30709,FALSE,0.04048917070031166
30713,TRUE,0.4820491075515747
30729,TRUE,0.56097412109375
30731,FALSE,0
30738,FALSE,0
30742,FALSE,0.05514206364750862
30744,FALSE,0.06300737708806992
30753,FALSE,0.016602182760834694
30775,FALSE,0
30782,FALSE,0
30790,FALSE,0.1839379072189331
30792,FALSE,0
30795,FALSE,0.021374566480517387
30800,FALSE,0.23704153299331665
30801,FALSE,0.026363663375377655
30802,FALSE,0.19899499416351318
30818,FALSE,0
30820,FALSE,0
30821,FALSE,0.12599410116672516
30822,FALSE,0.08735842257738113
30825,FALSE,0.04961731284856796
30828,FALSE,0
30831,FALSE,0.012556212954223156
30838,TRUE,0.424929678440094
30845,FALSE,0.12503057718276978
30852,FALSE,0.012519252486526966
30854,FALSE,0.017966242507100105
30856,FALSE,0.036181606352329254
30859,FALSE,0.3155197203159332
30882,FALSE,0.060127515345811844
30891,TRUE,0.509614884853363
30893,FALSE,0.029025515541434288
30894,FALSE,0
30899,FALSE,0.24658848345279694
30907,FALSE,0
30912,FALSE,0.01634221337735653
30913,FALSE,0.1957491934299469
30920,TRUE,0.34993118047714233
30922,FALSE,0
30925,FALSE,0.06257735192775726
30929,FALSE,0.01993425562977791
30939,TRUE,0.34472236037254333
30940,FALSE,0.02769981138408184
30945,FALSE,0.04118800535798073
30953,FALSE,0
30960,FALSE,0
30962,FALSE,0.02291097678244114
30969,FALSE,0
30978,FALSE,0
30979,FALSE,0
30984,FALSE,0.07967929542064667
30985,FALSE,0.1940876692533493
30986,TRUE,0.3620660901069641
30988,FALSE,0
31009,FALSE,0.3373640775680542
31010,FALSE,0.1544918417930603
31013,FALSE,0
31018,FALSE,0
31021,FALSE,0
31024,FALSE,0.046701569110155106
31026,FALSE,0.028200292959809303
31031,FALSE,0
31036,FALSE,0.011715159751474857
31041,TRUE,0.6897179484367371
31042,FALSE,0.0642872303724289
31050,FALSE,0
31055,FALSE,0
31060,FALSE,0
31064,FALSE,0
31068,FALSE,0
31071,FALSE,0
31081,FALSE,0.06384328007698059
31083,FALSE,0
31084,FALSE,0
31090,FALSE,0
31095,FALSE,0.23834924399852753
31096,TRUE,0.4711611568927765
31099,FALSE,0.016238413751125336
31105,FALSE,0
31106,FALSE,0.12086214125156403
31109,FALSE,0
31110,FALSE,0
31111,FALSE,0
31116,FALSE,0
31117,TRUE,0.4762086570262909
31119,FALSE,0.03728736937046051
31121,FALSE,0
31135,TRUE,0.43007174134254456
31136,FALSE,0.20700880885124207
31141,FALSE,0
31143,FALSE,0
31147,FALSE,0
31152,FALSE,0.0418398380279541
31160,TRUE,0.7676229476928711
31165,TRUE,0.7228068709373474
31172,FALSE,0
31179,FALSE,0.0238958690315485
31180,FALSE,0
31183,FALSE,0
31188,TRUE,0.5406368374824524
31193,FALSE,0.08300863206386566
31200,FALSE,0.005931974854320288
31201,FALSE,0
31203,FALSE,0.01521130558103323
31209,FALSE,0.05048464983701706
31215,FALSE,0
31217,FALSE,0
31226,FALSE,0
31228,FALSE,0.028846845030784607
31230,TRUE,0.7012806534767151
31231,TRUE,0.8551557660102844
31237,FALSE,0.1319998800754547
31238,TRUE,0.40904003381729126
31245,FALSE,0
31248,FALSE,0.15005968511104584
31261,FALSE,0.126286581158638
31266,TRUE,0.37727463245391846
31268,FALSE,0
31279,FALSE,0
31281,FALSE,0
31283,FALSE,0.023616693913936615
31285,FALSE,0.012511036358773708
31287,TRUE,0.688218891620636
31293,FALSE,0.024584976956248283
31296,TRUE,0.549937903881073
31299,FALSE,0
31301,FALSE,0
31304,FALSE,0.19600744545459747
31306,FALSE,0
31307,FALSE,0.2338753640651703
31309,FALSE,0
31311,FALSE,0.017672471702098846
31313,TRUE,0.5100213885307312
31315,FALSE,0.19422708451747894
31317,FALSE,0
31321,FALSE,0.24015282094478607
31324,FALSE,0.30604100227355957
31327,FALSE,0.013804656453430653
31330,TRUE,0.6437174677848816
31339,FALSE,0.06248495355248451
31348,TRUE,0.3599057197570801
31354,FALSE,0.09205352514982224
31363,FALSE,0
31364,FALSE,0
31365,FALSE,0.06430411338806152
31366,TRUE,0.34891805052757263
31369,TRUE,0.6534001231193542
31371,TRUE,0.37362247705459595
31387,FALSE,0
31389,FALSE,0
31403,FALSE,0
31418,TRUE,0.5920565724372864
31420,TRUE,0.5197212100028992
31428,FALSE,0.17158788442611694
31438,FALSE,0
31444,TRUE,0.5428876280784607
31447,FALSE,0.2310718595981598
31452,FALSE,0
31454,FALSE,0
31463,FALSE,0.314321905374527
31465,FALSE,0.021089375019073486
31473,FALSE,0
31478,FALSE,0.051559168845415115
31479,FALSE,0
31482,FALSE,0.0491754375398159
31506,FALSE,0
31516,FALSE,0
31521,FALSE,0
31523,FALSE,0
31526,FALSE,0.03801439702510834
31531,FALSE,0.2526291608810425
31532,TRUE,0.5326007604598999
31535,FALSE,0.027061793953180313
31543,TRUE,0.3856915235519409
31553,FALSE,0.06829392164945602
31556,FALSE,0
31561,TRUE,0.5148360133171082
31563,FALSE,0
31569,FALSE,0.19417531788349152
31573,TRUE,0.4504839777946472
31574,FALSE,0.04494946822524071
31577,FALSE,0.3114611804485321
31578,FALSE,0.3102310001850128
31582,FALSE,0
31597,FALSE,0.06136729568243027
31609,FALSE,0
31617,FALSE,0.03687478229403496
31620,FALSE,0
31623,FALSE,0
31626,FALSE,0.0921793207526207
31627,FALSE,0.23871050775051117
31643,FALSE,0.33224037289619446
31645,FALSE,0.11262951046228409
31652,FALSE,0
31658,FALSE,0
31665,FALSE,0
31674,FALSE,0.015412427484989166
31678,TRUE,0.39403462409973145
31685,FALSE,0
31686,FALSE,0
31688,FALSE,0
31690,FALSE,0.0192287415266037
31701,FALSE,0
31702,FALSE,0
31709,FALSE,0
31711,FALSE,0
31715,FALSE,0
31716,FALSE,0
31726,FALSE,0.05195651948451996
31728,TRUE,0.5386742353439331
31729,FALSE,0
31741,FALSE,0
31744,FALSE,0.012126462534070015
31747,FALSE,0.15838360786437988
31754,FALSE,0.022260162979364395
31759,FALSE,0.05084739625453949
31761,FALSE,0.06718011945486069
31771,FALSE,0.2680184841156006
31772,FALSE,0.01566639170050621
31773,FALSE,0.13174057006835938
31779,FALSE,0
31780,FALSE,0
31782,FALSE,0.029778802767395973
31784,FALSE,0.22107015550136566
31794,FALSE,0
31800,FALSE,0.007349057588726282
31801,FALSE,0
31816,FALSE,0.007737225387245417
31818,FALSE,0.025174517184495926
31828,FALSE,0.007231527473777533
31830,FALSE,0
31853,FALSE,0.05832034349441528
31854,FALSE,0.22460810840129852
31858,FALSE,0
31862,FALSE,0
31863,FALSE,0.2610800862312317
31872,TRUE,0.4701289236545563
31874,FALSE,0.09404842555522919
31878,FALSE,0.0110336784273386
31886,FALSE,0.008454960770905018
31906,FALSE,0
31907,FALSE,0
31912,FALSE,0.01175820641219616
31913,FALSE,0.13270531594753265
31917,FALSE,0.004874129313975573
31919,FALSE,0
31927,FALSE,0
31941,FALSE,0
31946,FALSE,0
31948,FALSE,0.037806279957294464
31954,FALSE,0
31964,FALSE,0.33106306195259094
31974,TRUE,0.34738680720329285
31977,FALSE,0
31978,TRUE,0.5952932238578796
31983,FALSE,0.0339466854929924
31998,FALSE,0.011997760273516178
32004,FALSE,0
32009,FALSE,0.15525323152542114
32013,FALSE,0.10871575772762299
32015,FALSE,0.13882705569267273
32016,FALSE,0.027997149154543877
32017,FALSE,0
32020,FALSE,0
32021,FALSE,0.015897488221526146
32025,FALSE,0.00879774708300829
32029,FALSE,0.27373772859573364
32032,FALSE,0
32036,FALSE,0.25785478949546814
32039,FALSE,0.030745333060622215
32046,FALSE,0.0891101285815239
32047,FALSE,0
32051,FALSE,0
32055,FALSE,0.04072128236293793
32057,FALSE,0.02628439851105213
32058,FALSE,0.09213563054800034
32060,FALSE,0.01389333512634039
32064,FALSE,0
32067,FALSE,0.017320480197668076
32069,FALSE,0
32075,FALSE,0
32082,FALSE,0.014680171385407448
32085,FALSE,0
32086,FALSE,0.033743806183338165
32089,FALSE,0.20285111665725708
32091,TRUE,0.37529364228248596
32103,FALSE,0
32111,FALSE,0.2040860503911972
32116,FALSE,0.07945608347654343
32117,FALSE,0.14227251708507538
32123,FALSE,0.00809019710868597
32125,FALSE,0.04580076038837433
32132,TRUE,0.40784314274787903
32135,FALSE,0
32140,FALSE,0.053200654685497284
32145,FALSE,0
32147,FALSE,0
32149,FALSE,0.007539394777268171
32155,FALSE,0.04844612628221512
32162,FALSE,0.17596401274204254
32164,FALSE,0.06004275754094124
32182,FALSE,0
32183,FALSE,0
32184,FALSE,0.05051663890480995
32189,TRUE,0.6238375902175903
32192,FALSE,0
32195,FALSE,0.0067079318687319756
32205,FALSE,0
32208,FALSE,0.24140885472297668
32213,FALSE,0.03426964581012726
32216,FALSE,0
32218,TRUE,0.6156066060066223
32225,TRUE,0.3875087797641754
32227,FALSE,0.0188173595815897
32236,FALSE,0
32239,FALSE,0.044456955045461655
32242,FALSE,0
32243,FALSE,0.20181621611118317
32248,FALSE,0
32251,TRUE,0.5102576017379761
32258,FALSE,0.03918040171265602
32262,FALSE,0
32267,FALSE,0.00915919616818428
32273,FALSE,0
32274,FALSE,0
32279,FALSE,0.016690878197550774
32286,FALSE,0
32294,FALSE,0
32298,FALSE,0.14856095612049103
32301,FALSE,0.011641318909823895
32305,FALSE,0
32307,FALSE,0
32308,FALSE,0
32311,FALSE,0.11250574141740799
32313,FALSE,0
32314,FALSE,0
32320,FALSE,0
32321,FALSE,0.06035258248448372
32328,FALSE,0.03723448887467384
32334,FALSE,0.022620610892772675
32336,FALSE,0.0143014220520854
32353,FALSE,0
32355,FALSE,0.014509101398289204
32369,FALSE,0
32374,FALSE,0.0068314592353999615
32384,FALSE,0.1719588190317154
32388,FALSE,0.017124881967902184
32389,FALSE,0
32392,FALSE,0.029865574091672897
32396,FALSE,0
32397,TRUE,0.5585811734199524
32406,FALSE,0.01012333296239376
32415,FALSE,0.024350935593247414
32419,FALSE,0.04818776994943619
32427,FALSE,0
32429,FALSE,0.1807866245508194
32437,FALSE,0.027666321024298668
32438,FALSE,0
32439,FALSE,0
32449,FALSE,0
32454,FALSE,0
32456,FALSE,0
32459,FALSE,0.17488045990467072
32462,FALSE,0.05813577398657799
32463,TRUE,0.8213263750076294
32468,FALSE,0.19652053713798523
32477,FALSE,0.18677163124084473
32488,FALSE,0
32498,FALSE,0.08111965656280518
32508,FALSE,0.08591457456350327
32513,FALSE,0
32514,FALSE,0
32517,FALSE,0.02202524244785309
32522,FALSE,0.09684962034225464
32528,FALSE,0.06407660245895386
32542,TRUE,0.590326189994812
32547,TRUE,0.3820451498031616
32550,FALSE,0.28592562675476074
32554,TRUE,0.5083824396133423
32556,FALSE,0
32559,FALSE,0
32580,FALSE,0
32584,FALSE,0.02564983256161213
32586,FALSE,0.09599411487579346
32594,FALSE,0.016419680789113045
32597,FALSE,0.09428514540195465
32602,FALSE,0.18325921893119812
32603,TRUE,0.5079310536384583
32606,FALSE,0
32607,FALSE,0
32610,FALSE,0.020736102014780045
32616,FALSE,0.032723356038331985
32623,FALSE,0.04300958290696144
32633,FALSE,0
32636,FALSE,0.06957118213176727
32639,FALSE,0.1260635256767273
32644,FALSE,0.01449713297188282
32652,FALSE,0.17688488960266113
32653,FALSE,0
32659,FALSE,0
32663,FALSE,0.011751409620046616
32664,FALSE,0.14740045368671417
32666,TRUE,0.7433276176452637
32672,TRUE,0.6050984263420105
32679,FALSE,0.013290723785758018
32686,FALSE,0.018444135785102844
32690,FALSE,0
32691,FALSE,0.08833480626344681
32692,FALSE,0.03746677562594414
32695,FALSE,0.25785553455352783
32696,TRUE,0.42778119444847107
32713,TRUE,0.44680848717689514
32714,TRUE,0.6908815503120422
32716,FALSE,0.17684219777584076
32726,FALSE,0.3369516432285309
32729,FALSE,0
32732,FALSE,0.3053796887397766
32738,FALSE,0.10675409436225891
32742,FALSE,0
32747,FALSE,0
32751,FALSE,0.013909558765590191
32752,FALSE,0.15742038190364838
32765,FALSE,0
32773,FALSE,0.008441634476184845
32785,FALSE,0
32787,FALSE,0
32788,FALSE,0.0945567712187767
32798,FALSE,0.06429485976696014
32801,FALSE,0.012039444409310818
32815,TRUE,0.3995725214481354
32821,FALSE,0.014575899578630924
32823,TRUE,0.7963083982467651
32824,FALSE,0
32829,FALSE,0
32839,FALSE,0
32840,TRUE,0.6694732308387756
32841,FALSE,0.061430923640728
32857,FALSE,0
32878,TRUE,0.4095649719238281
32885,FALSE,0.05763765424489975
32892,FALSE,0.15269692242145538
32894,FALSE,0
32896,FALSE,0.06314926594495773
32899,FALSE,0.2798555791378021
32900,FALSE,0.07758437842130661
32901,FALSE,0.15069015324115753
32906,FALSE,0
32908,FALSE,0
32911,FALSE,0
32912,FALSE,0
32914,FALSE,0
32920,FALSE,0.010399609804153442
32922,FALSE,0
32930,TRUE,0.3847094476222992
32933,FALSE,0.027212457731366158
32947,TRUE,0.6914179921150208
32954,FALSE,0
32967,FALSE,0.09129493683576584
32968,FALSE,0
32971,FALSE,0.006037799175828695
32975,FALSE,0.13621671497821808
32982,FALSE,0
32983,FALSE,0.015105659142136574
32985,TRUE,0.7037516236305237
32986,TRUE,0.560257077217102
32988,FALSE,0.03417925536632538
32993,TRUE,0.6390246152877808
32994,FALSE,0
33000,FALSE,0.022001907229423523
33002,FALSE,0.025415578857064247
33006,FALSE,0.006005528382956982
33007,FALSE,0.007727164775133133
33010,FALSE,0
33026,FALSE,0
33027,FALSE,0.11126887053251266
33029,TRUE,0.4775598347187042
33036,FALSE,0
33038,FALSE,0
33039,FALSE,0.010385436937212944
33045,TRUE,0.7460346221923828
33054,FALSE,0.28335386514663696
33060,FALSE,0.12260518968105316
33064,FALSE,0.040283698588609695
33065,FALSE,0.022419456392526627
33069,FALSE,0.177265465259552
33073,FALSE,0.0667991116642952
33085,TRUE,0.5384142398834229
33095,TRUE,0.6801896095275879
33096,FALSE,0.03303273022174835
33098,FALSE,0
33105,TRUE,0.7026450037956238
33107,FALSE,0
33120,FALSE,0
33124,FALSE,0
33132,FALSE,0.0684739425778389
33140,FALSE,0
33141,FALSE,0
33151,FALSE,0.08554781973361969
33152,FALSE,0
33163,FALSE,0.12252479046583176
33179,FALSE,0
33183,FALSE,0.01780400611460209
33192,TRUE,0.6919002532958984
33209,FALSE,0.05560329928994179
33213,FALSE,0.03187213093042374
33235,TRUE,0.6801136136054993
33245,FALSE,0.025861797854304314
33254,FALSE,0.057238731533288956
33256,TRUE,0.5389761328697205
33257,FALSE,0.055969491600990295
33258,FALSE,0
33259,FALSE,0.0345202274620533
33262,FALSE,0.1441105753183365
33263,FALSE,0
33267,FALSE,0.004264029208570719
33270,FALSE,0
33279,FALSE,0
33297,FALSE,0.1132797971367836
33298,FALSE,0
33302,FALSE,0
33308,TRUE,0.5669447183609009
33310,FALSE,0
33315,FALSE,0
33316,FALSE,0.14137586951255798
33322,FALSE,0.014511187560856342
33326,FALSE,0.03500542789697647
33337,FALSE,0.010221275500953197
33341,FALSE,0.03502581641077995
33345,FALSE,0.06368917226791382
33348,FALSE,0
33352,TRUE,0.7710126638412476
33353,FALSE,0.006603880785405636
33355,FALSE,0
33358,FALSE,0
33359,FALSE,0.15719197690486908
33368,TRUE,0.6180999875068665
33371,FALSE,0.2109062224626541
33373,FALSE,0.05953062325716019
33375,FALSE,0
33380,FALSE,0
33382,FALSE,0
33386,FALSE,0
33389,FALSE,0.013237301260232925
33390,FALSE,0.07866007089614868
33397,FALSE,0
33398,FALSE,0.03238131105899811
33407,FALSE,0.07448054850101471
33413,FALSE,0.022837655618786812
33434,FALSE,0
33439,FALSE,0.039078980684280396
33442,TRUE,0.6717745661735535
33447,FALSE,0.026634693145751953
33451,FALSE,0.26393577456474304
33453,TRUE,0.41828596591949463
33457,TRUE,0.5108329653739929
33459,FALSE,0.031199825927615166
33463,FALSE,0.02298763208091259
33472,FALSE,0.013280977495014668
33479,FALSE,0
33482,FALSE,0
33496,TRUE,0.5846545696258545
33497,FALSE,0.008230136707425117
33499,TRUE,0.5625895857810974
33508,FALSE,0
33511,FALSE,0
33512,FALSE,0
33517,FALSE,0.054366424679756165
33523,TRUE,0.6316494345664978
33524,FALSE,0
33528,TRUE,0.46050333976745605
33532,TRUE,0.6349530220031738
33533,FALSE,0.012453846633434296
33535,FALSE,0.02003192901611328
33550,TRUE,0.4251042604446411
33554,TRUE,0.6253157258033752
33559,FALSE,0
33560,FALSE,0.06439069658517838
33572,FALSE,0
33574,TRUE,0.6357277035713196
33587,FALSE,0
33599,FALSE,0
33603,FALSE,0.10523983091115952
33609,FALSE,0
33610,FALSE,0
33612,FALSE,0
33616,FALSE,0.00708738574758172
33618,TRUE,0.5606674551963806
33619,TRUE,0.4963671565055847
33622,FALSE,0
33627,FALSE,0
33635,TRUE,0.4406605362892151
33639,TRUE,0.6788103580474854
33649,FALSE,0.13119597733020782
33651,FALSE,0
33669,FALSE,0.008668229915201664
33671,FALSE,0.11737853288650513
33688,FALSE,0
33691,TRUE,0.4602087736129761
33695,FALSE,0
33697,FALSE,0
33702,FALSE,0.17466934025287628
33721,TRUE,0.6459752917289734
33728,FALSE,0
33729,FALSE,0
33737,FALSE,0
33749,FALSE,0.3222362995147705
33750,FALSE,0
33755,FALSE,0
33764,FALSE,0.21696431934833527
33771,FALSE,0.1936151683330536
33777,FALSE,0
33797,FALSE,0.23303812742233276
33821,TRUE,0.5530758500099182
33826,TRUE,0.40093502402305603
33831,TRUE,0.3472422957420349
33842,FALSE,0.24820667505264282
33846,FALSE,0.017347533255815506
33853,FALSE,0.038985155522823334
33864,TRUE,0.6539487242698669
33874,FALSE,0.01177320908755064
33876,FALSE,0.07343871891498566
33884,FALSE,0.05031049996614456
33888,FALSE,0.24772752821445465
33893,FALSE,0.01427506748586893
33910,FALSE,0
33916,TRUE,0.5586927533149719
33924,FALSE,0.020854059606790543
33925,FALSE,0
33928,FALSE,0.0182504840195179
33929,FALSE,0.011692364700138569
33936,FALSE,0.012777676805853844
33940,FALSE,0
33946,FALSE,0.06900066882371902
33952,FALSE,0
33953,FALSE,0
33957,FALSE,0.01393292099237442
33961,FALSE,0.009609787724912167
33962,FALSE,0.022584784775972366
33969,FALSE,0.04021188244223595
33973,FALSE,0
33976,FALSE,0
33980,FALSE,0.2537882626056671
33985,TRUE,0.7559944987297058
33996,FALSE,0.02240535244345665
34005,FALSE,0
34009,FALSE,0
34013,FALSE,0
34015,FALSE,0
34021,TRUE,0.6108924150466919
34027,FALSE,0.2071792036294937
34028,FALSE,0
34031,FALSE,0.011231722310185432
34037,FALSE,0.1395445019006729
34048,FALSE,0.16293083131313324
34050,FALSE,0
34051,FALSE,0.0057554831728339195
34052,FALSE,0
34057,TRUE,0.7520639896392822
34072,FALSE,0.02577512152493
34089,FALSE,0
34096,FALSE,0.18175733089447021
34099,FALSE,0.1063760295510292
34103,FALSE,0.044200897216796875
34112,FALSE,0
34119,FALSE,0
34127,FALSE,0
34130,FALSE,0
34132,TRUE,0.41054263710975647
34135,FALSE,0.028722573071718216
34140,TRUE,0.8003955483436584
34142,FALSE,0.005605928134173155
34145,FALSE,0
34146,FALSE,0.3165557384490967
34147,FALSE,0.1296497881412506
34149,FALSE,0.006695752032101154
34151,FALSE,0.04495696350932121
34156,FALSE,0.14354954659938812
34160,FALSE,0.029493844136595726
34161,FALSE,0.009006297215819359
34162,FALSE,0.01666189171373844
34166,FALSE,0.020015504211187363
34170,TRUE,0.3672949969768524
34173,FALSE,0.18094924092292786
34190,FALSE,0.0510583333671093
34191,FALSE,0
34195,TRUE,0.6642271876335144
34197,FALSE,0.010971931740641594
34201,FALSE,0
34206,TRUE,0.44632115960121155
34208,FALSE,0.06306346505880356
34215,FALSE,0.005329441744834185
34217,FALSE,0.04924432188272476
34225,FALSE,0.012814040295779705
34227,TRUE,0.5448280572891235
34229,FALSE,0
34232,FALSE,0
34233,FALSE,0
34244,FALSE,0
34245,FALSE,0.008282769471406937
34248,FALSE,0.03207407891750336
34255,FALSE,0
34256,FALSE,0.17459739744663239
34259,FALSE,0
34271,FALSE,0
34276,FALSE,0.037468038499355316
34280,FALSE,0
34282,FALSE,0.029299398884177208
34284,FALSE,0.015541845932602882
34292,FALSE,0
34293,FALSE,0.023511575534939766
34296,FALSE,0.021386263892054558
34306,TRUE,0.6003429889678955
34315,TRUE,0.39210689067840576
34320,FALSE,0
34333,FALSE,0
34337,TRUE,0.3758692443370819
34342,FALSE,0
34348,FALSE,0
34352,FALSE,0
34354,FALSE,0.007969304919242859
34360,FALSE,0
34366,FALSE,0.12617163360118866
34367,FALSE,0.04230295866727829
34370,FALSE,0
34372,TRUE,0.3577864468097687
34373,FALSE,0
34375,FALSE,0.23602993786334991
34379,FALSE,0.017340537160634995
34380,FALSE,0
34383,FALSE,0
34385,FALSE,0.15998803079128265
34389,FALSE,0.03665785491466522
34399,TRUE,0.36559316515922546
34400,FALSE,0.021887121722102165
34401,FALSE,0
34407,FALSE,0
34423,FALSE,0
34427,FALSE,0.2395523488521576
34429,FALSE,0
34433,FALSE,0.21590381860733032
34435,TRUE,0.7176192998886108
34437,FALSE,0
34439,FALSE,0.0835065245628357
34440,FALSE,0
34441,FALSE,0.06357809156179428
34447,FALSE,0.11197072267532349
34462,FALSE,0.15301112830638885
34469,FALSE,0.04544847086071968
34475,FALSE,0.3081684708595276
34482,TRUE,0.6148803234100342
34487,FALSE,0.15243765711784363
34488,TRUE,0.35179412364959717
34489,FALSE,0
34493,FALSE,0
34494,FALSE,0.07294827699661255
34496,FALSE,0.010533777065575123
34511,FALSE,0
34513,FALSE,0
34515,FALSE,0
34517,FALSE,0.13455989956855774
34519,FALSE,0.035839036107063293
34536,FALSE,0.0314592644572258
34537,TRUE,0.6285017728805542
34540,FALSE,0.044100239872932434
34541,FALSE,0.019225705415010452
34548,TRUE,0.5457503795623779
34559,FALSE,0
34561,FALSE,0
34563,FALSE,0.007962089031934738
34568,FALSE,0.09484440088272095
34569,TRUE,0.46230366826057434
34570,FALSE,0.03192848712205887
34572,FALSE,0.014243092387914658
34575,TRUE,0.5253433585166931
34576,FALSE,0.017840715125203133
34581,FALSE,0
34582,FALSE,0.28729769587516785
34597,FALSE,0.3050660192966461
34603,FALSE,0
34605,FALSE,0
34606,FALSE,0
34609,FALSE,0.22944308817386627
34617,FALSE,0
34620,TRUE,0.42255938053131104
34621,TRUE,0.6762098670005798
34630,TRUE,0.4143550395965576
34635,FALSE,0
34639,FALSE,0
34643,FALSE,0.17770686745643616
34650,FALSE,0
34658,FALSE,0.014508392661809921
34659,FALSE,0
34660,FALSE,0.007374916225671768
34665,FALSE,0.059358179569244385
34666,TRUE,0.3760887384414673
34677,TRUE,0.407403826713562
34683,FALSE,0.004603937268257141
34684,FALSE,0
34687,FALSE,0
34697,FALSE,0
34698,FALSE,0.038613446056842804
34700,FALSE,0
34714,FALSE,0.21086385846138
34715,FALSE,0
34717,FALSE,0.03984463959932327
34729,FALSE,0
34730,FALSE,0
34742,FALSE,0.041658662259578705
34749,TRUE,0.7292053699493408
34756,FALSE,0.05265113338828087
34757,FALSE,0.15695226192474365
34763,TRUE,0.36907875537872314
34764,FALSE,0.09886747598648071
34772,FALSE,0.010141084901988506
34777,FALSE,0
34785,FALSE,0
34788,FALSE,0.10482094436883926
34802,FALSE,0.19683188199996948
34805,FALSE,0
34806,TRUE,0.7573140263557434
34812,FALSE,0
34815,FALSE,0.09494208544492722
34816,FALSE,0.012227330356836319
34818,FALSE,0
34826,FALSE,0
34854,FALSE,0.04991411790251732
34857,FALSE,0.06630000472068787
34874,TRUE,0.5477413535118103
34878,FALSE,0.17318566143512726
34879,FALSE,0
34893,FALSE,0.18321210145950317
34900,TRUE,0.5903533101081848
34903,FALSE,0
34910,FALSE,0
34915,FALSE,0.05996444821357727
34921,FALSE,0.00966956838965416
34922,FALSE,0.00803864561021328
34925,FALSE,0
34942,FALSE,0.11665257811546326
34943,FALSE,0.05063270032405853
34945,FALSE,0
34947,FALSE,0
34951,FALSE,0.018340546637773514
34952,FALSE,0
34956,FALSE,0.03469166159629822
34964,FALSE,0
34968,FALSE,0
34974,TRUE,0.47677454352378845
34975,FALSE,0
34982,FALSE,0.010819101706147194
34989,FALSE,0.18420623242855072
34991,TRUE,0.6085031032562256
34992,FALSE,0.008071198128163815
34993,FALSE,0
34995,FALSE,0.02222759835422039
34998,FALSE,0.03562299534678459
35000,FALSE,0.16958370804786682
35004,FALSE,0.02394331805408001
35013,FALSE,0.28983256220817566
35019,FALSE,0.012010360136628151
35023,FALSE,0.03350887820124626
35024,FALSE,0.03162558749318123
35035,FALSE,0.32517769932746887
35040,FALSE,0.09127860516309738
35048,TRUE,0.7441996335983276
35050,TRUE,0.4055374264717102
35051,FALSE,0.22753022611141205
35052,FALSE,0.03353254497051239
35054,FALSE,0.029017506167292595
35060,TRUE,0.4982072114944458
35068,FALSE,0
35076,FALSE,0.025336937978863716
35088,TRUE,0.589875340461731
35100,FALSE,0.1322176307439804
35107,FALSE,0
35108,FALSE,0
35123,FALSE,0.27019479870796204
35127,FALSE,0
35128,FALSE,0.055178433656692505
35134,FALSE,0
35139,TRUE,0.597621738910675
35141,FALSE,0.014167962595820427
35145,FALSE,0
35149,FALSE,0
35152,FALSE,0
35153,FALSE,0
35158,FALSE,0.013221925124526024
35159,FALSE,0.05525072664022446
35161,FALSE,0
35174,FALSE,0
35186,FALSE,0.05584082379937172
35188,FALSE,0.008578012697398663
35200,FALSE,0
35204,FALSE,0
35208,FALSE,0
35225,FALSE,0
35226,FALSE,0.021730978041887283
35227,FALSE,0
35228,TRUE,0.43552350997924805
35238,FALSE,0.019848354160785675
35248,FALSE,0
35250,FALSE,0.06586602330207825
35257,FALSE,0
35268,FALSE,0
35274,FALSE,0.07186705619096756
35275,TRUE,0.7311996817588806
35279,FALSE,0.011540778912603855
35289,FALSE,0.18170328438282013
35301,FALSE,0
35306,FALSE,0
35313,FALSE,0.033795617520809174
35317,FALSE,0.21384283900260925
35321,FALSE,0.06440061330795288
35329,FALSE,0
35331,FALSE,0
35336,FALSE,0.01615818589925766
35345,FALSE,0.010957845486700535
35351,FALSE,0
35363,FALSE,0
35365,FALSE,0.07586795836687088
35376,FALSE,0.029604656621813774
35385,FALSE,0
35386,FALSE,0.018560374155640602
35389,FALSE,0.037262171506881714
35390,FALSE,0.009998771362006664
35394,FALSE,0.03632960841059685
35395,TRUE,0.6234830021858215
35399,FALSE,0.012986499816179276
35405,FALSE,0
35426,FALSE,0
35428,FALSE,0.01492084376513958
35430,FALSE,0
35432,FALSE,0.031495511531829834
35434,FALSE,0
35441,FALSE,0.0758175402879715
35445,FALSE,0.19438466429710388
35447,FALSE,0.024863876402378082
35459,FALSE,0.022465810179710388
35463,FALSE,0
35470,FALSE,0.10234062373638153
35486,FALSE,0
35493,FALSE,0
35497,FALSE,0
35498,FALSE,0.24921344220638275
35500,FALSE,0.020902130752801895
35501,FALSE,0
35509,FALSE,0.0907614529132843
35524,FALSE,0.23201428353786469
35525,TRUE,0.6156662106513977
35528,TRUE,0.5985129475593567
35530,FALSE,0.1862003654241562
35532,FALSE,0.05128733441233635
35540,FALSE,0
35541,FALSE,0
35548,FALSE,0.3345554769039154
35551,FALSE,0
35554,FALSE,0.009493897669017315
35558,FALSE,0.08096110075712204
35561,FALSE,0.008016436360776424
35564,FALSE,0.11065609008073807
35568,FALSE,0.11325972527265549
35576,FALSE,0
35579,FALSE,0.010726016014814377
35589,FALSE,0
35591,FALSE,0.02609935589134693
35593,FALSE,0.008905207738280296
35594,FALSE,0.08158047497272491
35595,FALSE,0.26815274357795715
35601,FALSE,0
35604,FALSE,0.016423439607024193
35605,FALSE,0
35608,FALSE,0
35615,TRUE,0.3584870398044586
35617,FALSE,0.13422934710979462
35624,FALSE,0.009959012269973755
35631,FALSE,0.014959524385631084
35634,FALSE,0.2943308353424072
35648,FALSE,0.31074458360671997
35651,FALSE,0.016647638753056526
35653,FALSE,0.03458729013800621
35655,FALSE,0.20400871336460114
35669,FALSE,0
35679,FALSE,0.02790153957903385
35689,TRUE,0.5056145787239075
35691,FALSE,0
35692,FALSE,0
35693,FALSE,0.015794334933161736
35703,FALSE,0
35704,FALSE,0.0171233881264925
35721,TRUE,0.789592981338501
35727,FALSE,0
35728,FALSE,0
35734,FALSE,0.02059883065521717
35735,FALSE,0.023235592991113663
35739,FALSE,0.03225357457995415
35743,FALSE,0
35745,FALSE,0
35746,FALSE,0.10196655988693237
35753,FALSE,0.25246530771255493
35769,FALSE,0.24684283137321472
35771,FALSE,0.15667641162872314
35775,FALSE,0.034706395119428635
35781,FALSE,0
35794,FALSE,0
35795,TRUE,0.7683194279670715
35806,FALSE,0
35813,FALSE,0
35814,FALSE,0.03237570449709892
35828,FALSE,0.008704534731805325
35832,FALSE,0.03295889124274254
35834,TRUE,0.4078749716281891
35838,FALSE,0.005896597635000944
35846,FALSE,0.21179839968681335
35863,FALSE,0.03960740566253662
35864,FALSE,0
35872,TRUE,0.6464282274246216
35874,TRUE,0.3888218104839325
35893,FALSE,0.1786145269870758
35894,FALSE,0.05129063129425049
35896,FALSE,0
35904,FALSE,0.04781101271510124
35908,FALSE,0.17822080850601196
35909,FALSE,0.09382672607898712
35912,FALSE,0
35919,FALSE,0.14083631336688995
35920,FALSE,0.08928190171718597
35923,FALSE,0
35930,FALSE,0.06918755918741226
35932,FALSE,0.3093823492527008
35933,FALSE,0.040447331964969635
35936,FALSE,0.14435727894306183
35937,FALSE,0.036749180406332016
35941,FALSE,0.012389402836561203
35942,FALSE,0.012026326730847359
35947,FALSE,0.13004174828529358
35951,TRUE,0.44838637113571167
35953,FALSE,0
35956,FALSE,0.314867228269577
35957,TRUE,0.419371098279953
35959,FALSE,0.14272832870483398
35967,FALSE,0
35968,FALSE,0
35973,FALSE,0.18335038423538208
35980,FALSE,0.014332880266010761
35983,FALSE,0.043810658156871796
35987,FALSE,0.030362285673618317
35989,FALSE,0
35994,FALSE,0
36005,FALSE,0.02148071676492691
36006,FALSE,0.03244232386350632
36008,FALSE,0.1187068447470665
36010,FALSE,0
36017,FALSE,0.015598176047205925
36018,FALSE,0.024395791813731194
36020,FALSE,0
36024,TRUE,0.8024080395698547
36030,FALSE,0.08240897953510284
36037,TRUE,0.43331000208854675
36040,TRUE,0.41775190830230713
36042,FALSE,0
36043,FALSE,0.01571780815720558
36049,FALSE,0
36050,FALSE,0
36053,FALSE,0
36056,FALSE,0.061612825840711594
36062,FALSE,0
36073,FALSE,0.04356927052140236
36091,TRUE,0.3467308580875397
36092,FALSE,0
36097,FALSE,0.299593985080719
36104,FALSE,0.023198459297418594
36105,FALSE,0
36107,FALSE,0
36110,FALSE,0
36116,FALSE,0
36127,FALSE,0.3322742283344269
36134,FALSE,0.05422389879822731
36143,FALSE,0.14585192501544952
36150,FALSE,0
36153,FALSE,0.0153479790315032
36156,FALSE,0.0673980563879013
36158,FALSE,0.06477373838424683
36161,FALSE,0.05089671164751053
36175,FALSE,0.016848230734467506
36179,TRUE,0.38512882590293884
36181,TRUE,0.44604331254959106
36189,FALSE,0.027534829452633858
36190,FALSE,0.2705773711204529
36195,FALSE,0
36201,TRUE,0.35767096281051636
36205,FALSE,0.19756188988685608
36219,FALSE,0.010089367628097534
36226,FALSE,0.02477547712624073
36228,FALSE,0.22424571216106415
36231,FALSE,0.09525609761476517
36235,FALSE,0.13932573795318604
36238,FALSE,0.26523977518081665
36244,FALSE,0
36248,FALSE,0.030878186225891113
36265,FALSE,0
36266,FALSE,0.061790209263563156
36267,FALSE,0.023204689845442772
36269,FALSE,0.10334727168083191
36271,TRUE,0.7574647068977356
36274,FALSE,0
36275,TRUE,0.5715643763542175
36279,FALSE,0.03266994655132294
36284,FALSE,0.11355423927307129
36286,FALSE,0
36289,FALSE,0.1038142666220665
36300,FALSE,0.17868371307849884
36303,FALSE,0.21354299783706665
36307,FALSE,0
36308,FALSE,0.15374797582626343
36337,FALSE,0.016515718773007393
36340,FALSE,0
36347,FALSE,0
36348,FALSE,0.0798245444893837
36349,FALSE,0
36351,FALSE,0
36352,FALSE,0
36358,FALSE,0
36362,FALSE,0
36365,FALSE,0
36374,FALSE,0
36381,FALSE,0
36382,FALSE,0
36384,FALSE,0
36386,FALSE,0
36391,FALSE,0
36393,FALSE,0
36397,FALSE,0
36405,FALSE,0.09320258349180222
36414,FALSE,0
36415,FALSE,0
36417,FALSE,0
36418,FALSE,0.29954102635383606
36431,FALSE,0.024703748524188995
36441,FALSE,0.06729170680046082
36443,FALSE,0.12769512832164764
36444,FALSE,0
36459,FALSE,0
36469,FALSE,0
36475,FALSE,0
36479,FALSE,0.015247697941958904
36485,FALSE,0
36487,FALSE,0
36490,FALSE,0
36497,FALSE,0
36498,FALSE,0
36503,FALSE,0
36524,FALSE,0
36526,FALSE,0
36530,FALSE,0
36533,FALSE,0
36534,FALSE,0.02682485617697239
36546,FALSE,0
36554,FALSE,0
36559,FALSE,0
36562,FALSE,0
36563,FALSE,0.025136098265647888
36568,FALSE,0.09106027334928513
36578,FALSE,0
36579,FALSE,0
36580,FALSE,0
36581,FALSE,0
36583,FALSE,0
36584,FALSE,0
36594,FALSE,0
36598,FALSE,0
36624,FALSE,0.08407194912433624
36625,FALSE,0
36634,FALSE,0
36635,FALSE,0
36636,FALSE,0
36637,FALSE,0.005451505538076162
36639,FALSE,0.023371413350105286
36640,FALSE,0.0928410217165947
36642,TRUE,0.5057724714279175
36644,FALSE,0
36653,FALSE,0
36654,FALSE,0.15477174520492554
36655,FALSE,0.07175443321466446
36656,FALSE,0.026516728103160858
36661,FALSE,0
36664,FALSE,0
36670,TRUE,0.4329676926136017
36673,FALSE,0.1980685293674469
36680,FALSE,0
36683,FALSE,0
36690,FALSE,0.048461951315402985
36692,TRUE,0.4475352466106415
36694,FALSE,0
36696,FALSE,0.15253253281116486
36697,FALSE,0.02880663052201271
36698,FALSE,0.008134337142109871
36709,FALSE,0
36713,FALSE,0.01955620013177395
36725,FALSE,0
36731,FALSE,0.03145577013492584
36741,FALSE,0
36744,FALSE,0.03943721950054169
36751,FALSE,0
36753,FALSE,0
36756,FALSE,0
36759,FALSE,0
36760,FALSE,0.013549874536693096
36763,FALSE,0
36770,FALSE,0
36775,FALSE,0
36779,FALSE,0.02228377014398575
36783,FALSE,0
36786,FALSE,0
36792,FALSE,0.09180082380771637
36793,FALSE,0.013263711705803871
36794,FALSE,0
36796,TRUE,0.5591173768043518
36800,FALSE,0.21980640292167664
36801,FALSE,0.06729743629693985
36802,FALSE,0.020780010148882866
36803,TRUE,0.4362035095691681
36805,FALSE,0
36809,FALSE,0.1379988193511963
36811,FALSE,0.1381085216999054
36813,FALSE,0.03038281574845314
36816,TRUE,0.4333565831184387
36841,FALSE,0
36842,FALSE,0
36853,FALSE,0
36859,FALSE,0
36860,TRUE,0.8625763058662415
36866,FALSE,0
36868,TRUE,0.42467930912971497
36873,FALSE,0
36875,FALSE,0.028463000431656837
36879,FALSE,0
36881,FALSE,0
36883,TRUE,0.7786551117897034
36885,FALSE,0
36886,FALSE,0
36889,FALSE,0
36890,FALSE,0
36895,TRUE,0.40204283595085144
36904,FALSE,0
36905,TRUE,0.4128030240535736
36908,FALSE,0
36917,FALSE,0
36921,FALSE,0
36938,FALSE,0
36942,FALSE,0.2513832747936249
36943,TRUE,0.49100813269615173
36952,FALSE,0
36953,FALSE,0
36954,FALSE,0
36956,FALSE,0
36960,FALSE,0.10172709822654724
36963,FALSE,0
36969,FALSE,0.009797893464565277
36972,FALSE,0
36974,FALSE,0
36980,FALSE,0
36993,FALSE,0.042532697319984436
36995,FALSE,0.041214488446712494
36997,FALSE,0.020664021372795105
37003,FALSE,0
37004,FALSE,0.18336893618106842
37011,FALSE,0
37013,FALSE,0
37014,FALSE,0
37015,TRUE,0.46841761469841003
37028,FALSE,0
37031,FALSE,0
37035,TRUE,0.6137872338294983
37039,FALSE,0
37043,FALSE,0.00655202753841877
37047,FALSE,0
37051,FALSE,0
37054,FALSE,0
37057,FALSE,0
37060,FALSE,0
37062,FALSE,0.045716043561697006
37069,FALSE,0
37070,FALSE,0
37075,FALSE,0.2888253331184387
37088,FALSE,0
37094,FALSE,0
37096,FALSE,0
37098,FALSE,0
37100,FALSE,0
37110,FALSE,0
37114,FALSE,0
37116,FALSE,0
37117,FALSE,0
37123,FALSE,0
37126,TRUE,0.38665881752967834
37128,FALSE,0
37130,FALSE,0
37133,FALSE,0
37134,FALSE,0
37135,FALSE,0
37139,FALSE,0
37145,FALSE,0
37148,FALSE,0
37162,TRUE,0.42469099164009094
37166,FALSE,0
37168,FALSE,0
37171,FALSE,0
37177,FALSE,0
37180,FALSE,0
37182,FALSE,0
37183,FALSE,0
37188,TRUE,0.717986524105072
37190,FALSE,0
37192,FALSE,0.009493059478700161
37197,FALSE,0
37198,FALSE,0
37200,FALSE,0
37203,FALSE,0
37206,FALSE,0
37209,FALSE,0
37210,FALSE,0
37214,FALSE,0
37218,FALSE,0
37224,FALSE,0
37227,FALSE,0.11421724408864975
37232,FALSE,0
37244,FALSE,0
37252,FALSE,0
37259,FALSE,0
37260,FALSE,0.04519994929432869
37263,TRUE,0.47429928183555603
37267,FALSE,0
37274,FALSE,0
37277,FALSE,0
37279,FALSE,0.02639767900109291
37288,FALSE,0
37291,FALSE,0
37292,TRUE,0.5357402563095093
37293,FALSE,0
37298,FALSE,0
37303,FALSE,0
37320,FALSE,0.20352508127689362
37327,FALSE,0.0451476126909256
37340,FALSE,0.28395605087280273
37343,FALSE,0
37345,FALSE,0
37350,FALSE,0
37362,FALSE,0
37364,FALSE,0
37378,FALSE,0.006459553260356188
37380,FALSE,0
37381,FALSE,0.00841618049889803
37383,FALSE,0.05593455955386162
37387,TRUE,0.6185492873191833
37403,FALSE,0.1711064577102661
37407,FALSE,0
37411,FALSE,0
37416,FALSE,0.08572032302618027
37420,FALSE,0
37429,FALSE,0
37434,FALSE,0
37439,FALSE,0.2259279191493988
37444,FALSE,0.128026083111763
37447,FALSE,0
37453,FALSE,0.029719917103648186
37455,FALSE,0
37456,FALSE,0
37461,FALSE,0.02296535111963749
37466,FALSE,0
37469,FALSE,0
37478,FALSE,0.1880958378314972
37488,FALSE,0
37490,FALSE,0.02907058224081993
37503,FALSE,0.18016672134399414
37505,FALSE,0
37507,FALSE,0.008280361071228981
37517,FALSE,0
37520,FALSE,0.021706722676753998
37522,FALSE,0
37527,FALSE,0
37538,FALSE,0
37545,FALSE,0
37551,FALSE,0
37553,FALSE,0
37555,FALSE,0
37563,FALSE,0.026732701808214188
37564,FALSE,0
37565,FALSE,0
37568,FALSE,0
37577,FALSE,0.010372893884778023
37583,FALSE,0.04883766546845436
37586,FALSE,0
37591,FALSE,0
37597,FALSE,0.009679581969976425
37599,FALSE,0.11525751650333405
37603,FALSE,0
37606,FALSE,0
37612,FALSE,0.03695918619632721
37618,FALSE,0
37619,TRUE,0.5486218333244324
37621,FALSE,0
37633,TRUE,0.6908127665519714
37640,FALSE,0.23039205372333527
37643,FALSE,0
37648,FALSE,0
37651,FALSE,0
37652,FALSE,0
37656,FALSE,0
37658,FALSE,0.013219114392995834
37659,FALSE,0
37669,TRUE,0.7529764175415039
37670,FALSE,0
37671,FALSE,0.22403493523597717
37675,FALSE,0
37681,FALSE,0
37682,FALSE,0
37683,FALSE,0
37684,FALSE,0
37698,FALSE,0
37703,FALSE,0.013452325016260147
37706,FALSE,0.163563534617424
37711,FALSE,0
37713,FALSE,0.23492331802845
37722,FALSE,0
37729,TRUE,0.5850481986999512
37731,FALSE,0.00869004800915718
37735,FALSE,0
37736,FALSE,0
37755,FALSE,0
37757,FALSE,0
37758,FALSE,0.10147786885499954
37759,FALSE,0
37766,FALSE,0
37773,FALSE,0
37775,FALSE,0
37786,FALSE,0
37789,FALSE,0
37791,FALSE,0
37793,FALSE,0.033210091292858124
37800,FALSE,0
37801,FALSE,0
37811,FALSE,0.004920854698866606
37815,FALSE,0.054209399968385696
37816,FALSE,0.09153775870800018
37825,TRUE,0.8423227667808533
37829,FALSE,0
37830,FALSE,0.1163615733385086
37836,TRUE,0.47796115279197693
37838,FALSE,0
37839,FALSE,0.1694474071264267
37844,FALSE,0
37845,FALSE,0.035220686346292496
37853,FALSE,0.04788612574338913
37856,FALSE,0.021603865548968315
37870,FALSE,0
37873,FALSE,0
37877,FALSE,0.012312019243836403
37898,FALSE,0
37903,TRUE,0.4017239212989807
37906,FALSE,0
37908,FALSE,0
37909,TRUE,0.500475287437439
37915,FALSE,0
37917,FALSE,0
37925,FALSE,0
37930,FALSE,0
37955,FALSE,0
37957,FALSE,0
37961,FALSE,0
37971,FALSE,0
37975,FALSE,0
37978,FALSE,0
37991,FALSE,0
37994,FALSE,0
37998,FALSE,0
38000,FALSE,0.054772790521383286
38005,FALSE,0.08889482170343399
38024,FALSE,0
38031,FALSE,0
38033,FALSE,0
38038,FALSE,0
38040,FALSE,0
38045,FALSE,0.03866015002131462
38048,FALSE,0
38050,FALSE,0
38053,TRUE,0.8775522708892822
38060,FALSE,0
38067,FALSE,0
38081,FALSE,0
38094,FALSE,0
38098,FALSE,0
38099,FALSE,0
38101,FALSE,0
38102,TRUE,0.7723179459571838
38113,FALSE,0
38120,FALSE,0
38127,FALSE,0
38129,FALSE,0.18004366755485535
38130,FALSE,0.014257465489208698
38146,TRUE,0.6815991997718811
38148,FALSE,0.019637232646346092
38149,FALSE,0.20138302445411682
38158,FALSE,0
38162,TRUE,0.3985274136066437
38170,FALSE,0
38173,FALSE,0.3290643095970154
38174,FALSE,0
38175,FALSE,0
38180,TRUE,0.6555675268173218
38185,FALSE,0.034132085740566254
38187,FALSE,0
38191,FALSE,0
38198,FALSE,0.022641457617282867
38199,FALSE,0.1932525485754013
38200,FALSE,0
38205,FALSE,0.05690286308526993
38206,FALSE,0.124968983232975
38217,FALSE,0
38225,TRUE,0.7409415245056152
38227,FALSE,0.25750163197517395
38235,FALSE,0.0931202620267868
38239,FALSE,0.006218769587576389
38242,FALSE,0
38255,FALSE,0.18362444639205933
38257,FALSE,0
38258,FALSE,0.08196934312582016
38270,FALSE,0
38273,FALSE,0
38274,FALSE,0
38282,TRUE,0.8488829731941223
38283,FALSE,0
38307,FALSE,0.16442568600177765
38308,FALSE,0
38310,FALSE,0.21677745878696442
38313,FALSE,0.09991422295570374
38322,FALSE,0
38323,FALSE,0
38325,FALSE,0
38326,FALSE,0.027205048128962517
38331,FALSE,0
38332,TRUE,0.4471157193183899
38333,FALSE,0.1420508474111557
38340,FALSE,0
38342,FALSE,0
38344,FALSE,0.04143202677369118
38359,FALSE,0
38363,FALSE,0.057690005749464035
38364,FALSE,0.0450579859316349
38365,FALSE,0
38366,FALSE,0.02838549017906189
38385,FALSE,0.024921372532844543
38393,FALSE,0
38395,FALSE,0.25267669558525085
38398,FALSE,0
38407,FALSE,0
38410,FALSE,0.024585509672760963
38423,TRUE,0.42216408252716064
38429,FALSE,0
38430,FALSE,0
38434,TRUE,0.4722521901130676
38436,FALSE,0
38445,FALSE,0
38461,FALSE,0.029643436893820763
38462,FALSE,0.15066179633140564
38466,FALSE,0.32385724782943726
38467,TRUE,0.6512724757194519
38474,FALSE,0
38476,FALSE,0
38483,TRUE,0.6912063956260681
38484,FALSE,0.04559043422341347
38491,FALSE,0.02718632109463215
38495,FALSE,0
38496,FALSE,0
38499,TRUE,0.633798360824585
38502,FALSE,0
38503,FALSE,0.01446077972650528
38504,FALSE,0
38515,FALSE,0.2831141948699951
38523,FALSE,0
38524,FALSE,0.044148627668619156
38526,FALSE,0
38547,FALSE,0
38548,TRUE,0.6508040428161621
38550,FALSE,0.23198479413986206
38554,FALSE,0
38570,FALSE,0
38580,FALSE,0.06124699488282204
38592,FALSE,0
38594,FALSE,0.23332583904266357
38598,FALSE,0
38601,FALSE,0
38605,FALSE,0.010837335139513016
38606,FALSE,0.12467866390943527
38616,FALSE,0.19803591072559357
38619,FALSE,0.29391899704933167
38621,FALSE,0.012883053161203861
38623,TRUE,0.6895961761474609
38626,FALSE,0
38628,TRUE,0.34762147068977356
38635,FALSE,0
38645,TRUE,0.42158418893814087
38652,FALSE,0
38656,FALSE,0
38660,FALSE,0
38664,TRUE,0.6420249342918396
38665,FALSE,0.029072189703583717
38677,FALSE,0
38682,FALSE,0
38688,FALSE,0
38691,FALSE,0
38693,FALSE,0
38695,FALSE,0
38698,FALSE,0.012474470771849155
38703,TRUE,0.4391153156757355
38706,FALSE,0
38709,FALSE,0.17204245924949646
38713,FALSE,0
38718,FALSE,0.09873314201831818
38719,FALSE,0
38721,TRUE,0.43730461597442627
38725,FALSE,0.010597812943160534
38735,FALSE,0.06323225796222687
38736,FALSE,0.0830221101641655
38739,FALSE,0
38742,FALSE,0.021501002833247185
38745,TRUE,0.5204756259918213
38748,FALSE,0.013746107928454876
38765,FALSE,0.058405667543411255
38769,FALSE,0
38770,FALSE,0.051628477871418
38773,TRUE,0.6378436088562012
38775,FALSE,0
38783,FALSE,0
38789,FALSE,0.04807676747441292
38792,FALSE,0.02018023282289505
38799,FALSE,0.02055765502154827
38802,FALSE,0.06625471264123917
38812,FALSE,0.05591167137026787
38818,FALSE,0
38821,FALSE,0.05164148285984993
38823,FALSE,0.026399562135338783
38830,FALSE,0
38831,FALSE,0
38833,FALSE,0.00973888672888279
38837,TRUE,0.5064393281936646
38839,FALSE,0.007494652643799782
38842,FALSE,0
38856,FALSE,0
38859,FALSE,0
38864,FALSE,0.03319152817130089
38866,TRUE,0.3724059760570526
38870,FALSE,0.17851246893405914
38877,TRUE,0.37546777725219727
38879,TRUE,0.39400389790534973
38885,FALSE,0
38886,FALSE,0.12862560153007507
38888,FALSE,0.2325335294008255
38893,FALSE,0
38912,TRUE,0.3927731215953827
38915,FALSE,0
38916,TRUE,0.5342279076576233
38918,FALSE,0
38921,FALSE,0.037381406873464584
38932,FALSE,0.09971066564321518
38936,FALSE,0.02765583246946335
38943,FALSE,0
38947,FALSE,0.007699660491198301
38957,FALSE,0
38960,FALSE,0.06223466992378235
38964,FALSE,0
38969,FALSE,0
38983,FALSE,0.04152211546897888
38984,FALSE,0.09913218021392822
38986,TRUE,0.39959681034088135
38992,FALSE,0.05446818843483925
38995,FALSE,0.046532582491636276
38996,FALSE,0
38998,FALSE,0.01173468679189682
39034,TRUE,0.7810370922088623
39037,FALSE,0
39039,FALSE,0
39046,FALSE,0
39047,FALSE,0.07945312559604645
39053,FALSE,0.021852169185876846
39066,FALSE,0.02044166810810566
39067,FALSE,0.18552765250205994
39071,FALSE,0.2882550060749054
39072,FALSE,0.012863135896623135
39077,TRUE,0.5993313789367676
39085,TRUE,0.6701850891113281
39089,FALSE,0.019655931740999222
39090,FALSE,0
39093,FALSE,0.08315694332122803
39099,FALSE,0
39107,FALSE,0.007964225485920906
39111,FALSE,0
39113,FALSE,0.10476543009281158
39115,TRUE,0.3845633268356323
39118,FALSE,0.014622751623392105
39120,FALSE,0.037154071033000946
39128,FALSE,0
39132,TRUE,0.7865944504737854
39134,TRUE,0.5011305212974548
39137,FALSE,0.011172550730407238
39138,TRUE,0.5274951457977295
39140,FALSE,0.15985964238643646
39144,FALSE,0.03025961108505726
39147,FALSE,0.2291756272315979
39150,FALSE,0.026045186445116997
39154,FALSE,0.1673968881368637
39163,FALSE,0
39167,FALSE,0.025505246594548225
39169,FALSE,0
39175,FALSE,0
39179,FALSE,0
39194,FALSE,0.28007936477661133
39203,TRUE,0.45560353994369507
39204,FALSE,0.007715937215834856
39210,FALSE,0
39216,TRUE,0.8189504742622375
39229,TRUE,0.7106430530548096
39230,FALSE,0.020325692370533943
39234,FALSE,0.33230629563331604
39240,FALSE,0.0049837734550237656
39241,FALSE,0.13926321268081665
39255,TRUE,0.37021976709365845
39256,FALSE,0
39257,FALSE,0.0112844817340374
39261,TRUE,0.3696497678756714
39269,FALSE,0
39275,FALSE,0
39281,FALSE,0
39282,FALSE,0
39283,FALSE,0.04231535270810127
39287,FALSE,0.14822699129581451
39297,FALSE,0
39301,FALSE,0
39306,FALSE,0.19398584961891174
39307,FALSE,0
39315,FALSE,0.28730714321136475
39322,FALSE,0
39326,FALSE,0.16752144694328308
39334,FALSE,0.023221002891659737
39336,FALSE,0
39338,FALSE,0.06973421573638916
39342,FALSE,0.018926061689853668
39344,FALSE,0.012316014617681503
39351,FALSE,0
39360,FALSE,0
39363,TRUE,0.46015241742134094
39372,TRUE,0.48826736211776733
39376,FALSE,0.18489786982536316
39378,FALSE,0
39390,FALSE,0.006373117677867413
39393,FALSE,0
39396,FALSE,0.1366298794746399
39398,FALSE,0
39399,FALSE,0
39400,FALSE,0
39403,FALSE,0.036404799669981
39406,FALSE,0.050570402294397354
39411,TRUE,0.4587573707103729
39420,FALSE,0.010655289515852928
39425,FALSE,0.0703195109963417
39434,FALSE,0.028646185994148254
39437,FALSE,0.024142839014530182
39439,FALSE,0.06101834774017334
39443,FALSE,0
39449,FALSE,0
39454,FALSE,0
39455,FALSE,0.008191504515707493
39457,TRUE,0.8755146861076355
39459,FALSE,0
39468,FALSE,0.09824320673942566
39470,FALSE,0.04857199266552925
39471,FALSE,0.008507090620696545
39492,FALSE,0.01040858868509531
39497,FALSE,0
39508,FALSE,0
39510,FALSE,0.041849054396152496
39511,FALSE,0
39520,FALSE,0
39521,FALSE,0
39524,FALSE,0.18923601508140564
39528,TRUE,0.6496356725692749
39531,FALSE,0.17427238821983337
39533,FALSE,0
39534,TRUE,0.7527182698249817
39537,FALSE,0
39540,TRUE,0.5007370114326477
39548,FALSE,0
39555,FALSE,0
39567,FALSE,0
39581,FALSE,0
39589,FALSE,0.006386253982782364
39591,FALSE,0
39594,FALSE,0.10088024288415909
39596,FALSE,0.029545284807682037
39599,FALSE,0.025587620213627815
39604,FALSE,0.09345977753400803
39610,FALSE,0
39612,FALSE,0.16412711143493652
39624,TRUE,0.3954659402370453
39629,FALSE,0
39634,FALSE,0
39646,FALSE,0.07632721215486526
39650,FALSE,0
39656,FALSE,0.24966728687286377
39666,FALSE,0.022614924237132072
39673,FALSE,0.028830397874116898
39678,FALSE,0.05565933883190155
39687,FALSE,0.038455381989479065
39699,FALSE,0.006326841190457344
39707,FALSE,0
39712,FALSE,0
39714,FALSE,0
39718,TRUE,0.7018246650695801
39725,FALSE,0.012701882049441338
39743,FALSE,0.024509454146027565
39748,FALSE,0.04253917559981346
39771,TRUE,0.6018057465553284
39778,FALSE,0.009408908896148205
39780,FALSE,0
39781,FALSE,0.005184885114431381
39782,TRUE,0.38316887617111206
39783,FALSE,0.02523261122405529
39788,FALSE,0.027520079165697098
39791,TRUE,0.668716311454773
39795,FALSE,0
39799,FALSE,0
39800,FALSE,0
39801,FALSE,0
39804,FALSE,0
39814,TRUE,0.39303627610206604
39820,FALSE,0
39827,FALSE,0.013963698409497738
39828,FALSE,0
39834,FALSE,0
39838,TRUE,0.48251277208328247
39847,TRUE,0.4796679615974426
39851,FALSE,0.08180837333202362
39854,FALSE,0
39861,FALSE,0.04347389563918114
39866,FALSE,0
39870,FALSE,0
39878,FALSE,0.01847212202847004
39879,FALSE,0.1297730952501297
39880,FALSE,0.023483609780669212
39882,TRUE,0.64603424072265625
39883,FALSE,0.27177122235298157
39887,TRUE,0.5471339821815491
39889,TRUE,0.6020490527153015
39890,FALSE,0.0048775440081954
39891,FALSE,0.011935350485146046
39903,FALSE,0.04275154694914818
39907,FALSE,0.1684529185295105
39910,TRUE,0.6758067607879639
39930,FALSE,0.005776624660938978
39935,FALSE,0.07294750213623047
39939,TRUE,0.3772406578063965
39948,FALSE,0.022857356816530228
39952,FALSE,0
39955,FALSE,0.2025803178548813
39957,FALSE,0.0487210638821125
39960,TRUE,0.3901180922985077
39966,FALSE,0.21990571916103363
39968,FALSE,0
39972,FALSE,0
39981,FALSE,0.003677345346659422
39982,FALSE,0
39996,FALSE,0.0061325328424572945
39998,FALSE,0
39999,TRUE,0.5079739689826965
40001,FALSE,0
40003,FALSE,0
40006,FALSE,0.3256860375404358
40007,TRUE,0.8168705701828003
40014,FALSE,0
40015,FALSE,0.24555745720863342
40022,TRUE,0.46045926213264465
40028,FALSE,0
40029,FALSE,0.05148153007030487
40031,FALSE,0
40040,FALSE,0.11622583121061325
40041,FALSE,0
40043,FALSE,0.007294759154319763
40054,FALSE,0
40058,FALSE,0.034198857843875885
40059,FALSE,0.20465737581253052
40060,TRUE,0.36166179180145264
40068,FALSE,0.006925547029823065
40069,FALSE,0.09930285811424255
40075,FALSE,0
40080,FALSE,0
40090,FALSE,0
40120,FALSE,0.31953316926956177
40122,TRUE,0.5599064230918884
40125,FALSE,0.2652580440044403
40131,FALSE,0.07455772906541824
40138,FALSE,0.05278373509645462
40143,FALSE,0.026785269379615784
40144,FALSE,0
40145,FALSE,0.005823812447488308
40147,FALSE,0.035728517919778824
40149,FALSE,0
40152,FALSE,0
40160,FALSE,0.017532983794808388
40166,FALSE,0
40171,FALSE,0.013014265336096287
40173,FALSE,0.11029364168643951
40174,FALSE,0.00887276791036129
40176,FALSE,0.09469860792160034
40181,FALSE,0.1312088817358017
40183,FALSE,0
40193,FALSE,0.006478735711425543
40196,FALSE,0
40199,FALSE,0.15661628544330597
40203,TRUE,0.7538244128227234
40210,FALSE,0.03518299385905266
40215,FALSE,0.025233158841729164
40220,FALSE,0.00437821913510561
40223,FALSE,0.04275069013237953
40224,FALSE,0.007822336629033089
40225,FALSE,0.019314231351017952
40230,FALSE,0.2319522351026535
40231,FALSE,0
40232,FALSE,0.04144040867686272
40235,FALSE,0
40236,FALSE,0
40238,FALSE,0.04819237068295479
40240,TRUE,0.40935462713241577
40242,FALSE,0.05099273845553398
40252,FALSE,0
40256,FALSE,0.004675678443163633
40258,FALSE,0
40260,FALSE,0
40262,FALSE,0.057726580649614334
40265,FALSE,0
40280,FALSE,0.16564351320266724
40281,FALSE,0.17828814685344696
40283,FALSE,0
40285,FALSE,0
40288,FALSE,0.007211341522634029
40293,FALSE,0.013116906397044659
40294,FALSE,0
40295,FALSE,0.05499209091067314
40296,TRUE,0.46433502435684204
40298,FALSE,0
40321,FALSE,0.056427307426929474
40326,TRUE,0.45375868678092957
40327,FALSE,0.006788549013435841
40329,FALSE,0
40330,FALSE,0.06682253628969193
40339,FALSE,0
40343,FALSE,0.17340809106826782
40344,FALSE,0
40345,FALSE,0
40355,TRUE,0.6004204154014587
40357,FALSE,0.1382407695055008
40358,FALSE,0
40359,FALSE,0
40362,TRUE,0.7059252858161926
40366,TRUE,0.4293174147605896
40367,FALSE,0
40368,FALSE,0.01682094670832157
40370,FALSE,0.013795305974781513
40377,TRUE,0.7862271666526794
40390,FALSE,0
40395,FALSE,0.10084176063537598
40407,FALSE,0.0025444114580750465
40421,FALSE,0
40424,FALSE,0.0770021378993988
40430,FALSE,0.044344570487737656
40433,FALSE,0
40434,FALSE,0.08710449934005737
40435,FALSE,0
40437,FALSE,0
40440,FALSE,0
40441,FALSE,0.009097873233258724
40446,FALSE,0.005326409824192524
40448,FALSE,0.015009000897407532
40453,TRUE,0.6668387651443481
40455,FALSE,0.18691954016685486
40462,FALSE,0.028576364740729332
40466,FALSE,0.017705289646983147
40480,FALSE,0.04574551060795784
40482,FALSE,0
40483,FALSE,0
40484,FALSE,0
40493,FALSE,0.006622619461268187
40495,TRUE,0.4162214994430542
40496,FALSE,0.10617388039827347
40505,FALSE,0.05218358337879181
40506,TRUE,0.557621955871582
40511,FALSE,0
40512,FALSE,0.13709963858127594
40513,FALSE,0
40515,FALSE,0
40516,FALSE,0
40522,FALSE,0.004851391538977623
40534,FALSE,0
40545,FALSE,0.20236366987228394
40547,FALSE,0
40553,FALSE,0.08885729312896729
40556,FALSE,0
40557,FALSE,0
40562,FALSE,0.1585148274898529
40565,FALSE,0
40566,TRUE,0.6612973213195801
40567,TRUE,0.4549642503261566
40568,FALSE,0.017460905015468597
40577,FALSE,0
40578,FALSE,0.008419468067586422
40582,FALSE,0
40583,FALSE,0.23624345660209656
40584,FALSE,0.03472306951880455
40586,FALSE,0.06861541420221329
40589,FALSE,0.32502129673957825
40591,FALSE,0
40593,TRUE,0.46515241265296936
40595,FALSE,0
40599,FALSE,0.030910015106201172
40608,FALSE,0
40612,FALSE,0
40614,TRUE,0.6748175024986267
40615,TRUE,0.4970245957374573
40618,FALSE,0
40620,TRUE,0.6015808582305908
40629,TRUE,0.4445706903934479
40630,TRUE,0.39440032839775085
40632,FALSE,0
40635,FALSE,0
40637,FALSE,0
40640,FALSE,0
40642,FALSE,0
40644,TRUE,0.6704453229904175
40653,FALSE,0
40664,FALSE,0.09069867432117462
40670,FALSE,0
40674,FALSE,0.1579536497592926
40678,FALSE,0.009252513758838177
40684,FALSE,0
40685,FALSE,0
40688,FALSE,0
40690,FALSE,0
40694,FALSE,0
40695,FALSE,0.00614584656432271
40704,FALSE,0.05071307346224785
40705,FALSE,0
40710,TRUE,0.648124098777771
40711,FALSE,0.08450907468795776
40714,FALSE,0
40715,FALSE,0.01516625564545393
40717,FALSE,0.03421381488442421
40723,FALSE,0.035134460777044296
40724,FALSE,0.19958710670471191
40726,TRUE,0.7089369297027588
40730,FALSE,0
40742,FALSE,0.021480731666088104
40744,FALSE,0
40749,FALSE,0.15180301666259766
40750,FALSE,0
40760,FALSE,0.08413223922252655
40766,FALSE,0.02083258144557476
40776,FALSE,0.0696515366435051
40786,FALSE,0.033271219581365585
40787,FALSE,0.02415560930967331
40793,FALSE,0.03663630783557892
40812,FALSE,0.04909208416938782
40813,FALSE,0.006040812935680151
40818,FALSE,0
40822,FALSE,0
40834,FALSE,0.0360550619661808
40847,FALSE,0.0264125969260931
40848,FALSE,0
40851,FALSE,0
40852,FALSE,0
40864,FALSE,0.11002834141254425
40868,FALSE,0
40878,FALSE,0
40882,FALSE,0
40883,FALSE,0
40889,FALSE,0.01115310750901699
40890,FALSE,0
40891,FALSE,0
40894,TRUE,0.56949782371521
40901,FALSE,0.018292270600795746
40905,FALSE,0.04765618219971657
40922,FALSE,0.0037630980368703604
40933,TRUE,0.6760976314544678
40957,FALSE,0
40958,FALSE,0.01691480167210102
40960,FALSE,0.020968930795788765
40963,FALSE,0.044955458492040634
40965,FALSE,0.2545301914215088
40973,FALSE,0
40982,FALSE,0
40985,FALSE,0
40986,FALSE,0
40988,FALSE,0.014501772820949554
41007,FALSE,0
41012,TRUE,0.7981043457984924
41021,TRUE,0.5606148838996887
41026,FALSE,0
41028,FALSE,0
41031,FALSE,0
41037,FALSE,0
41042,FALSE,0.038235072046518326
41046,FALSE,0
41047,TRUE,0.4321850538253784
41048,TRUE,0.700350284576416
41049,FALSE,0.014751605689525604
41057,FALSE,0
41062,FALSE,0
41068,FALSE,0
41082,FALSE,0.09643598645925522
41083,TRUE,0.4763511121273041
41086,TRUE,0.7025182843208313
41095,FALSE,0.021310199052095413
41098,FALSE,0.013072870671749115
41103,FALSE,0.005743489600718021
41109,FALSE,0
41114,FALSE,0
41121,FALSE,0
41129,FALSE,0.10765525698661804
41133,FALSE,0.016050701960921288
41139,TRUE,0.7853301167488098
41146,FALSE,0.014367512427270412
41174,FALSE,0.009595566429197788
41179,TRUE,0.4515361487865448
41189,FALSE,0.03344966471195221
41193,FALSE,0
41201,FALSE,0.039969634264707565
41208,TRUE,0.6764166355133057
41209,FALSE,0.06658173352479935
41210,FALSE,0
41213,FALSE,0
41229,FALSE,0.17350102961063385
41230,FALSE,0.011811868287622929
41239,FALSE,0
41264,TRUE,0.37131547927856445
41265,FALSE,0
41273,FALSE,0.01670520380139351
41274,FALSE,0.10174711793661118
41277,FALSE,0.030563896521925926
41278,FALSE,0.05410180613398552
41289,FALSE,0
41291,FALSE,0.01646149531006813
41299,FALSE,0.016490619629621506
41315,FALSE,0
41316,TRUE,0.7329867482185364
41321,TRUE,0.4137924909591675
41322,TRUE,0.4263902008533478
41333,FALSE,0
41337,FALSE,0
41339,FALSE,0
41344,FALSE,0
41350,FALSE,0.021359406411647797
41363,FALSE,0
41365,TRUE,0.6314114332199097
41373,TRUE,0.5527107119560242
41378,FALSE,0
41387,FALSE,0
41390,TRUE,0.46863502264022827
41394,FALSE,0
41404,FALSE,0.06928858160972595
41408,FALSE,0
41410,FALSE,0
41420,FALSE,0.22568830847740173
41421,FALSE,0
41424,TRUE,0.4523215889930725
41425,FALSE,0.009075889363884926
41426,FALSE,0.0077939326874911785
41429,FALSE,0
41447,FALSE,0.07575849443674088
41453,FALSE,0.12584511935710907
41463,FALSE,0.012206068262457848
41465,FALSE,0
41470,FALSE,0.09992875158786774
41485,FALSE,0
41489,FALSE,0
41491,FALSE,0.013225902803242207
41495,FALSE,0
41499,FALSE,0
41519,FALSE,0.05701208859682083
41521,TRUE,0.3838002383708954
41527,FALSE,0
41534,FALSE,0.09470901638269424
41535,FALSE,0.027494823560118675
41536,FALSE,0.07142683863639832
41539,TRUE,0.7682440280914307
41542,FALSE,0.009356592781841755
41545,FALSE,0.02039780281484127
41547,FALSE,0
41551,FALSE,0
41558,FALSE,0.013816574588418007
41559,FALSE,0.05068940296769142
41564,FALSE,0.02223745547235012
41569,FALSE,0
41571,TRUE,0.7061846852302551
41572,FALSE,0
41576,FALSE,0.014596639201045036
41583,FALSE,0
41588,FALSE,0
41589,FALSE,0
41593,FALSE,0
41598,FALSE,0
41601,FALSE,0
41606,FALSE,0
41611,FALSE,0.03290277346968651
41617,FALSE,0.24824000895023346
41618,FALSE,0.3061227798461914
41619,FALSE,0
41620,FALSE,0.13417644798755646
41627,FALSE,0
41629,FALSE,0.18636129796504974
41631,FALSE,0.012682294473052025
41634,FALSE,0.03644939512014389
41642,FALSE,0
41654,FALSE,0
41657,FALSE,0
41666,FALSE,0.011554739437997341
41678,FALSE,0.011064091697335243
41687,FALSE,0
41688,FALSE,0.15826724469661713
41690,FALSE,0.04610764980316162
41693,FALSE,0
41697,FALSE,0.07418529689311981
41699,FALSE,0
41702,FALSE,0.0178665854036808
41703,TRUE,0.535221517086029
41711,FALSE,0
41715,FALSE,0.016476579010486603
41728,FALSE,0.19328567385673523
41729,FALSE,0.05177143216133118
41740,TRUE,0.5548343062400818
41750,FALSE,0
41765,FALSE,0
41772,FALSE,0
41788,FALSE,0.012914642691612244
41796,FALSE,0
41797,FALSE,0.016965234652161598
41800,FALSE,0
41803,FALSE,0
41805,FALSE,0
41808,FALSE,0
41813,FALSE,0.007890621200203896
41814,FALSE,0.06000739336013794
41820,FALSE,0
41841,FALSE,0.012295365333557129
41845,FALSE,0.01870703510940075
41846,FALSE,0
41861,TRUE,0.4311145544052124
41865,FALSE,0
41869,FALSE,0.1252431720495224
41872,FALSE,0.07155049592256546
41878,FALSE,0
41879,FALSE,0
41881,FALSE,0.0062940968200564384
41884,TRUE,0.6918483972549438
41907,FALSE,0
41909,TRUE,0.8372591137886047
41917,FALSE,0.10405232012271881
41922,FALSE,0
41925,FALSE,0.01085291150957346
41933,FALSE,0
41935,FALSE,0
41944,FALSE,0
41955,FALSE,0.2757309079170227
41960,FALSE,0.15702708065509796
41970,FALSE,0.011040367186069489
41977,FALSE,0
41978,FALSE,0
41979,FALSE,0.016842475160956383
41982,FALSE,0.011931083165109158
41987,FALSE,0.10714033991098404
41992,FALSE,0
41993,FALSE,0
41998,FALSE,0
41999,TRUE,0.7548519372940063
42011,TRUE,0.6339616179466248
42015,FALSE,0.015637453645467758
42022,FALSE,0
42030,FALSE,0.015231789089739323
42039,FALSE,0.054311130195856094
42055,FALSE,0
42063,FALSE,0.006551165133714676
42065,FALSE,0.15667098760604858
42073,FALSE,0.014874684624373913
42087,FALSE,0
42106,FALSE,0.03714809939265251
42114,FALSE,0
42125,FALSE,0
42137,FALSE,0
42138,FALSE,0.025114959105849266
42143,FALSE,0
42147,FALSE,0.007685152813792229
42148,FALSE,0.10557181388139725
42149,FALSE,0.007495400961488485
42154,FALSE,0.0493326261639595
42160,FALSE,0
42165,FALSE,0.009167339652776718
42178,FALSE,0.008488629944622517
42185,FALSE,0.22549128532409668
42186,FALSE,0
42193,FALSE,0.22477498650550842
42201,FALSE,0.01309376023709774
42203,FALSE,0.016066832467913628
42206,FALSE,0
42209,TRUE,0.4990430474281311
42211,TRUE,0.8422973155975342
42231,FALSE,0
42236,FALSE,0.2720531225204468
42241,FALSE,0.026174183934926987
42242,FALSE,0.07304882258176804
42247,FALSE,0.08275109529495239
42248,FALSE,0.011246224865317345
42249,FALSE,0
42250,FALSE,0.11921880394220352
42252,FALSE,0
42253,FALSE,0
42259,FALSE,0.01233010645955801
42261,FALSE,0.14434288442134857
42265,FALSE,0
42267,TRUE,0.6630273461341858
42269,FALSE,0.02812192030251026
42282,FALSE,0
42287,FALSE,0.035383254289627075
42293,TRUE,0.8355011940002441
42299,FALSE,0
42302,TRUE,0.5179604887962341
42309,FALSE,0
42311,TRUE,0.39111995697021484
42312,FALSE,0
42319,FALSE,0.24626435339450836
42327,FALSE,0
42329,FALSE,0.07606516033411026
42332,TRUE,0.5380371809005737
42333,FALSE,0.024344507604837418
42334,FALSE,0
42338,TRUE,0.4262658357620239
42340,FALSE,0.03567776083946228
42344,FALSE,0.025852510705590248
42347,FALSE,0
42351,FALSE,0.007494149263948202
42352,FALSE,0
42356,FALSE,0
42363,FALSE,0
42364,TRUE,0.5296647548675537
42367,FALSE,0.004019313957542181
42372,TRUE,0.4472464323043823
42373,FALSE,0.011318528093397617
42375,FALSE,0
42377,FALSE,0
42380,TRUE,0.6841748952865601
42381,TRUE,0.654622495174408
42383,FALSE,0.05969304218888283
42384,FALSE,0.26146429777145386
42385,FALSE,0.05459713563323021
42396,FALSE,0.18656355142593384
42403,FALSE,0.009427339769899845
42407,FALSE,0
42408,FALSE,0.031879644840955734
42414,FALSE,0.007645638659596443
42421,FALSE,0
42428,TRUE,0.6216096878051758
42444,FALSE,0.042246539145708084
42448,FALSE,0.013306377455592155
42450,FALSE,0
42458,FALSE,0.026375165209174156
42462,FALSE,0.0891013815999031
42478,FALSE,0.0367552824318409
42487,FALSE,0.10962951183319092
42488,FALSE,0
42490,FALSE,0.3099173903465271
42494,FALSE,0.012018748559057713
42495,FALSE,0.23457854986190796
42499,FALSE,0.029047891497612
42500,FALSE,0.07054118067026138
42501,FALSE,0
42511,FALSE,0.143515944480896
42512,FALSE,0
42518,FALSE,0
42524,TRUE,0.6908097267150879
42530,FALSE,0
42531,FALSE,0.057537611573934555
42535,FALSE,0.25611770153045654
42537,FALSE,0.20852214097976685
42552,TRUE,0.5131698846817017
42553,FALSE,0
42557,TRUE,0.4858556091785431
42562,FALSE,0
42568,FALSE,0
42570,FALSE,0.03689127415418625
42574,FALSE,0.12395268678665161
42576,FALSE,0.09246242046356201
42578,FALSE,0.09306269139051437
42580,TRUE,0.7843270301818848
42596,FALSE,0.012265023775398731
42606,FALSE,0
42610,FALSE,0.016182217746973038
42619,FALSE,0.12541115283966064
42620,FALSE,0.04662368819117546
42627,FALSE,0.11160597950220108
42628,TRUE,0.5301967263221741
42633,TRUE,0.7074003219604492
42637,FALSE,0
42640,FALSE,0
42643,FALSE,0.024544833227992058
42648,FALSE,0.21574367582798004
42659,FALSE,0
42662,TRUE,0.639916181564331
42667,FALSE,0.30985012650489807
42668,FALSE,0.03490878641605377
42674,FALSE,0.06915958970785141
42680,FALSE,0.03448481857776642
42681,FALSE,0
42699,FALSE,0.010946234688162804
42703,FALSE,0.020850399509072304
42705,FALSE,0
42706,TRUE,0.3760906159877777
42721,FALSE,0
42727,FALSE,0.10447047650814056
42731,FALSE,0
42738,FALSE,0.10331933200359344
42740,FALSE,0.011775324121117592
42749,FALSE,0.10144121944904327
42752,FALSE,0.18112069368362427
42755,FALSE,0.03341458737850189
42758,FALSE,0
42759,FALSE,0.018865521997213364
42760,FALSE,0.08977919071912766
42762,FALSE,0.08868078887462616
42763,FALSE,0.06296607106924057
42766,TRUE,0.7572091221809387
42771,FALSE,0
42792,TRUE,0.5168020129203796
42801,FALSE,0
42803,FALSE,0.004474157467484474
42804,FALSE,0.0029552122578024864
42805,FALSE,0.02376040443778038
42811,FALSE,0
42813,FALSE,0
42820,FALSE,0
42821,TRUE,0.3817954361438751
42823,FALSE,0.024764355272054672
42824,FALSE,0
42837,FALSE,0
42840,FALSE,0.008320494554936886
42842,FALSE,0.17758634686470032
42852,TRUE,0.7720673084259033
42854,FALSE,0.02987601049244404
42855,FALSE,0
42858,TRUE,0.7636985182762146
42866,FALSE,0
42875,FALSE,0.3011159598827362
42876,FALSE,0
42886,TRUE,0.6499122977256775
42889,FALSE,0
42892,FALSE,0.00896449014544487
42898,FALSE,0
42901,FALSE,0
42923,FALSE,0.04474276676774025
42926,FALSE,0.011748341843485832
42935,FALSE,0.3342916667461395
42943,FALSE,0
42950,FALSE,0.048335880041122437
42951,FALSE,0.04878496006131172
42958,FALSE,0.06530297547578812
42959,TRUE,0.4640147089958191
42960,FALSE,0
42969,FALSE,0
42972,FALSE,0
42980,FALSE,0
42984,FALSE,0.07182103395462036
42992,FALSE,0.011816316284239292
42998,FALSE,0
43001,FALSE,0.04007880017161369
43008,FALSE,0.01495746523141861
43014,FALSE,0
43019,FALSE,0
43021,FALSE,0
43025,FALSE,0.17316316068172455
43027,FALSE,0
43030,FALSE,0
43040,FALSE,0
43049,FALSE,0
43062,FALSE,0.027965979650616646
43065,FALSE,0.014878242276608944
43067,FALSE,0.08714332431554794
43073,FALSE,0
43075,FALSE,0.06704853475093842
43077,FALSE,0.24963872134685516
43080,FALSE,0.044234275817871094
43105,FALSE,0
43106,FALSE,0.1432885378599167
43107,FALSE,0
43117,FALSE,0
43119,FALSE,0.13634726405143738
43121,FALSE,0.03012637235224247
43125,FALSE,0
43130,FALSE,0
43135,FALSE,0.04305363446474075
43144,FALSE,0.15912236273288727
43145,FALSE,0.07465317100286484
43147,FALSE,0.2285725474357605
43152,FALSE,0
43154,FALSE,0.016330627724528313
43157,FALSE,0.06356645375490189
43165,FALSE,0
43171,FALSE,0
43172,FALSE,0.0950704887509346
43186,FALSE,0
43188,FALSE,0.010942249558866024
43190,FALSE,0.054147496819496155
43202,TRUE,0.6542914509773254
43209,FALSE,0.1967393010854721
43218,FALSE,0.058041591197252274
43221,FALSE,0.08459237962961197
43222,FALSE,0
43223,TRUE,0.3703283667564392
43225,FALSE,0.012092681601643562
43227,FALSE,0.045730117708444595
43232,FALSE,0.015924122184515
43239,FALSE,0.03554010018706322
43241,FALSE,0
43242,FALSE,0.2603582739830017
43250,FALSE,0.023867379873991013
43258,TRUE,0.5237700939178467
43267,TRUE,0.7020961046218872
43268,FALSE,0.19634495675563812
43273,FALSE,0.00904133915901184
43280,FALSE,0.09399943053722382
43286,FALSE,0
43294,FALSE,0.021198321133852005
43296,TRUE,0.7760382294654846
43300,FALSE,0.07937909662723541
43301,FALSE,0
43307,FALSE,0.09042984247207642
43309,FALSE,0.11297368258237839
43310,FALSE,0.029702601954340935
43312,FALSE,0
43319,FALSE,0
43323,FALSE,0
43327,FALSE,0.03921286016702652
43334,TRUE,0.6200650334358215
43341,FALSE,0
43349,FALSE,0
43357,FALSE,0
43364,FALSE,0
43368,FALSE,0.10229796171188354
43370,FALSE,0
43373,FALSE,0
43381,TRUE,0.618681013584137
43382,FALSE,0
43389,FALSE,0
43390,FALSE,0.23842063546180725
43393,FALSE,0.0066835470497608185
43395,TRUE,0.7807597517967224
43397,TRUE,0.34783145785331726
43401,FALSE,0
43411,FALSE,0.009851237758994102
43420,FALSE,0.004318700637668371
43436,TRUE,0.7644183039665222
43443,FALSE,0.030724195763468742
43445,FALSE,0.04033052548766136
43446,FALSE,0
43459,FALSE,0
43461,TRUE,0.5505105257034302
43470,FALSE,0.024862851947546005
43472,TRUE,0.39601632952690125
43481,FALSE,0
43484,FALSE,0
43491,FALSE,0.10144180804491043
43492,FALSE,0.006813621614128351
43495,FALSE,0.01743285171687603
43496,TRUE,0.7423336505889893
43500,FALSE,0
43511,FALSE,0.00965277012437582
43518,FALSE,0
43531,FALSE,0
43540,FALSE,0.028012877330183983
43542,FALSE,0.09687042981386185
43543,TRUE,0.46964031457901
43544,FALSE,0.00942867062985897
43557,FALSE,0
43559,FALSE,0.019777508452534676
43561,FALSE,0.024614090099930763
43568,TRUE,0.5476571321487427
43571,FALSE,0.00543771730735898
43586,FALSE,0.10040676593780518
43590,FALSE,0
43596,FALSE,0.025002028793096542
43598,FALSE,0
43603,FALSE,0
43610,FALSE,0
43619,FALSE,0
43631,FALSE,0.28896525502204895
43634,FALSE,0
43635,FALSE,0
43637,TRUE,0.4005582630634308
43640,FALSE,0.022288715466856956
43641,FALSE,0.20092427730560303
43647,FALSE,0.017934275791049004
43650,FALSE,0
43655,FALSE,0
43664,FALSE,0
43669,FALSE,0.08455212414264679
43685,FALSE,0.20175302028656006
43697,FALSE,0.004099088255316019
43700,FALSE,0.012109264731407166
43704,FALSE,0
43709,TRUE,0.7081131935119629
43710,FALSE,0.08594271540641785
43718,FALSE,0.05228493735194206
43722,FALSE,0
43732,FALSE,0
43736,FALSE,0.018997879698872566
43738,FALSE,0
43740,FALSE,0
43743,FALSE,0.10410658270120621
43756,FALSE,0.05187762528657913
43757,FALSE,0.2993886470794678
43758,FALSE,0.028777310624718666
43768,FALSE,0.05438314378261566
43773,FALSE,0.004412149079144001
43774,FALSE,0
43784,FALSE,0.004066030494868755
43788,FALSE,0.04300260171294212
43790,FALSE,0
43796,FALSE,0.2686159610748291
43801,FALSE,0
43813,FALSE,0
43819,FALSE,0.009092994965612888
43825,FALSE,0.2525879442691803
43837,FALSE,0
43839,FALSE,0.29378387331962585
43847,FALSE,0
43851,FALSE,0.04326261579990387
43852,FALSE,0.008659044280648232
43856,FALSE,0.03666902706027031
43859,FALSE,0.27410227060317993
43868,FALSE,0
43870,FALSE,0.015942692756652832
43879,FALSE,0.07728767395019531
43884,TRUE,0.6751774549484253
43897,FALSE,0.046696361154317856
43904,TRUE,0.8248750567436218
43907,FALSE,0
43913,FALSE,0.008392179384827614
43917,FALSE,0.02306540496647358
43920,FALSE,0.05858922377228737
43932,FALSE,0
43936,FALSE,0.05170154571533203
43939,FALSE,0.12504534423351288
43948,FALSE,0
43949,FALSE,0.10718993842601776
43952,FALSE,0
43956,FALSE,0
43957,FALSE,0.05614922568202019
43960,FALSE,0
43969,FALSE,0
43970,TRUE,0.39485153555870056
43973,FALSE,0.008289935998618603
43995,FALSE,0
44010,FALSE,0
44012,FALSE,0
44016,FALSE,0
44022,FALSE,0.023725289851427078
44028,FALSE,0
44029,FALSE,0
44038,FALSE,0
44041,FALSE,0
44044,TRUE,0.5946366786956787
44055,FALSE,0.011977857910096645
44057,FALSE,0.030286677181720734
44067,TRUE,0.6823195219039917
44082,TRUE,0.7049921154975891
44085,FALSE,0.020360799506306648
44091,FALSE,0.1892355978488922
44092,FALSE,0.16240033507347107
44093,TRUE,0.4179810583591461
44098,FALSE,0.060674894601106644
44100,FALSE,0
44102,FALSE,0
44110,FALSE,0.02762499824166298
44115,FALSE,0
44116,FALSE,0
44118,TRUE,0.6151605844497681
44119,FALSE,0
44134,FALSE,0
44145,FALSE,0
44148,FALSE,0.029444066807627678
44153,FALSE,0.010467451065778732
44164,FALSE,0
44168,FALSE,0.12433219701051712
44172,FALSE,0.008005792275071144
44178,FALSE,0.03724724054336548
44184,FALSE,0.0754285678267479
44185,FALSE,0
44187,FALSE,0.0566796138882637
44199,FALSE,0
44205,FALSE,0
44208,FALSE,0.013499698601663113
44213,FALSE,0
44215,FALSE,0
44224,FALSE,0.1916370391845703
44226,FALSE,0
44238,FALSE,0.008453053422272205
44240,FALSE,0
44242,TRUE,0.4404186010360718
44243,FALSE,0.19788119196891785
44244,FALSE,0
44251,FALSE,0.050744522362947464
44253,TRUE,0.6496551036834717
44254,FALSE,0
44255,FALSE,0.008338971994817257
44256,FALSE,0
44264,FALSE,0
44265,FALSE,0
44272,FALSE,0
44273,FALSE,0
44289,FALSE,0
44297,FALSE,0.014806114137172699
44299,TRUE,0.41718238592147827
44302,FALSE,0.024033423513174057
44309,FALSE,0
44314,FALSE,0.03058469295501709
44321,FALSE,0
44340,FALSE,0
44344,FALSE,0.04450955241918564
44346,FALSE,0.23287788033485413
44363,TRUE,0.6421793103218079
44373,FALSE,0
44374,FALSE,0
44383,FALSE,0.07510919868946075
44386,FALSE,0.009734799154102802
44393,FALSE,0
44400,FALSE,0.0042052618227899075
44434,FALSE,0.048713259398937225
44440,FALSE,0.023748645558953285
44442,FALSE,0
44446,FALSE,0
44449,FALSE,0.02463308908045292
44451,FALSE,0.15208981931209564
44452,FALSE,0
44455,FALSE,0
44457,FALSE,0
44461,FALSE,0.013067438267171383
44462,FALSE,0.005958223715424538
44470,FALSE,0
44475,FALSE,0.07510414719581604
44480,FALSE,0
44483,FALSE,0
44491,FALSE,0.006468081381171942
44508,FALSE,0
44516,FALSE,0.010099225677549839
44532,FALSE,0
44539,TRUE,0.5608775019645691
44540,FALSE,0
44545,FALSE,0
44554,FALSE,0.009748851880431175
44555,FALSE,0
44557,FALSE,0
44562,TRUE,0.7384573817253113
44576,FALSE,0.1972634643316269
44578,FALSE,0
44582,FALSE,0
44587,FALSE,0
44588,FALSE,0
44593,FALSE,0
44597,FALSE,0
44601,FALSE,0
44604,FALSE,0.030611181631684303
44607,FALSE,0.005350587423890829
44608,FALSE,0.018589293584227562
44610,TRUE,0.7613451480865479
44613,FALSE,0.20698308944702148
44618,FALSE,0
44624,TRUE,0.6505849957466125
44626,FALSE,0.041717056185007095
44631,TRUE,0.4994969666004181
44634,FALSE,0.10197317600250244
44637,FALSE,0.023747572675347328
44639,FALSE,0.20708180963993073
44643,FALSE,0.024687111377716064
44644,FALSE,0
44657,FALSE,0.04318973794579506
44667,FALSE,0.0043128300458192825
44674,FALSE,0.1788436472415924
44677,FALSE,0.009082483127713203
44679,FALSE,0
44696,FALSE,0
44704,FALSE,0.0495167076587677
44708,TRUE,0.5203366875648499
44722,FALSE,0
44723,FALSE,0.17205238342285156
44726,FALSE,0.05797836184501648
44728,FALSE,0.021658457815647125
44730,TRUE,0.6146482825279236
44740,FALSE,0.009678860194981098
44748,FALSE,0
44750,FALSE,0.020883100107312202
44766,FALSE,0
44771,FALSE,0
44775,FALSE,0.022326556965708733
44783,TRUE,0.6627399325370789
44788,FALSE,0
44807,FALSE,0.058593470603227615
44826,FALSE,0
44827,FALSE,0.027927331626415253
44829,FALSE,0
44833,TRUE,0.691760778427124
44834,FALSE,0.046226441860198975
44837,FALSE,0
44843,FALSE,0.2726297676563263
44845,FALSE,0.022483158856630325
44846,FALSE,0.022986391559243202
44848,FALSE,0.037236444652080536
44852,FALSE,0.005700948182493448
44854,FALSE,0
44858,FALSE,0
44863,FALSE,0
44880,FALSE,0.2800092399120331
44881,FALSE,0.11941377818584442
44884,FALSE,0.01139842439442873
44885,FALSE,0.07188364118337631
44891,FALSE,0.16610264778137207
44892,FALSE,0
44902,FALSE,0.013434579595923424
44906,FALSE,0
44908,FALSE,0
44914,FALSE,0
44916,FALSE,0.012118828482925892
44930,FALSE,0.30023235082626343
44933,FALSE,0.035644564777612686
44934,FALSE,0.06407486647367477
44942,FALSE,0
44943,FALSE,0.2864161729812622
44947,FALSE,0
44955,TRUE,0.558182954788208
44965,FALSE,0
44966,FALSE,0
44967,FALSE,0.02087133377790451
44972,FALSE,0.004223283380270004
44979,FALSE,0.26464685797691345
44983,TRUE,0.39967289566993713
44984,FALSE,0
44985,FALSE,0
44986,FALSE,0.12362075597047806
44991,TRUE,0.549485445022583
45003,FALSE,0.018400127068161964
45009,FALSE,0.018426012247800827
45016,TRUE,0.3806856572628021
45022,FALSE,0.0691402480006218
45024,FALSE,0
45025,FALSE,0.021861905232071877
45026,FALSE,0.03136026859283447
45027,FALSE,0.2665802240371704
45028,FALSE,0.01787615939974785
45039,TRUE,0.6188317537307739
45052,FALSE,0.008845812641084194
45064,FALSE,0.022190285846590996
45066,FALSE,0.3077034056186676
45068,FALSE,0
45069,TRUE,0.5377616286277771
45079,FALSE,0.3306187391281128
45081,FALSE,0
45082,FALSE,0.029878253117203712
45094,FALSE,0
45097,FALSE,0.07695958018302917
45104,FALSE,0.022218497470021248
45107,FALSE,0
45112,FALSE,0.09402719885110855
45113,FALSE,0.010642509907484055
45115,FALSE,0
45120,TRUE,0.8475578427314758
45123,FALSE,0.006944400258362293
45140,FALSE,0.09441222995519638
45146,FALSE,0
45151,FALSE,0
45153,TRUE,0.4174714684486389
45160,FALSE,0.014595397748053074
45172,FALSE,0.011845198459923267
45187,TRUE,0.7595090866088867
45194,FALSE,0
45195,FALSE,0.0039089820347726345
45196,FALSE,0
45197,FALSE,0.010722965933382511
45206,FALSE,0
45207,FALSE,0.07156054675579071
45219,FALSE,0
45220,FALSE,0
45231,FALSE,0.030335189774632454
45233,FALSE,0.033786967396736145
45238,FALSE,0
45245,FALSE,0.13498224318027496
45254,FALSE,0
45257,FALSE,0
45263,FALSE,0.017330951988697052
45264,FALSE,0
45270,FALSE,0.07683973759412766
45271,FALSE,0
45272,TRUE,0.41135504841804504
45280,FALSE,0.033297885209321976
45281,FALSE,0.017339732497930527
45285,FALSE,0
45289,FALSE,0
45290,FALSE,0
45292,FALSE,0.017247771844267845
45301,FALSE,0.018785906955599785
45302,FALSE,0
45305,FALSE,0.3200948238372803
45308,FALSE,0.055558010935783386
45311,FALSE,0.11449728906154633
45312,FALSE,0.04512977600097656
45321,FALSE,0
45334,FALSE,0.015258829109370708
45341,FALSE,0.013528489507734776
45343,TRUE,0.833482563495636
45353,FALSE,0
45356,TRUE,0.5700790882110596
45357,FALSE,0
45359,FALSE,0
45360,FALSE,0.01564060151576996
45363,TRUE,0.752371609210968
45370,FALSE,0
45373,FALSE,0.17107145488262177
45374,FALSE,0
45375,FALSE,0
45378,FALSE,0.021842004731297493
45380,FALSE,0
45384,FALSE,0
45390,FALSE,0.009523686021566391
45391,FALSE,0.013393384404480457
45393,FALSE,0
45401,FALSE,0
45403,FALSE,0.01021760143339634
45414,FALSE,0.060109205543994904
45416,FALSE,0.0200827457010746
45418,FALSE,0.07740598917007446
45427,FALSE,0.028900668025016785
45447,FALSE,0.1600400060415268
45451,FALSE,0.014353690668940544
45453,FALSE,0.030113592743873596
45454,FALSE,0
45457,FALSE,0
45460,FALSE,0.2130894660949707
45462,FALSE,0.02710065431892872
45466,FALSE,0
45472,TRUE,0.4366398751735687
45483,TRUE,0.746076762676239
45491,FALSE,0.05058983340859413
45498,FALSE,0
45514,FALSE,0
45520,FALSE,0
45525,FALSE,0
45526,FALSE,0
45527,FALSE,0
45533,FALSE,0
45546,FALSE,0
45547,FALSE,0.01769370026886463
45551,FALSE,0
45558,FALSE,0.04875181242823601
45559,FALSE,0.07706598937511444
45560,FALSE,0
45565,FALSE,0.09458915144205093
45573,TRUE,0.666846752166748
45574,FALSE,0
45575,TRUE,0.4662681519985199
45592,TRUE,0.5486122369766235
45593,TRUE,0.44912704825401306
45594,FALSE,0
45596,FALSE,0
45603,FALSE,0.04576040059328079
45605,FALSE,0.021626941859722137
45620,FALSE,0.05791698396205902
45625,FALSE,0.10806785523891449
45626,FALSE,0
45629,FALSE,0.019690321758389473
45630,FALSE,0
45631,FALSE,0
45641,FALSE,0.047333113849163055
45653,FALSE,0.0584370382130146
45661,FALSE,0
45675,FALSE,0.008947890251874924
45680,FALSE,0
45684,FALSE,0.32597845792770386
45686,FALSE,0
45687,TRUE,0.40267324447631836
45700,FALSE,0.19315725564956665
45708,FALSE,0
45715,FALSE,0
45717,FALSE,0
45721,TRUE,0.49079906940460205
45734,FALSE,0
45740,FALSE,0.011299766600131989
45746,FALSE,0.13672249019145966
45763,FALSE,0.008623423986136913
45765,FALSE,0
45772,FALSE,0
45800,FALSE,0
45802,FALSE,0.024426493793725967
45804,FALSE,0
45807,FALSE,0.013316724449396133
45808,FALSE,0.022338731214404106
45813,FALSE,0
45814,FALSE,0.010561465285718441
45815,FALSE,0.19883142411708832
45822,FALSE,0
45823,FALSE,0.0886862650513649
45824,FALSE,0
45825,TRUE,0.39975056052207947
45826,FALSE,0
45832,FALSE,0.060696836560964584
45834,FALSE,0
45835,FALSE,0
45836,FALSE,0.026115482673048973
45837,FALSE,0
45839,FALSE,0.022058941423892975
45842,FALSE,0
45846,FALSE,0
45847,FALSE,0.04968737065792084
45848,TRUE,0.8413453102111816
45850,FALSE,0.009731080383062363
45853,FALSE,0
45855,FALSE,0.331773966550827
45857,FALSE,0
45878,FALSE,0
45882,TRUE,0.5406312942504883
45887,FALSE,0.09806866943836212
45889,TRUE,0.42344072461128235
45894,FALSE,0.016266485676169395
45900,FALSE,0.01577666588127613
45901,FALSE,0.032219696789979935
45905,FALSE,0.27853095531463623
45907,FALSE,0
45914,FALSE,0
45917,FALSE,0
45923,FALSE,0.04005204141139984
45924,FALSE,0.04798935726284981
45925,FALSE,0
45942,FALSE,0
45943,FALSE,0
45944,FALSE,0
45954,FALSE,0.05032461881637573
45956,TRUE,0.7630870342254639
45960,FALSE,0
45962,FALSE,0.177066370844841
45966,FALSE,0
45975,FALSE,0.005313210655003786
45983,FALSE,0.022806858643889427
45989,FALSE,0.12157436460256577
45994,FALSE,0
45998,FALSE,0.014614256098866463
45999,FALSE,0.1523992419242859
46001,FALSE,0
46007,FALSE,0.013570406474173069
46017,FALSE,0.16082294285297394
46018,FALSE,0
46029,FALSE,0
46032,TRUE,0.3622398376464844
46036,FALSE,0
46038,FALSE,0
46039,FALSE,0
46052,FALSE,0
46055,FALSE,0.04693104699254036
46060,FALSE,0.12367235869169235
46061,FALSE,0.0067375823855400085
46064,FALSE,0
46065,TRUE,0.34385183453559875
46068,FALSE,0
46089,FALSE,0.2963692247867584
46093,FALSE,0.014494463801383972
46105,FALSE,0
46107,FALSE,0
46110,FALSE,0
46123,FALSE,0.09774702042341232
46126,TRUE,0.5528018474578857
46129,FALSE,0
46131,TRUE,0.3541438579559326
46147,FALSE,0.005368118640035391
46149,FALSE,0
46154,FALSE,0
46171,FALSE,0
46172,FALSE,0
46176,FALSE,0.005940782371908426
46186,FALSE,0.03230288624763489
46193,FALSE,0.21131008863449097
46195,FALSE,0
46214,FALSE,0
46215,FALSE,0.3238186836242676
46218,FALSE,0
46222,FALSE,0.027685754001140594
46236,FALSE,0.022156374529004097
46237,FALSE,0.0920303463935852
46241,TRUE,0.5566053986549377
46242,FALSE,0.038932666182518005
46244,FALSE,0.006560540292412043
46248,FALSE,0.05634497106075287
46250,FALSE,0
46271,FALSE,0.14658887684345245
46273,FALSE,0.06617429852485657
46279,FALSE,0
46299,FALSE,0.08317436277866364
46302,FALSE,0
46308,FALSE,0.060516852885484695
46312,FALSE,0
46315,TRUE,0.6808570027351379
46323,FALSE,0.04295870661735535
46326,TRUE,0.7377739548683167
46327,FALSE,0
46335,FALSE,0.022642750293016434
46341,FALSE,0.08097844570875168
46345,FALSE,0.011933792382478714
46347,FALSE,0.2073022872209549
46348,FALSE,0
46352,FALSE,0
46356,FALSE,0
46358,FALSE,0
46359,FALSE,0.11811687797307968
46365,FALSE,0
46367,FALSE,0
46370,FALSE,0.007194107864052057
46371,FALSE,0
46373,FALSE,0
46374,FALSE,0.07933586090803146
46379,FALSE,0.004534114617854357
46381,FALSE,0
46386,TRUE,0.680908739566803
46387,FALSE,0
46400,FALSE,0
46407,FALSE,0
46411,FALSE,0
46416,FALSE,0
46425,FALSE,0
46431,TRUE,0.6043232083320618
46433,FALSE,0.279446005821228
46436,FALSE,0
46437,FALSE,0.0465165339410305
46439,FALSE,0.020327556878328323
46445,FALSE,0
46449,FALSE,0.0094097089022398
46453,FALSE,0
46454,FALSE,0
46463,FALSE,0.006907598581165075
46472,FALSE,0.14667069911956787
46474,FALSE,0.02059161849319935
46484,FALSE,0.03576064482331276
46495,FALSE,0
46497,FALSE,0.026842493563890457
46499,FALSE,0.02507820911705494
46501,FALSE,0.0037864199839532375
46504,FALSE,0
46513,FALSE,0.007265642285346985
46518,FALSE,0.21196696162223816
46519,FALSE,0.05984881520271301
46531,FALSE,0
46534,FALSE,0.010061174631118774
46536,TRUE,0.8026852011680603
46539,FALSE,0
46541,FALSE,0
46544,FALSE,0.01754000037908554
46547,FALSE,0
46551,FALSE,0
46560,FALSE,0.11168824881315231
46565,FALSE,0.015950512140989304
46568,FALSE,0.050284747034311295
46571,FALSE,0
46574,FALSE,0.01042390987277031
46583,FALSE,0
46586,TRUE,0.7893510460853577
46587,FALSE,0
46593,FALSE,0
46595,FALSE,0.005843701772391796
46599,FALSE,0
46601,FALSE,0.30898067355155945
46615,FALSE,0
46619,FALSE,0
46626,FALSE,0.051506079733371735
46627,FALSE,0.016452418640255928
46628,FALSE,0
46629,FALSE,0.03950090333819389
46641,FALSE,0.25150981545448303
46646,FALSE,0
46647,FALSE,0.0766962394118309
46654,FALSE,0
46658,FALSE,0
46662,FALSE,0.14011681079864502
46668,FALSE,0.08314123749732971
46670,TRUE,0.533099353313446
46672,FALSE,0
46673,FALSE,0
46676,FALSE,0.08152543753385544
46678,FALSE,0.008820142596960068
46691,FALSE,0
46694,TRUE,0.6643388271331787
46698,FALSE,0
46701,FALSE,0
46705,FALSE,0.26595255732536316
46707,FALSE,0.10008364915847778
46709,FALSE,0.004934141878038645
46710,FALSE,0.1318298727273941
46711,FALSE,0
46712,TRUE,0.5664820075035095
46716,FALSE,0
46717,FALSE,0.1637781858444214
46720,FALSE,0
46723,FALSE,0.0602506622672081
46725,FALSE,0
46726,FALSE,0.0221454668790102
46728,FALSE,0.03098546341061592
46730,FALSE,0.02721826359629631
46731,FALSE,0.020487746223807335
46733,TRUE,0.4227220416069031
46740,FALSE,0
46741,TRUE,0.5001004338264465
46744,FALSE,0
46745,FALSE,0
46748,TRUE,0.7344504594802856
46757,FALSE,0.03446880355477333
46760,FALSE,0.19591024518013
46762,FALSE,0.0830451101064682
46766,TRUE,0.7097485065460205
46770,FALSE,0
46783,FALSE,0
46787,FALSE,0
46803,TRUE,0.5182870626449585
46804,FALSE,0.012079461477696896
46810,FALSE,0.021712079644203186
46820,FALSE,0.2944723665714264
46824,FALSE,0.025208281353116035
46846,FALSE,0.0340927317738533
46849,FALSE,0
46857,FALSE,0
46864,FALSE,0
46867,FALSE,0.0206762608140707
46885,FALSE,0
46892,FALSE,0
46902,FALSE,0
46903,FALSE,0
46910,TRUE,0.7532225847244263
46912,FALSE,0
46916,FALSE,0
46936,TRUE,0.839949369430542
46939,FALSE,0
46940,TRUE,0.4801744818687439
46944,FALSE,0.0650320053100586
46959,FALSE,0.00777503103017807
46964,FALSE,0
46968,FALSE,0.1703084260225296
46982,FALSE,0.2728634476661682
46988,TRUE,0.6184684634208679
46989,FALSE,0
46995,FALSE,0
47002,FALSE,0
47008,FALSE,0.008676924742758274
47016,FALSE,0.01743435487151146
47017,FALSE,0
47025,FALSE,0
47027,FALSE,0
47031,FALSE,0
47032,FALSE,0.04366486892104149
47038,FALSE,0
47045,FALSE,0.1775183379650116
47047,FALSE,0.02587401121854782
47050,FALSE,0
47054,FALSE,0
47059,FALSE,0.051799226552248
47060,FALSE,0.17444121837615967
47061,FALSE,0
47065,FALSE,0.004618566483259201
47071,FALSE,0.04204544425010681
47074,TRUE,0.5645055770874023
47093,FALSE,0.1177731603384018
47099,FALSE,0.10767015069723129
47105,FALSE,0
47109,FALSE,0.15367481112480164
47110,TRUE,0.49297821521759033
47117,TRUE,0.7170918583869934
47129,FALSE,0
47131,FALSE,0
47134,TRUE,0.8089286088943481
47140,FALSE,0
47142,FALSE,0
47151,TRUE,0.4563389718532562
47152,FALSE,0
47155,TRUE,0.7644137144088745
47166,FALSE,0.05991100147366524
47168,TRUE,0.6170719861984253
47169,FALSE,0.03245728835463524
47182,FALSE,0.031810782849788666
47184,FALSE,0
47188,FALSE,0
47212,FALSE,0
47216,TRUE,0.48801305890083313
47227,FALSE,0.006426704581826925
47231,TRUE,0.46355846524238586
47232,FALSE,0.05567792430520058
47233,FALSE,0.323810875415802
47237,FALSE,0.016036074608564377
47238,FALSE,0.013125605881214142
47245,FALSE,0
47246,TRUE,0.3931848704814911
47253,FALSE,0
47259,FALSE,0.28252336382865906
47260,FALSE,0.007771397475153208
47268,TRUE,0.6057769656181335
47276,FALSE,0.041834570467472076
47283,FALSE,0
47284,FALSE,0
47287,FALSE,0
47296,FALSE,0.28820088505744934
47300,FALSE,0
47303,TRUE,0.6604971885681152
47304,TRUE,0.3513381779193878
47313,FALSE,0.0093860747292637825
47315,FALSE,0
47320,FALSE,0.058238912373781204
47322,FALSE,0
47332,FALSE,0.03209727630019188
47343,FALSE,0
47345,TRUE,0.34438347816467285
47348,FALSE,0.03174763545393944
47352,TRUE,0.5447851419448853
47353,FALSE,0.07827406376600266
47356,FALSE,0
47360,FALSE,0.0027310263831168413
47363,FALSE,0.2864293158054352
47371,FALSE,0.03695189580321312
47374,FALSE,0.014843295328319073
47376,FALSE,0.008218196220695972
47377,FALSE,0.1927490234375
47379,FALSE,0.08921598643064499
47389,FALSE,0.09040064364671707
47393,FALSE,0.06550053507089615
47396,FALSE,0.030002553015947342
47408,FALSE,0.010881301015615463
47411,FALSE,0.03223082050681114
47412,FALSE,0.030856944620609283
47413,FALSE,0.06399494409561157
47416,FALSE,0
47418,FALSE,0
47419,TRUE,0.44979536533355713
47421,FALSE,0
47422,FALSE,0.012274459935724735
47424,FALSE,0
47428,TRUE,0.7864214777946472
47437,FALSE,0.1137377917766571
47441,FALSE,0.024203302338719368
47442,TRUE,0.4367925226688385
47447,FALSE,0.01048257015645504
47455,FALSE,0.01379561796784401
47456,FALSE,0
47459,TRUE,0.7093415260314941
47466,FALSE,0
47467,FALSE,0
47468,TRUE,0.7765821218490601
47475,FALSE,0.033030327409505844
47478,FALSE,0.04108279198408127
47479,FALSE,0.05670703202486038
47494,FALSE,0
47495,TRUE,0.634658694267273
47498,FALSE,0
47499,FALSE,0.014490853063762188
47507,FALSE,0
47508,FALSE,0
47511,FALSE,0
47517,FALSE,0.07214271277189255
47536,FALSE,0.17472203075885773
47538,FALSE,0.33411815762519836
47539,FALSE,0.0084073506295681
47548,FALSE,0
47549,FALSE,0
47554,FALSE,0
47556,FALSE,0.2709417939186096
47557,FALSE,0.14494676887989044
47559,FALSE,0
47571,FALSE,0
47572,TRUE,0.5392094850540161
47577,FALSE,0.17394928634166718
47578,FALSE,0
47584,TRUE,0.756168007850647
47587,FALSE,0
47599,FALSE,0
47605,FALSE,0.10566909611225128
47610,TRUE,0.546877384185791
47611,FALSE,0.04348353296518326
47615,FALSE,0.08437999337911606
47616,TRUE,0.7125351428985596
47639,FALSE,0
47650,FALSE,0.007879002951085567
47653,FALSE,0.03757267817854881
47654,TRUE,0.3669807016849518
47658,FALSE,0
47660,FALSE,0
47664,TRUE,0.732375979423523
47666,FALSE,0.027276165783405304
47667,FALSE,0
47675,FALSE,0.06371651589870453
47684,FALSE,0
47688,FALSE,0
47691,FALSE,0.20009556412696838
47695,FALSE,0.02457520179450512
47698,FALSE,0.011382386088371277
47702,FALSE,0.008949928916990757
47703,FALSE,0
47705,FALSE,0.06927425414323807
47706,FALSE,0.11034207791090012
47720,FALSE,0
47722,FALSE,0
47724,FALSE,0
47728,FALSE,0.19909609854221344
47736,TRUE,0.3460310995578766
47737,FALSE,0
47740,FALSE,0.16329291462898254
47745,TRUE,0.37915873527526855
47760,FALSE,0.02736135758459568
47761,FALSE,0.03580649197101593
47762,FALSE,0
47765,FALSE,0.03377002105116844
47774,FALSE,0
47778,FALSE,0.06361851841211319
47779,FALSE,0.018500054255127907
47780,FALSE,0.019536253064870834
47791,FALSE,0.015956440940499306
47792,FALSE,0.009724185802042484
47799,FALSE,0.02394362911581993
47807,FALSE,0.014628243632614613
47815,FALSE,0
47819,FALSE,0.01896192505955696
47821,FALSE,0.036916617304086685
47824,FALSE,0
47842,TRUE,0.4546393156051636
47843,FALSE,0.2478286176919937
47844,FALSE,0.16757014393806458
47847,FALSE,0
47849,FALSE,0
47851,FALSE,0.19049738347530365
47854,FALSE,0
47855,FALSE,0
47862,FALSE,0
47864,FALSE,0.06172787770628929
47870,FALSE,0.022501196712255478
47882,FALSE,0.009443102404475212
47884,FALSE,0
47885,FALSE,0.04407785087823868
47887,FALSE,0
47889,FALSE,0.019243698567152023
47890,FALSE,0
47893,FALSE,0.04468975588679314
47898,FALSE,0.10606838017702103
47899,FALSE,0
47900,FALSE,0.03861640766263008
47904,FALSE,0
47913,FALSE,0.02682279422879219
47917,FALSE,0.012755380012094975
47922,TRUE,0.7271732091903687
47929,FALSE,0
47932,FALSE,0
47945,FALSE,0
47948,FALSE,0
47950,FALSE,0
47958,FALSE,0
47966,FALSE,0.011136092245578766
47970,FALSE,0
47973,FALSE,0.12493426352739334
47977,FALSE,0.05409139022231102
47978,FALSE,0
47985,FALSE,0
47989,FALSE,0.028950681909918785
47990,FALSE,0.01374108623713255
47993,FALSE,0
47995,FALSE,0.19930149614810944
48011,FALSE,0.02312401495873928
48020,FALSE,0.02457273192703724
48032,FALSE,0
48039,FALSE,0
48072,FALSE,0
48084,FALSE,0.1279711127281189
48086,FALSE,0.012855109758675098
48090,FALSE,0.004997116047888994
48093,FALSE,0.002769612707197666
48096,FALSE,0.010610144585371017
48108,FALSE,0.09339319914579391
48109,FALSE,0.11004514247179031
48113,FALSE,0.003192292060703039
48127,FALSE,0
48134,FALSE,0.3132026493549347
48135,FALSE,0
48138,FALSE,0
48139,FALSE,0
48145,FALSE,0.058029141277074814
48148,FALSE,0.008646107278764248
48170,FALSE,0.003180354367941618
48172,FALSE,0.22658397257328033
48180,FALSE,0
48183,FALSE,0.07959911227226257
48186,FALSE,0
48187,TRUE,0.509732186794281
48215,FALSE,0
48216,FALSE,0.017812522128224373
48220,FALSE,0
48229,FALSE,0
48232,TRUE,0.517930269241333
48233,FALSE,0
48234,TRUE,0.7674520611763
48238,FALSE,0.036404453217983246
48246,FALSE,0.020471422001719475
48248,TRUE,0.4632101058959961
48250,FALSE,0.16431055963039398
48266,TRUE,0.6165534853935242
48268,FALSE,0
48272,FALSE,0.20789296925067902
48281,FALSE,0
48298,TRUE,0.5687421560287476
48312,TRUE,0.47209432721138
48318,FALSE,0
48319,FALSE,0
48323,FALSE,0.21109287440776825
48328,FALSE,0
48338,FALSE,0.025364696979522705
48348,FALSE,0.009382431395351887
48349,FALSE,0.03539171814918518
48354,FALSE,0.10831008106470108
48355,FALSE,0
48358,FALSE,0
48364,FALSE,0.027158325538039207
48372,FALSE,0.056519702076911926
48373,TRUE,0.5738683342933655
48378,FALSE,0.13155345618724823
48390,FALSE,0.031244762241840363
48392,FALSE,0
48398,FALSE,0.014359736815094948
48419,FALSE,0
48430,FALSE,0.2572134733200073
48444,FALSE,0
48447,FALSE,0.0666140764951706
48452,FALSE,0.03623442351818085
48454,TRUE,0.5427048206329346
48458,FALSE,0.1448228657245636
48459,TRUE,0.6311628222465515
48474,TRUE,0.7208315134048462
48476,FALSE,0
48485,FALSE,0.2224196344614029
48493,FALSE,0.08205436915159225
48499,FALSE,0.05292315036058426
48504,FALSE,0.1641690880060196
48510,FALSE,0.14143502712249756
48520,FALSE,0.01925908774137497
48522,FALSE,0.18420471251010895
48526,TRUE,0.816543698310852
48528,FALSE,0.2335149049758911
48529,TRUE,0.6047641634941101
48533,FALSE,0
48540,FALSE,0.2873162031173706
48554,FALSE,0
48562,FALSE,0
48575,FALSE,0
48577,FALSE,0.031312886625528336
48578,FALSE,0.05484437569975853
48587,FALSE,0
48595,FALSE,0.01211643684655428
48605,FALSE,0
48607,FALSE,0.018453426659107208
48614,FALSE,0
48615,FALSE,0.07380400598049164
48618,FALSE,0.15809686481952667
48623,FALSE,0
48628,FALSE,0
48649,FALSE,0
48652,FALSE,0
48656,FALSE,0.04661692678928375
48657,FALSE,0
48661,FALSE,0.07528192549943924
48663,FALSE,0.0030240286141633987
48670,FALSE,0
48673,FALSE,0
48675,FALSE,0.059161778539419174
48679,FALSE,0.03637389838695526
48682,FALSE,0
48683,FALSE,0
48686,FALSE,0.22361403703689575
48687,FALSE,0
48688,FALSE,0
48694,FALSE,0.004294905811548233
48703,FALSE,0.10006627440452576
48723,FALSE,0.294313907623291
48724,FALSE,0.0201229527592659
48726,FALSE,0.02138163521885872
48727,FALSE,0
48729,FALSE,0
48738,FALSE,0.20052441954612732
48742,FALSE,0.07705195248126984
48743,FALSE,0
48744,FALSE,0.28955307602882385
48745,FALSE,0.07230798900127411
48756,FALSE,0.13513045012950897
48758,FALSE,0
48760,FALSE,0
48772,FALSE,0.02465389296412468
48779,TRUE,0.47042620182037354
48784,FALSE,0
48787,FALSE,0
48788,FALSE,0.044462449848651886
48794,FALSE,0.005943088326603174
48800,FALSE,0.004278401844203472
48801,FALSE,0.019174979999661446
48812,FALSE,0.013634821400046349
48817,FALSE,0.045941174030303955
48820,TRUE,0.4174324870109558
48821,FALSE,0.004024507477879524
48835,FALSE,0
48844,FALSE,0.015076267533004284
48850,FALSE,0.0057745082303881645
48854,FALSE,0.03880888968706131
48859,FALSE,0
48864,FALSE,0
48871,FALSE,0.1293163001537323
48876,TRUE,0.5311091542243958
48880,FALSE,0.02694222331047058
48883,FALSE,0
48885,FALSE,0
48889,TRUE,0.6448959708213806
48894,FALSE,0.0486283116042614
48895,TRUE,0.5412865877151489
48896,FALSE,0.32316482067108154
48910,TRUE,0.7592123746871948
48915,TRUE,0.562106728553772
48920,FALSE,0.018387790769338608
48922,FALSE,0
48925,TRUE,0.64000701904296875
48926,FALSE,0.09327398240566254
48932,FALSE,0.011286120861768723
48937,FALSE,0
48938,FALSE,0.06110839173197746
48940,FALSE,0.057018354535102844
48941,FALSE,0
48949,FALSE,0
48953,FALSE,0.10197649896144867
48957,TRUE,0.8305966258049011
48961,FALSE,0.15611641108989716
48962,FALSE,0.020833944901823997
48976,FALSE,0.04074355959892273
48987,FALSE,0.00954079907387495
48989,FALSE,0.009035740047693253
48992,FALSE,0.014169528149068356
48996,FALSE,0.24914433062076569
48998,TRUE,0.36533552408218384
49000,FALSE,0
49006,FALSE,0.013907740823924541
49014,FALSE,0.004862562753260136
49021,FALSE,0
49022,FALSE,0.008703868836164474
49045,FALSE,0
49059,FALSE,0.04566881060600281
49061,FALSE,0
49064,FALSE,0.07895620912313461
49065,FALSE,0
49068,FALSE,0
49075,FALSE,0.017980551347136497
49081,FALSE,0.04546394571661949
49090,FALSE,0.01998516172170639
49097,FALSE,0.02887030690908432
49100,FALSE,0.015276442281901836
49109,FALSE,0.08023552596569061
49110,FALSE,0
49113,TRUE,0.5440362691879272
49115,FALSE,0.08088304102420807
49121,FALSE,0
49124,FALSE,0.07686255872249603
49129,FALSE,0.012238577008247375
49137,TRUE,0.7012066841125488
49139,FALSE,0
49147,FALSE,0.038765501230955124
49153,FALSE,0
49158,FALSE,0.04520668089389801
49161,TRUE,0.35838815569877625
49166,FALSE,0
49169,FALSE,0.010275098495185375
49170,FALSE,0
49175,TRUE,0.49423715472221375
49177,FALSE,0.17943336069583893
49179,FALSE,0
49185,FALSE,0.21442833542823792
49188,FALSE,0
49194,FALSE,0
49201,FALSE,0
49202,TRUE,0.8775390386581421
49204,TRUE,0.7064765691757202
49213,FALSE,0
49218,TRUE,0.7656047940254211
49223,FALSE,0
49224,FALSE,0
49244,FALSE,0
49248,FALSE,0
49253,FALSE,0.09173303842544556
49254,FALSE,0.02937117964029312
49256,FALSE,0.2119022160768509
49258,FALSE,0
49281,FALSE,0
49295,FALSE,0
49300,FALSE,0
49308,FALSE,0.016056643798947334
49337,TRUE,0.5316471457481384
49338,FALSE,0
49341,FALSE,0.08072374016046524
49342,FALSE,0
49347,FALSE,0
49363,FALSE,0.30269792675971985
49369,FALSE,0.31344127655029297
49377,FALSE,0.09780988842248917
49378,FALSE,0.030393337830901146
49379,FALSE,0
49397,FALSE,0.01564614474773407
49403,FALSE,0
49405,FALSE,0
49406,FALSE,0.009342040866613388
49416,FALSE,0
49426,FALSE,0
49429,FALSE,0
49436,FALSE,0.051805656403303146
49439,FALSE,0
49440,FALSE,0.03532162681221962
49444,TRUE,0.6738695502281189
49446,FALSE,0
49448,FALSE,0
49451,FALSE,0
49452,FALSE,0.01421588845551014
49455,FALSE,0
49456,TRUE,0.4242747128009796
49461,FALSE,0
49462,FALSE,0
49464,FALSE,0.01264466904103756
49472,FALSE,0.022867092862725258
49476,FALSE,0
49485,FALSE,0
49489,FALSE,0.029291793704032898
49491,FALSE,0
49501,FALSE,0.04910189285874367
49508,FALSE,0.09128519147634506
49510,FALSE,0.01799723319709301
49516,FALSE,0.007413691375404596
49525,FALSE,0.03602364659309387
49529,FALSE,0.06323888152837753
49538,FALSE,0
49540,FALSE,0
49543,FALSE,0.017238374799489975
49545,FALSE,0
49546,FALSE,0
49547,FALSE,0
49550,FALSE,0.05564536899328232
49564,FALSE,0
49594,FALSE,0
49599,FALSE,0.2923375070095062
49602,FALSE,0
49605,FALSE,0.010669892653822899
49608,FALSE,0
49609,FALSE,0.012577231042087078
49612,FALSE,0.07986682653427124
49613,FALSE,0
49615,FALSE,0
49627,FALSE,0
49631,FALSE,0.0122488709166646
49656,TRUE,0.3527863025665283
49658,FALSE,0.07572128623723984
49659,FALSE,0.015006710775196552
49667,FALSE,0.31367677450180054
49677,FALSE,0
49681,FALSE,0.01105478685349226
49685,FALSE,0
49686,FALSE,0
49692,FALSE,0
49693,FALSE,0.023833053186535835
49696,FALSE,0.0168364979326725
49699,FALSE,0
49705,FALSE,0
49709,FALSE,0
49710,FALSE,0.11427602171897888
49712,FALSE,0
49715,FALSE,0
49716,FALSE,0.006532957777380943
49727,TRUE,0.44312992691993713
49728,FALSE,0
49731,FALSE,0.0040587265975773335
49732,FALSE,0
49750,FALSE,0.00687059061601758
49752,FALSE,0.12296904623508453
49758,FALSE,0.33079633116722107
49759,FALSE,0
49761,TRUE,0.767265260219574
49773,FALSE,0.012501802295446396
49777,FALSE,0.12317126989364624
49781,FALSE,0.10925037413835526
49784,FALSE,0
49787,FALSE,0.05960972234606743
49788,FALSE,0.04151230677962303
49793,FALSE,0
49795,FALSE,0
49802,FALSE,0
49809,FALSE,0.055411871522665024
49819,FALSE,0
49824,FALSE,0
49825,TRUE,0.5222991108894348
49827,FALSE,0.04375852271914482
49830,FALSE,0.004301803186535835
49837,TRUE,0.8040488362312317
49839,FALSE,0
49844,FALSE,0
49845,FALSE,0.01748153381049633
49850,FALSE,0
49854,FALSE,0
49869,FALSE,0
49870,FALSE,0
49874,FALSE,0
49881,FALSE,0
49884,FALSE,0
49890,TRUE,0.5606571435928345
49895,FALSE,0
49896,TRUE,0.7314462661743164
49897,FALSE,0.016951721161603928
49911,FALSE,0.01008692942559719
49914,FALSE,0
49916,FALSE,0
49918,FALSE,0
49921,FALSE,0
49922,TRUE,0.3619568645954132
49923,FALSE,0.007140699774026871
49927,FALSE,0.17274893820285797
49928,FALSE,0.009826631285250187
49931,FALSE,0.007493514567613602
49938,FALSE,0
49941,TRUE,0.6801168322563171
49942,FALSE,0
49944,TRUE,0.45889610052108765
49950,TRUE,0.5362092852592468
49954,TRUE,0.5143502950668335
49961,TRUE,0.6122317314147949
49966,FALSE,0
49967,FALSE,0.03461260721087456
49971,FALSE,0
49974,FALSE,0
49976,TRUE,0.44924798607826233
49993,FALSE,0.24116244912147522
50001,FALSE,0
50012,FALSE,0
50015,FALSE,0
50017,TRUE,0.7020089030265808
50022,TRUE,0.8109456300735474
50026,FALSE,0
50031,TRUE,0.7394191026687622
50040,FALSE,0
50041,FALSE,0.14540643990039825
50057,FALSE,0.3368174433708191
50061,TRUE,0.7640946507453918
50070,FALSE,0.017404451966285706
50075,FALSE,0.008513242937624454
50076,TRUE,0.35350003838539124
50087,FALSE,0
50092,FALSE,0
50094,FALSE,0.021374262869358063
50097,FALSE,0.01687263883650303
50113,FALSE,0.07639489322900772
50114,FALSE,0
50118,FALSE,0
50119,FALSE,0.07070748507976532
50131,FALSE,0.0129696661606431
50133,FALSE,0
50140,FALSE,0
50144,FALSE,0.23790417611598969
50169,FALSE,0.01798078790307045
50170,TRUE,0.4547736942768097
50173,FALSE,0
50181,TRUE,0.37777045369148254
50188,TRUE,0.6231012940406799
50194,FALSE,0
50205,FALSE,0.15433736145496368
50209,FALSE,0
50212,TRUE,0.3408977687358856
50215,TRUE,0.4893532991409302
50230,FALSE,0.05172984302043915
50238,FALSE,0.26965487003326416
50240,TRUE,0.43177127838134766
50242,FALSE,0
50246,FALSE,0.08149346709251404
50250,FALSE,0
50251,FALSE,0.25523221492767334
50257,FALSE,0
50272,FALSE,0.007189913187175989
50275,FALSE,0.029464637860655785
50279,FALSE,0
50283,FALSE,0
50284,FALSE,0
50288,FALSE,0
50289,FALSE,0
50291,FALSE,0
50294,FALSE,0.0064337728545069695
50297,FALSE,0
50305,FALSE,0.035761088132858276
50307,FALSE,0.07672698050737381
50308,FALSE,0.0623675137758255
50311,FALSE,0.2922626733779907
50315,FALSE,0
50323,FALSE,0
50324,FALSE,0.163792222738266
50337,FALSE,0
50340,TRUE,0.35696282982826233
50342,TRUE,0.41749539971351624
50350,FALSE,0
50351,TRUE,0.45760101079940796
50356,FALSE,0.19309915602207184
50366,FALSE,0.31183263659477234
50377,FALSE,0.036993034183979034
50378,TRUE,0.6373736262321472
50379,FALSE,0
50382,TRUE,0.7556015253067017
50385,FALSE,0
50386,FALSE,0
50387,TRUE,0.7993444204330444
50390,FALSE,0
50392,FALSE,0
50399,FALSE,0
50400,FALSE,0.08776047080755234
50402,FALSE,0.21231746673583984
50408,FALSE,0
50416,FALSE,0
50419,FALSE,0.11039026081562042
50421,FALSE,0.18577943742275238
50423,FALSE,0
50425,FALSE,0
50428,FALSE,0
50433,FALSE,0
50438,FALSE,0.02906358428299427
50446,FALSE,0
50461,FALSE,0.011092865839600563
50466,FALSE,0.015420251525938511
50467,TRUE,0.5404759645462036
50470,FALSE,0.0119426678866148
50472,FALSE,0
50476,FALSE,0
50481,FALSE,0.03674475848674774
50495,FALSE,0
50503,FALSE,0
50511,FALSE,0.15339221060276031
50516,FALSE,0
50521,FALSE,0.008713151328265667
50528,TRUE,0.7662645578384399
50529,FALSE,0.05529623106122017
50530,FALSE,0.10810454189777374
50531,FALSE,0
50535,FALSE,0
50538,FALSE,0.07877671718597412
50539,FALSE,0.18306562304496765
50542,FALSE,0.018313128501176834
50546,FALSE,0
50549,FALSE,0.23046806454658508
50556,FALSE,0.014301239512860775
50557,FALSE,0
50570,FALSE,0.02295040525496006
50579,FALSE,0.1324782371520996
50589,FALSE,0
50590,FALSE,0
50594,FALSE,0
50603,FALSE,0.3367736339569092
50611,FALSE,0.04291505739092827
50631,FALSE,0.15736989676952362
50634,FALSE,0
50643,FALSE,0.04451049491763115
50671,FALSE,0
50673,FALSE,0
50684,FALSE,0
50688,FALSE,0
50689,FALSE,0
50691,FALSE,0.010254397988319397
50693,FALSE,0.02293424680829048
50698,TRUE,0.5054452419281006
50702,FALSE,0
50707,FALSE,0.036880914121866226
50718,FALSE,0
50724,FALSE,0
50729,FALSE,0
50738,FALSE,0.03461708500981331
50746,FALSE,0
50752,FALSE,0.057043008506298065
50762,FALSE,0.0069396537728607655
50768,FALSE,0
50773,FALSE,0
50774,FALSE,0
50778,FALSE,0
50790,TRUE,0.648806095123291
50791,FALSE,0
50796,FALSE,0.03718796744942665
50804,FALSE,0
50813,FALSE,0.003617597511038184
50817,FALSE,0.04692593961954117
50818,TRUE,0.7343986630439758
50824,FALSE,0.2273741215467453
50825,FALSE,0
50827,FALSE,0.09331396967172623
50829,FALSE,0.013220918364822865
50848,FALSE,0
50863,TRUE,0.3702935576438904
50869,FALSE,0
50873,FALSE,0
50874,FALSE,0
50875,FALSE,0.009098208509385586
50884,FALSE,0.011575747281312943
50897,FALSE,0.07751346379518509
50911,FALSE,0.027115095406770706
50914,FALSE,0
50916,FALSE,0.004873044788837433
50918,TRUE,0.7111284136772156
50919,FALSE,0
50939,FALSE,0
50944,FALSE,0.012657856568694115
50955,FALSE,0.02055121771991253
50958,TRUE,0.6514602899551392
50978,FALSE,0
50979,FALSE,0.09052382409572601
50981,FALSE,0
50989,FALSE,0.00993780791759491
50995,FALSE,0
51001,FALSE,0
51004,FALSE,0.030029060319066048
51015,FALSE,0
51017,TRUE,0.6547990441322327
51022,FALSE,0
51023,FALSE,0
51024,FALSE,0
51030,FALSE,0
51034,FALSE,0
51035,FALSE,0
51039,FALSE,0.2347012609243393
51041,FALSE,0.05882452055811882
51046,FALSE,0
51053,FALSE,0
51057,FALSE,0.017805190756917
51061,FALSE,0.279951810836792
51063,FALSE,0.22082318365573883
51064,FALSE,0
51071,FALSE,0
51076,FALSE,0
51083,FALSE,0
51089,FALSE,0.005219850689172745
51093,FALSE,0.07629065960645676
51094,FALSE,0
51099,FALSE,0
51103,FALSE,0.005747259594500065
51106,FALSE,0.008192488923668861
51110,FALSE,0.01528115477412939
51113,FALSE,0
51116,FALSE,0
51123,FALSE,0
51125,FALSE,0
51138,FALSE,0.044460978358983994
51141,FALSE,0.04619576036930084
51154,FALSE,0
51165,FALSE,0
51166,FALSE,0
51172,FALSE,0
51181,FALSE,0.011603419668972492
51199,FALSE,0
51206,FALSE,0.02661084569990635
51215,FALSE,0.11341208219528198
51217,FALSE,0
51218,TRUE,0.6794717311859131
51225,FALSE,0.014467235654592514
51232,FALSE,0.07917176187038422
51238,FALSE,0.007526400964707136
51243,FALSE,0
51247,FALSE,0
51251,FALSE,0.039532244205474854
51253,TRUE,0.6100658178329468
51254,FALSE,0
51258,FALSE,0
51264,FALSE,0
51270,FALSE,0
51272,FALSE,0
51279,FALSE,0
51283,FALSE,0.010766035877168179
51285,FALSE,0.0167018361389637
51288,FALSE,0.149846613407135
51290,TRUE,0.45097607374191284
51299,FALSE,0
51305,FALSE,0
51322,FALSE,0.059696558862924576
51326,TRUE,0.358145534992218
51328,FALSE,0.010419361293315887
51329,FALSE,0
51337,FALSE,0
51342,FALSE,0.041704267263412476
51344,FALSE,0
51346,FALSE,0.018841739743947983
51355,TRUE,0.6628808975219727
51359,FALSE,0
51360,FALSE,0.007881970144808292
51365,FALSE,0.08620604127645493
51369,FALSE,0.052630022168159485
51370,FALSE,0.22296588122844696
51374,FALSE,0.025567002594470978
51376,FALSE,0
51377,TRUE,0.5052620768547058
51385,FALSE,0
51387,FALSE,0.03468969091773033
51389,FALSE,0
51392,FALSE,0.01130522321909666
51394,FALSE,0
51397,FALSE,0
51407,FALSE,0
51413,FALSE,0
51414,FALSE,0
51415,FALSE,0
51427,FALSE,0
51428,FALSE,0.005144340917468071
51431,FALSE,0
51436,FALSE,0.039792973548173904
51441,FALSE,0.022502271458506584
51443,TRUE,0.7094047665596008
51449,FALSE,0.01963035762310028
51455,FALSE,0.012627082876861095
51469,FALSE,0.028292883187532425
51492,FALSE,0.030567506328225136
51495,FALSE,0
51502,FALSE,0.007423041388392448
51511,FALSE,0.047106411308050156
51516,TRUE,0.6638551950454712
51522,FALSE,0.24332240223884583
51527,FALSE,0.15441857278347015
51530,FALSE,0
51535,FALSE,0
51536,FALSE,0.012254594825208187
51540,FALSE,0
51546,FALSE,0.22666576504707336
51561,FALSE,0
51564,FALSE,0
51567,FALSE,0
51573,FALSE,0
51575,FALSE,0
51584,FALSE,0.009613042697310448
51586,FALSE,0.080821894109249115
51587,TRUE,0.7002108097076416
51596,FALSE,0.018946794793009758
51604,FALSE,0.021678540855646133
51606,TRUE,0.3763706684112549
51610,FALSE,0
51616,FALSE,0.09611826390028
51628,FALSE,0
51630,FALSE,0.007472796365618706
51634,FALSE,0.20851261913776398
51644,FALSE,0.007082066033035517
51653,FALSE,0.015809254720807076
51658,TRUE,0.36409854888916016
51661,FALSE,0
51663,FALSE,0.0057859574444592
51665,FALSE,0
51668,FALSE,0.004663216881453991
51673,FALSE,0.02005222998559475
51674,FALSE,0.06048186495900154
51685,FALSE,0
51687,FALSE,0.016123495995998383
51698,FALSE,0.06718660145998001
51700,FALSE,0.05590095371007919
51701,FALSE,0.02618582919239998
51702,FALSE,0.07654422521591187
51707,TRUE,0.3463693857192993
51708,FALSE,0
51729,FALSE,0.008883874863386154
51738,FALSE,0.01653006114065647
51747,FALSE,0.13951806724071503
51748,FALSE,0
51759,FALSE,0.051993608474731445
51769,FALSE,0
51778,FALSE,0
51781,FALSE,0
51784,FALSE,0.06018824502825737
51791,FALSE,0.09211402386426926
51792,FALSE,0
51793,FALSE,0.29861095547676086
51797,FALSE,0.10902930051088333
51805,FALSE,0.17882288992404938
51810,FALSE,0.007278316654264927
51811,TRUE,0.48573046922683716
51812,FALSE,0
51821,FALSE,0.014425795525312424
51823,FALSE,0.013054604642093182
51825,FALSE,0.014248997904360294
51832,FALSE,0
51833,FALSE,0
51835,FALSE,0
51836,TRUE,0.6408286690711975
51844,FALSE,0
51845,FALSE,0
51849,TRUE,0.7035810351371765
51855,FALSE,0.01947205513715744
51858,FALSE,0.1724674254655838
51866,FALSE,0
51867,FALSE,0
51871,FALSE,0
51872,FALSE,0
51873,FALSE,0.05483833700418472
51875,FALSE,0.012903225608170033
51878,TRUE,0.6073889136314392
51881,FALSE,0.0439053438603878
51885,FALSE,0
51890,FALSE,0.05048660561442375
51891,TRUE,0.5948453545570374
51895,FALSE,0
51904,FALSE,0.11906330287456512
51907,FALSE,0
51908,FALSE,0.01979563944041729
51909,FALSE,0
51912,FALSE,0
51923,FALSE,0
51931,FALSE,0
51938,FALSE,0.0799904391169548
51939,FALSE,0
51940,FALSE,0
51942,FALSE,0.015334682539105415
51948,FALSE,0.014229078777134418
51952,TRUE,0.7148995399475098
51961,TRUE,0.6683369874954224
51962,FALSE,0.05967652425169945
51964,FALSE,0.01885160617530346
51965,FALSE,0
51970,FALSE,0.3123601973056793
51974,TRUE,0.4406760036945343
51978,FALSE,0
51980,FALSE,0.007197367958724499
51993,TRUE,0.8705583810806274
51995,FALSE,0.18620085716247559
51996,FALSE,0
52000,FALSE,0
52011,FALSE,0.006227722391486168
52015,TRUE,0.4051985442638397
52016,FALSE,0
52025,FALSE,0
52033,FALSE,0
52044,FALSE,0.04901793599128723
52045,FALSE,0
52056,FALSE,0
52058,FALSE,0.1776667982339859
52072,FALSE,0
52079,FALSE,0.005241260398179293
52080,FALSE,0.0062040467746555805
52085,FALSE,0.02324056066572666
52104,FALSE,0.011103196069598198
52108,FALSE,0
52110,TRUE,0.45917749404907227
52112,FALSE,0
52116,FALSE,0.031567130237817764
52121,FALSE,0.010292774066329002
52126,FALSE,0.01920943334698677
52127,FALSE,0
52128,FALSE,0.017167124897241592
52146,FALSE,0
52149,FALSE,0
52156,FALSE,0
52159,FALSE,0
52162,TRUE,0.7543943524360657
52163,FALSE,0.008567608892917633
52168,FALSE,0.01683030277490616
52178,FALSE,0.004989951383322477
52180,FALSE,0.019382132217288017
52181,FALSE,0.07953698188066483
52190,FALSE,0.0817658007144928
52194,TRUE,0.6560539603233337
52204,FALSE,0
52211,FALSE,0
52214,FALSE,0.04709101468324661
52224,FALSE,0
52231,TRUE,0.6912221312522888
52233,TRUE,0.5874553322792053
52247,FALSE,0
52248,FALSE,0.008066469803452492
52254,TRUE,0.4264756143093109
52257,FALSE,0
52258,FALSE,0
52260,FALSE,0.05060678347945213
52274,FALSE,0
52278,FALSE,0.017484335228800774
52280,FALSE,0.006079541519284248
52282,FALSE,0
52283,FALSE,0.05912641063332558
52284,FALSE,0
52285,TRUE,0.8344859480857849
52292,FALSE,0.022062521427869797
52297,FALSE,0
52303,FALSE,0.011152387596666813
52312,FALSE,0
52318,FALSE,0
52320,FALSE,0.0061508347280323505
52328,FALSE,0
52334,FALSE,0
52335,FALSE,0.010949083603918552
52341,FALSE,0
52357,FALSE,0.16666631400585175
52358,FALSE,0.006994184572249651
52360,FALSE,0
52364,FALSE,0.013132056221365929
52367,FALSE,0
52369,FALSE,0.015554136596620083
52375,FALSE,0
52377,FALSE,0.016916189342737198
52383,FALSE,0.15695308148860931
52388,TRUE,0.723348081111908
52402,FALSE,0.03172675520181656
52406,FALSE,0.03268588334321976
52407,FALSE,0
52410,FALSE,0
52412,FALSE,0.01103548426181078
52415,FALSE,0.2847714424133301
52417,FALSE,0.01668359339237213
52419,TRUE,0.8415188193321228
52420,FALSE,0
52422,FALSE,0.019127078354358673
52427,FALSE,0
52430,FALSE,0.06745964288711548
52432,FALSE,0
52435,FALSE,0
52437,FALSE,0.014728358015418053
52438,FALSE,0
52439,FALSE,0
52448,FALSE,0.32176774740219116
52449,FALSE,0.015042630024254322
52457,FALSE,0
52459,FALSE,0.02237512543797493
52460,FALSE,0.17917294800281525
52462,FALSE,0.024084769189357758
52464,TRUE,0.37924253940582275
52475,TRUE,0.8884190320968628
52477,FALSE,0
52492,FALSE,0
52498,FALSE,0
52501,FALSE,0.2189663052558899
52506,FALSE,0
52515,FALSE,0
52517,FALSE,0
52518,FALSE,0
52528,FALSE,0
52532,FALSE,0.01707380637526512
52537,FALSE,0
52545,FALSE,0.18297871947288513
52552,FALSE,0
52557,FALSE,0.01759396865963936
52563,FALSE,0
52575,FALSE,0.012147530913352966
52579,FALSE,0.04871094226837158
52587,FALSE,0
52588,FALSE,0
52593,FALSE,0.006475378759205341
52596,FALSE,0
52599,TRUE,0.6261780261993408
52603,TRUE,0.6132584810256958
52611,FALSE,0.2826243042945862
52615,FALSE,0
52623,FALSE,0
52628,FALSE,0.04246548190712929
52640,TRUE,0.578858494758606
52649,TRUE,0.8797719478607178
52652,FALSE,0
52659,FALSE,0.2544078528881073
52660,FALSE,0.009190892800688744
52662,FALSE,0
52668,TRUE,0.5853835344314575
52669,FALSE,0
52671,FALSE,0
52674,FALSE,0.007709485478699207
52677,FALSE,0
52685,TRUE,0.6990221738815308
52687,FALSE,0.20219458639621735
52700,FALSE,0.0046629467979073524
52704,FALSE,0
52720,FALSE,0.0481182262301445
52723,FALSE,0.063738152384758
52725,FALSE,0
52726,FALSE,0
52731,FALSE,0.04402102530002594
52732,TRUE,0.8199471831321716
52733,FALSE,0
52734,TRUE,0.42882129549980164
52739,FALSE,0
52740,FALSE,0.13289618492126465
52758,FALSE,0.0595439113676548
52759,FALSE,0.02115810289978981
52760,FALSE,0.03800651803612709
52761,FALSE,0.16134271025657654
52765,FALSE,0.006136294454336166
52767,FALSE,0.05599251016974449
52771,FALSE,0.023885434493422508
52788,FALSE,0
52793,FALSE,0
52794,FALSE,0
52798,TRUE,0.6559226512908936
52799,FALSE,0
52805,TRUE,0.6271028518676758
52811,FALSE,0.09369371086359024
52812,FALSE,0
52813,FALSE,0
52816,FALSE,0.28363367915153503
52818,FALSE,0.06434258818626404
52828,FALSE,0
52830,TRUE,0.40211352705955505
52833,FALSE,0
52835,FALSE,0
52848,FALSE,0.07153663784265518
52862,FALSE,0
52865,FALSE,0
52868,FALSE,0.12311311066150665
52872,TRUE,0.48586106300354004
52876,FALSE,0.014537942595779896
52878,FALSE,0.010250972583889961
52883,FALSE,0.25630804896354675
52886,FALSE,0.021219316869974136
52890,FALSE,0
52903,FALSE,0.16133028268814087
52910,FALSE,0
52915,FALSE,0
52929,FALSE,0.009651748463511467
52931,FALSE,0.009682645089924335
52934,FALSE,0.11493337154388428
52943,TRUE,0.6444621682167053
52950,FALSE,0.16069157421588898
52954,FALSE,0
52958,FALSE,0.01576014794409275
52962,FALSE,0
52978,FALSE,0.2960141897201538
52979,TRUE,0.6487978100776672
52982,FALSE,0
52986,FALSE,0
52991,FALSE,0
52993,FALSE,0.10467550903558731
52994,FALSE,0
52996,TRUE,0.5467339158058167
52997,FALSE,0
52999,FALSE,0
53003,FALSE,0.01895834691822529
53007,FALSE,0.011403417214751244
53008,FALSE,0
53009,FALSE,0
53016,FALSE,0.07482944428920746
53020,FALSE,0
53030,FALSE,0
53039,FALSE,0.04181941971182823
53042,FALSE,0.14375902712345123
53051,FALSE,0.007968785241246223
53057,FALSE,0
53060,FALSE,0
53063,FALSE,0
53074,FALSE,0.12139008939266205
53076,FALSE,0.02107684500515461
53077,FALSE,0
53079,FALSE,0.020238572731614113
53083,FALSE,0.07203495502471924
53087,FALSE,0
53092,FALSE,0
53093,FALSE,0
53100,FALSE,0
53109,FALSE,0
53110,FALSE,0
53111,FALSE,0.31059470772743225
53115,FALSE,0
53120,FALSE,0
53121,FALSE,0.017936738207936287
53123,FALSE,0
53125,FALSE,0
53127,FALSE,0.07578567415475845
53131,FALSE,0
53137,FALSE,0
53144,FALSE,0
53145,FALSE,0.03077043779194355
53155,FALSE,0
53161,TRUE,0.7361900210380554
53166,FALSE,0.06154129281640053
53172,FALSE,0
53174,FALSE,0
53180,FALSE,0
53181,FALSE,0
53190,FALSE,0.012822601944208145
53193,FALSE,0
53209,FALSE,0
53210,FALSE,0.15915143489837646
53216,FALSE,0
53221,FALSE,0.1184224933385849
53223,FALSE,0.13951481878757477
53229,FALSE,0.04060148820281029
53231,FALSE,0
53234,FALSE,0
53238,FALSE,0
53241,FALSE,0
53246,FALSE,0
53252,FALSE,0.020882509648799896
53269,TRUE,0.42493999004364014
53275,FALSE,0
53278,FALSE,0.15848535299301147
53290,FALSE,0.016004452481865883
53292,FALSE,0.008367184549570084
53299,FALSE,0
53302,FALSE,0.02202356792986393
53304,FALSE,0
53308,FALSE,0
53311,FALSE,0
53313,FALSE,0.011599220335483551
53314,FALSE,0
53339,FALSE,0
53343,FALSE,0.025518547743558884
53351,FALSE,0.005172867327928543
53352,FALSE,0
53357,FALSE,0.03204813227057457
53363,FALSE,0.16785015165805817
53369,FALSE,0.1409824788570404
53371,FALSE,0.002931093331426382
53372,FALSE,0
53375,TRUE,0.4204428791999817
53377,FALSE,0.010874221101403236
53378,FALSE,0.013484859839081764
53379,FALSE,0
53380,FALSE,0
53383,FALSE,0.013255308382213116
53386,FALSE,0.22824814915657043
53389,FALSE,0.2488134205341339
53395,FALSE,0
53397,FALSE,0
53400,FALSE,0.09084109216928482
53408,FALSE,0.004870873875916004
53410,TRUE,0.5839540958404541
53416,FALSE,0
53417,TRUE,0.4230343997478485
53427,FALSE,0.06548133492469788
53431,FALSE,0.015132191590964794
53438,TRUE,0.38777533173561096
53439,FALSE,0.01238330639898777
53446,FALSE,0
53450,FALSE,0
53456,FALSE,0
53463,FALSE,0.026779208332300186
53464,FALSE,0
53465,FALSE,0.3059333264827728
53467,TRUE,0.5654057264328003
53468,FALSE,0.038961607962846756
53471,FALSE,0
53482,FALSE,0.25206419825553894
53484,FALSE,0.21730868518352509
53488,FALSE,0
53502,FALSE,0
53504,FALSE,0
53505,FALSE,0
53517,FALSE,0
53522,FALSE,0.08167764544487
53526,FALSE,0.008848914876580238
53529,FALSE,0.015569301322102547
53533,FALSE,0.0071845343336462975
53539,FALSE,0.014959131367504597
53560,FALSE,0.04796792194247246
53563,FALSE,0
53567,FALSE,0.3091776371002197
53574,FALSE,0
53575,FALSE,0
53588,FALSE,0
53590,FALSE,0
53592,FALSE,0.011415825225412846
53594,FALSE,0.01583206281065941
53598,FALSE,0
53608,FALSE,0
53613,FALSE,0
53614,FALSE,0
53615,FALSE,0
53618,FALSE,0.026438649743795395
53620,FALSE,0
53625,FALSE,0
53629,FALSE,0.005583738908171654
53632,FALSE,0
53644,FALSE,0
53645,FALSE,0
53647,FALSE,0.043068379163742065
53651,FALSE,0
53653,FALSE,0
53657,FALSE,0
53659,FALSE,0
53660,FALSE,0
53661,FALSE,0
53663,FALSE,0.01223328709602356
53665,FALSE,0.2919403612613678
53669,FALSE,0
53672,FALSE,0
53673,FALSE,0
53675,FALSE,0
53678,FALSE,0.007809313479810953
53680,FALSE,0.029054993763566017
53687,FALSE,0
53689,FALSE,0
53702,FALSE,0
53705,FALSE,0
53712,FALSE,0
53718,FALSE,0
53722,FALSE,0
53723,FALSE,0.3343104124069214
53730,FALSE,0.07439316809177399
53749,FALSE,0
53750,FALSE,0
53756,FALSE,0
53762,FALSE,0.01343116071075201
53765,FALSE,0
53767,FALSE,0.02449985221028328
53775,TRUE,0.43958160281181335
53781,TRUE,0.39939084649086
53783,FALSE,0
53784,FALSE,0.02937157079577446
53789,TRUE,0.7555390000343323
53802,FALSE,0.05852479487657547
53808,FALSE,0
53813,FALSE,0.0303568746894598
53819,FALSE,0
53820,FALSE,0
53821,FALSE,0
53839,FALSE,0
53844,TRUE,0.4408288896083832
53845,FALSE,0.008688146248459816
53848,FALSE,0.25373968482017517
53852,FALSE,0.020442824810743332
53868,FALSE,0
53869,FALSE,0.07479635626077652
53871,FALSE,0.05452951788902283
53872,TRUE,0.6528729796409607
53873,FALSE,0.03797517344355583
53877,FALSE,0
53882,FALSE,0
53885,FALSE,0.1017494723200798
53886,FALSE,0
53892,FALSE,0
53894,FALSE,0
53899,FALSE,0.3319285809993744
53905,FALSE,0
53910,FALSE,0
53911,TRUE,0.47024771571159363
53915,FALSE,0.009693890810012817
53921,FALSE,0.07617266476154327
53928,FALSE,0
53937,FALSE,0
53940,FALSE,0
53948,FALSE,0
53949,FALSE,0
53956,FALSE,0
53957,FALSE,0.010033031925559044
53960,FALSE,0
53976,FALSE,0.015125414356589317
53977,FALSE,0
53979,FALSE,0.02023054100573063
53980,FALSE,0
53987,FALSE,0
54004,FALSE,0.009085106663405895
54006,FALSE,0.16671068966388702
54008,FALSE,0.23578229546546936
54012,FALSE,0.04991837963461876
54023,FALSE,0
54025,FALSE,0.011627145111560822
54027,FALSE,0.3256951868534088
54035,TRUE,0.518927276134491
54045,FALSE,0.02175365388393402
54046,FALSE,0.034787047654390335
54047,FALSE,0.01791778951883316
54053,FALSE,0
54054,FALSE,0
54055,FALSE,0.2002338021993637
54059,FALSE,0.17980660498142242
54062,FALSE,0
54064,FALSE,0
54066,FALSE,0.020283831283450127
54075,TRUE,0.63315349817276
54080,FALSE,0
54083,FALSE,0.012830306775867939
54087,FALSE,0
54088,FALSE,0.04733426496386528
54091,FALSE,0.00970796775072813
54092,FALSE,0.021275030449032784
54095,FALSE,0.020086461678147316
54098,FALSE,0
54101,FALSE,0.03306834027171135
54111,TRUE,0.3400106132030487
54121,FALSE,0
54122,FALSE,0.06698617339134216
54129,FALSE,0.04152418300509453
54133,FALSE,0
54134,FALSE,0
54135,FALSE,0
54144,FALSE,0
54155,FALSE,0
54159,FALSE,0.014834917150437832
54171,FALSE,0.006851440295577049
54178,FALSE,0
54197,FALSE,0.0661734864115715
54201,FALSE,0.013374368660151958
54211,FALSE,0
54213,TRUE,0.7897844910621643
54214,FALSE,0.038569074124097824
54222,FALSE,0.02139252796769142
54235,FALSE,0
54238,FALSE,0.04104171320796013
54240,FALSE,0
54243,FALSE,0.07306419312953949
54249,FALSE,0
54253,FALSE,0
54254,TRUE,0.3793751001358032
54255,TRUE,0.624386727809906
54257,FALSE,0.10923293977975845
54261,FALSE,0.025469312444329262
54267,FALSE,0
54277,FALSE,0
54286,FALSE,0.05878186225891113
54288,TRUE,0.5495049357414246
54296,FALSE,0
54297,FALSE,0
54307,FALSE,0
54309,FALSE,0.02699774131178856
54312,FALSE,0
54326,FALSE,0
54334,FALSE,0.010225637815892696
54339,TRUE,0.627842903137207
54342,TRUE,0.34063050150871277
54345,FALSE,0
54347,FALSE,0.16621464490890503
54348,FALSE,0.2829970717430115
54349,FALSE,0.008724571205675602
54355,FALSE,0.2145507037639618
54356,FALSE,0.28661561012268066
54369,FALSE,0
54376,FALSE,0
54383,FALSE,0.014562713913619518
54387,FALSE,0
54389,FALSE,0
54391,FALSE,0.02991245873272419
54392,FALSE,0.16551059484481812
54398,FALSE,0
54407,FALSE,0.20902429521083832
54408,FALSE,0.12477783113718033
54415,FALSE,0
54437,FALSE,0.28728723526000977
54441,FALSE,0.13640651106834412
54444,FALSE,0
54456,FALSE,0.13273973762989044
54457,FALSE,0.22419412434101105
54460,FALSE,0
54464,FALSE,0
54469,FALSE,0.008623171597719193
54475,FALSE,0.017426777631044388
54478,FALSE,0.020876441150903702
54479,FALSE,0.08617497980594635
54480,FALSE,0
54493,FALSE,0
54500,TRUE,0.35351505875587463
54514,FALSE,0.006421652156859636
54521,FALSE,0
54524,FALSE,0.01895475573837757
54530,FALSE,0
54533,FALSE,0
54555,FALSE,0.020531628280878067
54556,FALSE,0
54561,FALSE,0.015604062005877495
54563,FALSE,0.04179384186863899
54564,FALSE,0.07599984109401703
54567,FALSE,0
54581,FALSE,0
54588,FALSE,0.029641496017575264
54590,FALSE,0.006166469771414995
54600,FALSE,0
54616,FALSE,0.0905693918466568
54617,FALSE,0
54625,FALSE,0
54626,FALSE,0.22991535067558289
54627,TRUE,0.9483116865158081
54629,FALSE,0
54634,FALSE,0.13252533972263336
54639,FALSE,0.33156904578208923
54650,FALSE,0
54653,FALSE,0
54658,FALSE,0
54661,FALSE,0.06509773433208466
54669,FALSE,0.026215065270662308
54682,FALSE,0.00918252021074295
54686,FALSE,0.10541754961013794
54698,FALSE,0
54705,FALSE,0.1030467301607132
54714,FALSE,0
54730,FALSE,0
54731,TRUE,0.5986876487731934
54733,FALSE,0
54739,FALSE,0.0748523697257042
54746,TRUE,0.4239337742328644
54748,TRUE,0.6728277802467346
54749,FALSE,0.01024614553898573
54753,TRUE,0.6233342289924622
54754,FALSE,0
54755,FALSE,0
54772,FALSE,0.03508354350924492
54780,FALSE,0.018186213448643684
54783,FALSE,0.003944382071495056
54784,FALSE,0
54793,FALSE,0.027942176908254623
54799,FALSE,0.005881475750356913
54812,FALSE,0.014677558094263077
54813,FALSE,0
54814,FALSE,0
54815,FALSE,0.309742271900177
54819,FALSE,0
54832,FALSE,0
54841,FALSE,0.03205907344818115
54844,FALSE,0
54846,FALSE,0.16442643105983734
54853,FALSE,0
54854,FALSE,0
54856,FALSE,0
54866,FALSE,0.019964570179581642
54869,FALSE,0.006353429984301329
54878,FALSE,0
54886,FALSE,0
54901,FALSE,0.00808223057538271
54909,FALSE,0.22759298980236053
54911,FALSE,0.009406976401805878
54913,FALSE,0.006108480971306562
54914,FALSE,0
54915,FALSE,0.025356749072670937
54916,FALSE,0
54917,FALSE,0.052271511405706406
54920,TRUE,0.7781585454940796
54928,FALSE,0.16147974133491516
54935,FALSE,0.012876694090664387
54936,FALSE,0
54937,FALSE,0
54958,FALSE,0.11663345247507095
54959,TRUE,0.48680081963539124
54960,FALSE,0
54971,FALSE,0
54982,FALSE,0.009595788083970547
54990,FALSE,0.038752827793359756
54992,FALSE,0.1080041155219078
55006,FALSE,0
55007,FALSE,0
55024,FALSE,0.012775620445609093
55035,FALSE,0
55037,FALSE,0
55038,FALSE,0.12773454189300537
55041,FALSE,0
55042,FALSE,0.02342820167541504
55054,FALSE,0.03766482695937157
55058,FALSE,0.017326079308986664
55060,FALSE,0.03831356391310692
55062,FALSE,0
55066,FALSE,0.21863074600696564
55073,FALSE,0.23199120163917542
55083,FALSE,0.018206613138318062
55092,FALSE,0.06455623358488083
55094,FALSE,0
55096,FALSE,0
55097,FALSE,0.1767222136259079
55099,FALSE,0.0986371636390686
55100,FALSE,0.015167024917900562
55103,FALSE,0.0576503612101078
55107,FALSE,0.01449101697653532
55109,FALSE,0
55116,TRUE,0.44874686002731323
55123,FALSE,0.022719142958521843
55124,FALSE,0
55125,FALSE,0
55126,FALSE,0
55127,FALSE,0
55128,FALSE,0
55129,FALSE,0
55134,FALSE,0.008947966620326042
55136,FALSE,0.007147578988224268
55137,TRUE,0.5201248526573181
55146,FALSE,0.03494621440768242
55157,FALSE,0
55160,FALSE,0
55162,FALSE,0
55167,FALSE,0.09199836105108261
55168,FALSE,0
55170,FALSE,0
55174,TRUE,0.46021780371665955
55182,FALSE,0
55189,FALSE,0.035608597099781036
55192,FALSE,0.14714272320270538
55201,FALSE,0.019840558990836143
55212,FALSE,0.07062944024801254
55219,FALSE,0.007701635826379061
55223,FALSE,0
55236,FALSE,0.008448749780654907
55246,FALSE,0
55248,FALSE,0.2763788104057312
55257,FALSE,0
55260,FALSE,0.1416444033384323
55261,FALSE,0
55268,FALSE,0.03597980737686157
55274,FALSE,0
55277,FALSE,0
55285,FALSE,0.05590026080608368
55291,FALSE,0
55302,FALSE,0
55305,TRUE,0.714497447013855
55310,FALSE,0.02262614667415619
55319,FALSE,0
55325,FALSE,0
55327,TRUE,0.6787838935852051
55331,FALSE,0
55338,FALSE,0.047814130783081055
55340,FALSE,0
55344,FALSE,0.297049880027771
55349,FALSE,0.012189802713692188
55353,FALSE,0.08590133488178253
55355,FALSE,0
55359,FALSE,0
55373,FALSE,0.27513498067855835
55374,FALSE,0
55378,FALSE,0.03939180448651314
55385,FALSE,0
55391,TRUE,0.534842312335968
55396,FALSE,0.2243112027645111
55400,FALSE,0
55417,FALSE,0.0514061413705349
55418,FALSE,0
55419,TRUE,0.47283050417900085
55421,FALSE,0.015122047625482082
55431,FALSE,0
55432,TRUE,0.510678768157959
55434,FALSE,0.01187065988779068
55437,FALSE,0
55450,FALSE,0.022786857560276985
55453,FALSE,0
55467,FALSE,0
55473,TRUE,0.7199705839157104
55476,FALSE,0
55477,FALSE,0
55478,FALSE,0
55488,FALSE,0.24160069227218628
55492,FALSE,0.17458844184875488
55493,TRUE,0.5101240277290344
55502,FALSE,0
55522,FALSE,0
55533,TRUE,0.35458093881607056
55534,FALSE,0
55538,FALSE,0
55545,FALSE,0
55560,FALSE,0.0722300112247467
55571,FALSE,0.06745487451553345
55573,TRUE,0.7498959302902222
55576,FALSE,0.0809842124581337
55577,FALSE,0.03457610681653023
55581,FALSE,0.03140856698155403
55594,FALSE,0
55595,FALSE,0
55596,FALSE,0
55600,FALSE,0.05770144239068031
55607,FALSE,0
55611,TRUE,0.6578317880630493
55612,FALSE,0.009348684921860695
55619,FALSE,0.010950117371976376
55624,FALSE,0
55625,FALSE,0
55632,FALSE,0
55637,FALSE,0.03916601464152336
55645,FALSE,0
55651,FALSE,0
55655,FALSE,0
55660,FALSE,0.015063181519508362
55664,FALSE,0
55666,FALSE,0
55669,FALSE,0
55682,FALSE,0
55684,FALSE,0.019576311111450195
55691,FALSE,0
55693,FALSE,0
55705,FALSE,0
55707,FALSE,0.05436531826853752
55708,TRUE,0.8264076709747314
55709,FALSE,0
55711,FALSE,0
55716,FALSE,0.07168817520141602
55721,FALSE,0
55729,FALSE,0.007003583014011383
55739,FALSE,0
55740,FALSE,0
55743,FALSE,0.010339075699448586
55744,FALSE,0
55745,FALSE,0.020962947979569435
55746,FALSE,0.06292898207902908
55747,FALSE,0
55748,FALSE,0
55751,FALSE,0.01643724925816059
55757,FALSE,0.02194773592054844
55759,FALSE,0
55760,FALSE,0.005176544189453125
55764,TRUE,0.38069483637809753
55767,FALSE,0.10047604888677597
55775,TRUE,0.7748591303825378
55779,FALSE,0
55783,FALSE,0.0038829066324979067
55787,TRUE,0.422384649515152
55791,FALSE,0
55824,FALSE,0.011155958287417889
55825,FALSE,0.018495718017220497
55828,TRUE,0.46189332008361816
55841,FALSE,0.09351790696382523
55845,FALSE,0.01577557809650898
55850,FALSE,0
55852,FALSE,0.026218660175800323
55860,FALSE,0
55871,FALSE,0.014491582289338112
55874,FALSE,0
55884,FALSE,0.01820618100464344
55887,FALSE,0.011187373660504818
55889,FALSE,0
55890,FALSE,0.07919267565011978
55894,FALSE,0.00680391164496541
55898,TRUE,0.5720162987709045
55900,FALSE,0.012628992088139057
55904,FALSE,0
55914,FALSE,0
55916,FALSE,0
55926,FALSE,0.07997773587703705
55928,FALSE,0
55936,FALSE,0
55937,FALSE,0
55939,FALSE,0.015793772414326668
55941,FALSE,0
55952,FALSE,0
55957,FALSE,0.014134855009615421
55962,FALSE,0
55968,TRUE,0.4008229672908783
55969,TRUE,0.3649071753025055
55971,FALSE,0
55976,TRUE,0.6322171092033386
55986,FALSE,0.016425274312496185
55994,FALSE,0.24342107772827148
55998,TRUE,0.5521207451820374
56002,FALSE,0.007368650287389755
56005,FALSE,0
56009,FALSE,0.25524523854255676
56014,FALSE,0.03989576920866966
56016,FALSE,0
56023,FALSE,0
56038,FALSE,0.0837726965546608
56041,FALSE,0.2016579508781433
56042,FALSE,0
56052,FALSE,0.023703984916210175
56054,FALSE,0.058934252709150314
56058,TRUE,0.654178261756897
56059,FALSE,0.11434677243232727
56072,FALSE,0
56077,FALSE,0.042701851576566696
56081,FALSE,0
56084,FALSE,0
56090,FALSE,0.0074171340093016624
56096,FALSE,0.11516913026571274
56097,FALSE,0.018957778811454773
56098,TRUE,0.8257077932357788
56106,FALSE,0.029293419793248177
56108,FALSE,0.13886822760105133
56110,FALSE,0.006145691964775324
56114,FALSE,0.004595104604959488
56118,FALSE,0
56122,FALSE,0
56129,FALSE,0.0948728546500206
56130,FALSE,0
56133,FALSE,0.09222427755594254
56138,FALSE,0
56140,FALSE,0.08559451997280121
56144,FALSE,0.030520277097821236
56148,FALSE,0.034595388919115067
56155,FALSE,0.2376595437526703
56162,FALSE,0
56164,FALSE,0
56195,FALSE,0
56198,FALSE,0
56202,FALSE,0
56213,FALSE,0.01157840434461832
56216,FALSE,0.19380410015583038
56222,FALSE,0
56229,FALSE,0
56233,FALSE,0.03187708184123039
56239,FALSE,0.013550913892686367
56243,TRUE,0.7720763683319092
56245,FALSE,0
56254,FALSE,0
56261,FALSE,0.2059890180826187
56263,FALSE,0
56264,FALSE,0.013626961037516594
56274,FALSE,0
56277,FALSE,0
56289,FALSE,0.011470186524093151
56297,FALSE,0.01787654496729374
56301,TRUE,0.5750927925109863
56306,FALSE,0.010402976535260677
56310,FALSE,0
56314,FALSE,0.023772237822413445
56315,FALSE,0
56317,FALSE,0.06896325945854187
56335,FALSE,0
56345,FALSE,0.1968114972114563
56353,FALSE,0
56354,FALSE,0
56356,TRUE,0.6287279725074768
56358,FALSE,0
56364,TRUE,0.5322719812393188
56371,TRUE,0.625914990901947
56373,FALSE,0.29380473494529724
56374,FALSE,0.1721193641424179
56378,FALSE,0
56379,TRUE,0.6339395642280579
56392,FALSE,0
56395,FALSE,0
56399,FALSE,0.010687187314033508
56407,FALSE,0
56415,FALSE,0
56416,FALSE,0
56418,FALSE,0
56420,FALSE,0
56422,FALSE,0
56428,FALSE,0
56431,FALSE,0.19914564490318298
56433,FALSE,0.2004229575395584
56437,FALSE,0.04809406399726868
56440,FALSE,0.01890645921230316
56443,FALSE,0
56448,FALSE,0
56450,FALSE,0
56453,FALSE,0
56461,FALSE,0
56463,FALSE,0
56466,FALSE,0
56468,FALSE,0.2996724247932434
56470,FALSE,0
56474,FALSE,0
56479,FALSE,0.006637282203882933
56484,FALSE,0
56493,FALSE,0.019447946920990944
56496,FALSE,0.005490729585289955
56503,FALSE,0.169282004237175
56507,TRUE,0.5604577660560608
56512,FALSE,0.005793889984488487
56514,FALSE,0
56524,FALSE,0.022520214319229126
56527,FALSE,0
56536,FALSE,0
56539,FALSE,0.02318151667714119
56542,FALSE,0
56545,TRUE,0.5401908755302429
56552,FALSE,0.012254982255399227
56555,FALSE,0
56567,TRUE,0.6848437786102295
56568,FALSE,0.02910619042813778
56573,FALSE,0.007899940945208073
56575,FALSE,0.042266856878995895
56577,FALSE,0.0905945897102356
56581,FALSE,0
56583,TRUE,0.5361273288726807
56584,FALSE,0.007779756560921669
56593,FALSE,0
56599,FALSE,0.061850886791944504
56603,FALSE,0.20174653828144073
56606,TRUE,0.8021926283836365
56607,FALSE,0
56609,FALSE,0
56610,FALSE,0.05422365665435791
56614,FALSE,0.015750108286738396
56617,FALSE,0
56630,FALSE,0
56631,FALSE,0
56638,FALSE,0.2163272202014923
56639,FALSE,0.11513868719339371
56642,FALSE,0.027222828939557076
56643,FALSE,0
56646,FALSE,0
56650,FALSE,0
56654,FALSE,0.08216428756713867
56681,FALSE,0
56688,FALSE,0
56695,FALSE,0
56702,FALSE,0.06031458079814911
56705,FALSE,0.022478463128209114
56706,FALSE,0
56718,FALSE,0.2363782376050949
56720,FALSE,0.08983796834945679
56723,FALSE,0
56730,FALSE,0.028450673446059227
56734,FALSE,0
56735,FALSE,0
56736,TRUE,0.40898141264915466
56748,FALSE,0.005612037144601345
56750,FALSE,0
56752,FALSE,0
56756,FALSE,0.010250667110085487
56773,FALSE,0
56784,FALSE,0
56786,FALSE,0.1195608451962471
56801,FALSE,0.2172263264656067
56802,FALSE,0
56803,TRUE,0.8241327404975891
56804,FALSE,0.009202398359775543
56805,TRUE,0.4163520634174347
56818,TRUE,0.5738322734832764
56819,FALSE,0.07452327758073807
56825,FALSE,0.012446828186511993
56833,FALSE,0.010227423161268234
56835,TRUE,0.4998818337917328
56839,FALSE,0
56842,FALSE,0
56851,FALSE,0.019263077527284622
56855,FALSE,0
56861,FALSE,0.037768181413412094
56864,TRUE,0.40385958552360535
56872,TRUE,0.6511261463165283
56885,TRUE,0.4955179691314697
56890,FALSE,0
56904,TRUE,0.4617396891117096
56907,FALSE,0
56908,FALSE,0.012144160456955433
56912,FALSE,0
56913,FALSE,0.1752675175666809
56920,FALSE,0.11679428070783615
56922,TRUE,0.8324556350708008
56935,FALSE,0
56944,FALSE,0.005023654084652662
56950,FALSE,0
56955,FALSE,0.015108354389667511
56957,FALSE,0
56967,FALSE,0
56971,FALSE,0
56972,FALSE,0
56976,FALSE,0
56980,FALSE,0
56984,FALSE,0.12207154184579849
56985,FALSE,0.018865976482629776
56991,FALSE,0.03042209893465042
56992,FALSE,0.03132824972271919
57004,FALSE,0.17599321901798248
57016,FALSE,0
57019,FALSE,0
57025,FALSE,0
57027,FALSE,0
57029,FALSE,0
57036,FALSE,0
57037,TRUE,0.6324664950370789
57042,FALSE,0.02008073776960373
57047,FALSE,0.00875383336097002
57053,FALSE,0
57067,FALSE,0
57068,FALSE,0.022290393710136414
57069,FALSE,0
57070,FALSE,0
57082,FALSE,0.06623676419258118
57084,FALSE,0.0061123003251850605
57087,FALSE,0.04995191469788551
57090,FALSE,0
57095,FALSE,0
57097,FALSE,0
57105,TRUE,0.35624760389328003
57110,FALSE,0
57116,FALSE,0.19544436037540436
57119,FALSE,0.012278132140636444
57120,FALSE,0.1355246603488922
57121,FALSE,0.09034612774848938
57127,FALSE,0
57128,TRUE,0.5562065839767456
57132,FALSE,0
57137,TRUE,0.59360671043396
57141,FALSE,0.3027629554271698
57145,TRUE,0.7072646021842957
57154,FALSE,0
57155,FALSE,0
57156,FALSE,0.02078842930495739
57159,FALSE,0.1942698210477829
57160,FALSE,0.22867460548877716
57161,FALSE,0.03464454412460327
57162,FALSE,0
57180,FALSE,0.01602582447230816
57182,FALSE,0.008578985929489136
57191,FALSE,0
57193,FALSE,0
57203,FALSE,0
57209,FALSE,0
57221,TRUE,0.39315757155418396
57223,FALSE,0.06251022219657898
57230,FALSE,0.024721626192331314
57251,FALSE,0
57256,FALSE,0.0078074256889522076
57263,FALSE,0
57267,FALSE,0
57268,TRUE,0.4707646369934082
57276,FALSE,0.009018058888614178
57279,FALSE,0.059536710381507874
57280,FALSE,0
57289,FALSE,0.2535277009010315
57294,FALSE,0.010545880533754826
57297,TRUE,0.6043308973312378
57302,FALSE,0.3357066512107849
57306,FALSE,0
57316,FALSE,0
57317,FALSE,0.0291683841496706
57319,FALSE,0.04370112344622612
57320,FALSE,0
57321,FALSE,0
57327,FALSE,0.16773280501365662
57328,FALSE,0
57329,FALSE,0
57332,FALSE,0.021351030096411705
57339,FALSE,0
57341,FALSE,0
57345,FALSE,0
57353,FALSE,0
57362,FALSE,0
57365,TRUE,0.8374972939491272
57370,FALSE,0.017626257613301277
57373,FALSE,0.0118393674492836
57380,TRUE,0.6353332996368408
57385,FALSE,0
57403,FALSE,0.01777006685733795
57409,FALSE,0.015338785946369171
57411,FALSE,0.005284708924591541
57412,FALSE,0.026225291192531586
57417,FALSE,0.2570365071296692
57418,TRUE,0.5736162066459656
57424,FALSE,0.06477157026529312
57428,FALSE,0.0055519831366837025
57429,FALSE,0.21627004444599152
57440,FALSE,0
57443,FALSE,0
57445,FALSE,0
57449,FALSE,0
57462,FALSE,0.023225270211696625
57470,FALSE,0.014713730663061142
57477,FALSE,0.12008246034383774
57478,FALSE,0
57484,FALSE,0
57496,FALSE,0
57501,FALSE,0
57502,FALSE,0.011107620783150196
57510,FALSE,0
57521,FALSE,0
57524,FALSE,0.01986318826675415
57530,FALSE,0.04711366817355156
57536,FALSE,0.1748214066028595
57538,FALSE,0
57545,FALSE,0.3013521134853363
57548,FALSE,0.277833491563797
57554,FALSE,0.021602267399430275
57560,FALSE,0
57568,FALSE,0
57571,FALSE,0.03384882211685181
57576,FALSE,0.014696796424686909
57580,FALSE,0.196486234664917
57585,FALSE,0.00804214458912611
57593,FALSE,0.005342044401913881
57600,FALSE,0.02147485502064228
57612,FALSE,0
57630,FALSE,0.006753009743988514
57637,FALSE,0
57647,FALSE,0
57659,TRUE,0.342481791973114
57660,FALSE,0
57666,FALSE,0
57667,FALSE,0
57670,FALSE,0.039176881313323975
57672,FALSE,0.008497584611177444
57673,TRUE,0.8192604184150696
57681,FALSE,0.2864973247051239
57684,FALSE,0
57685,TRUE,0.4319625794887543
57690,FALSE,0
57693,FALSE,0
57700,FALSE,0
57705,FALSE,0.016756271943449974
57706,TRUE,0.6308302283287048
57707,FALSE,0.0021379967220127583
57709,FALSE,0.012873015366494656
57715,FALSE,0.015431077219545841
57719,FALSE,0.010276849381625652
57721,FALSE,0
57724,FALSE,0
57729,FALSE,0.18484319746494293
57736,FALSE,0.21165454387664795
57748,FALSE,0.04272140562534332
57751,TRUE,0.49377015233039856
57755,FALSE,0.06184393912553787
57757,TRUE,0.34652793407440186
57758,FALSE,0.019444160163402557
57763,FALSE,0.0075521934777498245
57764,TRUE,0.3415941894054413
57768,TRUE,0.5852769017219543
57772,FALSE,0.014269600622355938
57773,FALSE,0.07487945258617401
57785,FALSE,0.011204255744814873
57794,FALSE,0
57796,TRUE,0.69769686460495
57803,FALSE,0
57805,FALSE,0
57826,FALSE,0.0852990448474884
57837,FALSE,0.01603020913898945
57838,FALSE,0
57839,FALSE,0.006893893703818321
57840,FALSE,0
57845,FALSE,0
57848,FALSE,0.014825086109340191
57850,FALSE,0
57852,FALSE,0.026166539639234543
57853,FALSE,0.005524177569895983
57859,FALSE,0.24006377160549164
57866,FALSE,0.016408080235123634
57875,TRUE,0.6154378652572632
57876,FALSE,0.011662949807941914
57879,FALSE,0.12209749966859818
57886,FALSE,0
57893,FALSE,0
57897,FALSE,0.1416238397359848
57914,FALSE,0
57918,TRUE,0.5457689762115479
57920,FALSE,0
57922,TRUE,0.4841439425945282
57929,FALSE,0
57936,FALSE,0.01499194372445345
57945,FALSE,0.038904860615730286
57946,FALSE,0.007731414400041103
57949,FALSE,0
57955,FALSE,0.017138458788394928
57957,FALSE,0
57962,FALSE,0
57967,FALSE,0.03679606691002846
57969,FALSE,0
57972,FALSE,0
57980,FALSE,0.10774081200361252
57988,TRUE,0.4224443733692169
57996,FALSE,0
57997,FALSE,0.015105807222425938
57998,FALSE,0.26521310210227966
58002,TRUE,0.558095395565033
58003,FALSE,0.2859935462474823
58006,FALSE,0.28978684544563293
58007,FALSE,0.07862655818462372
58018,FALSE,0
58040,FALSE,0.03188103437423706
58041,FALSE,0
58046,FALSE,0
58056,FALSE,0.027035754173994064
58057,FALSE,0
58066,FALSE,0.035236943513154984
58068,FALSE,0.01587616838514805
58081,TRUE,0.4697284996509552
58084,FALSE,0.13207697868347168
58085,FALSE,0
58094,FALSE,0.025111649185419083
58095,FALSE,0
58096,FALSE,0.33563652634620667
58097,FALSE,0.10083257406949997
58100,FALSE,0.11670788377523422
58101,FALSE,0.020916884765028954
58106,FALSE,0
58107,FALSE,0.05647527053952217
58109,FALSE,0
58110,FALSE,0.29841044545173645
58113,FALSE,0.05347945913672447
58114,FALSE,0.012949207797646523
58120,FALSE,0
58121,FALSE,0.03576266020536423
58123,FALSE,0.13570670783519745
58126,FALSE,0
58131,TRUE,0.7936640381813049
58132,FALSE,0.06813221424818039
58140,FALSE,0
58145,FALSE,0
58154,TRUE,0.6837058663368225
58162,FALSE,0
58166,FALSE,0.060574907809495926
58176,FALSE,0.020916718989610672
58178,FALSE,0.020555855706334114
58181,FALSE,0.004615165293216705
58183,FALSE,0
58184,TRUE,0.8476845026016235
58190,FALSE,0
58197,FALSE,0
58200,FALSE,0.010118832811713219
58204,FALSE,0
58209,FALSE,0
58213,TRUE,0.6343138813972473
58219,FALSE,0
58223,FALSE,0.13738790154457092
58227,FALSE,0
58228,FALSE,0.003954573534429073
58229,FALSE,0.025591930374503136
58232,FALSE,0.014517380855977535
58241,FALSE,0.01524330209940672
58243,TRUE,0.8131816387176514
58244,TRUE,0.6505252718925476
58247,FALSE,0.05957888439297676
58256,FALSE,0.2937677502632141
58262,FALSE,0.015533063560724258
58279,FALSE,0
58281,FALSE,0.24260462820529938
58297,FALSE,0.011806403286755085
58302,TRUE,0.5411887168884277
58305,TRUE,0.36768364906311035
58307,FALSE,0.044711075723171234
58311,FALSE,0
58316,FALSE,0
58322,FALSE,0.0809512510895729
58325,FALSE,0.18982741236686707
58329,FALSE,0.026509422808885574
58330,FALSE,0
58333,FALSE,0
58338,FALSE,0
58339,FALSE,0.01806529238820076
58367,FALSE,0.06486779451370239
58368,FALSE,0.028070196509361267
58371,FALSE,0
58376,FALSE,0
58377,FALSE,0.31064897775650024
58379,FALSE,0.10897974669933319
58383,FALSE,0.04306700453162193
58392,FALSE,0
58397,FALSE,0.0249180868268013
58400,FALSE,0
58408,TRUE,0.761517345905304
58421,FALSE,0
58427,FALSE,0
58432,FALSE,0
58435,FALSE,0.028315681964159012
58437,FALSE,0
58441,FALSE,0.19344335794448853
58442,FALSE,0.080905817449092865
58456,FALSE,0
58465,FALSE,0.3301562964916229
58475,FALSE,0
58494,TRUE,0.38489511609077454
58496,FALSE,0
58501,FALSE,0
58506,FALSE,0.010641601867973804
58517,TRUE,0.5435917973518372
58521,FALSE,0
58523,FALSE,0
58542,FALSE,0.12430095672607422
58548,FALSE,0.04986996203660965
58552,TRUE,0.621862530708313
58557,TRUE,0.5255127549171448
58559,FALSE,0
58561,FALSE,0.03389355167746544
58566,FALSE,0.03057316690683365
58568,FALSE,0.14059017598628998
58569,FALSE,0.07185578346252441
58571,TRUE,0.3671993613243103
58573,FALSE,0.0059572020545601845
58575,FALSE,0
58578,FALSE,0.13619035482406616
58581,FALSE,0.03891422972083092
58587,FALSE,0
58590,FALSE,0.25456738471984863
58591,FALSE,0.024981748312711716
58594,FALSE,0
58602,FALSE,0.013975836336612701
58611,FALSE,0
58620,FALSE,0
58626,FALSE,0.014611591584980488
58631,FALSE,0.02038036473095417
58648,FALSE,0.015963157638907433
58651,FALSE,0
58653,FALSE,0.23768162727355957
58658,FALSE,0.005255968775600195
58665,FALSE,0.07389682531356812
58668,FALSE,0
58669,FALSE,0.10014568269252777
58676,FALSE,0.15502622723579407
58680,TRUE,0.5849064588546753
58706,FALSE,0.20089279115200043
58708,FALSE,0.06468338519334793
58714,TRUE,0.6352725028991699
58723,TRUE,0.4882218837738037
58725,TRUE,0.39911261200904846
58727,FALSE,0.012007412500679493
58729,FALSE,0
58735,FALSE,0
58747,FALSE,0.0086202491074800491
58749,FALSE,0.02818417176604271
58753,TRUE,0.593499481678009
58755,FALSE,0
58765,FALSE,0
58767,FALSE,0
58770,FALSE,0
58779,FALSE,0.05088738724589348
58782,FALSE,0
58787,FALSE,0.12612812221050262
58788,FALSE,0.016389697790145874
58790,FALSE,0
58794,FALSE,0.3309021294116974
58801,FALSE,0
58802,FALSE,0
58804,FALSE,0.007451122626662254
58811,FALSE,0
58815,FALSE,0
58822,FALSE,0
58823,FALSE,0.007901555858552456
58824,FALSE,0.01631380058825016
58841,FALSE,0
58845,FALSE,0.33300596475601196
58846,FALSE,0
58848,FALSE,0.0981605276465416
58852,FALSE,0
58857,FALSE,0.25768521428108215
58863,FALSE,0
58869,FALSE,0
58879,FALSE,0.1685400754213333
58881,FALSE,0
58883,FALSE,0
58893,FALSE,0.2931596338748932
58896,FALSE,0
58909,TRUE,0.6452944874763489
58917,FALSE,0.008834443986415863
58939,FALSE,0
58951,FALSE,0.04089048132300377
58952,FALSE,0
58956,FALSE,0.035820938646793365
58966,FALSE,0.013943018391728401
58975,FALSE,0
58985,FALSE,0.03923431411385536
58989,TRUE,0.5537789463996887
58996,FALSE,0
58998,FALSE,0.14193004369735718
59003,FALSE,0
59004,FALSE,0
59012,FALSE,0.013249577023088932
59014,FALSE,0
59021,FALSE,0.16031070053577423
59024,FALSE,0.0048272013664245605
59026,FALSE,0
59029,TRUE,0.4529476761817932
59038,FALSE,0
59041,FALSE,0
59045,FALSE,0.16006989777088165
59049,FALSE,0
59056,FALSE,0.033979374915361404
59066,FALSE,0.13061092793941498
59074,FALSE,0.007601040881127119
59075,FALSE,0
59079,FALSE,0
59080,FALSE,0
59081,FALSE,0.22447513043880463
59084,FALSE,0.2705419063568115
59085,FALSE,0.2506779730319977
59086,FALSE,0
59093,FALSE,0
59095,FALSE,0.10584360361099243
59098,FALSE,0.11804382503032684
59099,FALSE,0
59101,FALSE,0.008759425021708012
59105,FALSE,0.020865367725491524
59107,FALSE,0.21908104419708252
59119,FALSE,0.04587016627192497
59120,FALSE,0
59127,FALSE,0.00943021196871996
59136,FALSE,0.009026235900819302
59137,FALSE,0.03037004917860031
59139,FALSE,0
59140,FALSE,0.009036067873239517
59142,TRUE,0.6747614741325378
59148,FALSE,0
59150,TRUE,0.7062835693359375
59157,TRUE,0.4005559980869293
59171,FALSE,0.20670463144779205
59175,FALSE,0.031342558562755585
59178,FALSE,0
59179,FALSE,0
59185,FALSE,0
59187,FALSE,0
59193,FALSE,0
59198,FALSE,0
59206,FALSE,0.00879562646150589
59209,FALSE,0
59211,FALSE,0
59219,FALSE,0.061607375741004944
59221,FALSE,0
59229,FALSE,0
59235,TRUE,0.6640507578849792
59237,FALSE,0.06589271128177643
59241,FALSE,0
59247,FALSE,0
59248,FALSE,0.010690650902688503
59250,TRUE,0.7813783884048462
59257,TRUE,0.528303325176239
59260,FALSE,0
59262,FALSE,0.010210794396698475
59263,FALSE,0
59277,FALSE,0.1684866100549698
59289,FALSE,0.3231891393661499
59306,FALSE,0.014697941951453686
59324,TRUE,0.432856023311615
59330,FALSE,0.024386277422308922
59332,FALSE,0
59341,TRUE,0.42472174763679504
59350,FALSE,0
59360,FALSE,0.24569910764694214
59370,FALSE,0
59375,FALSE,0.21128639578819275
59378,FALSE,0.24317404627799988
59383,FALSE,0
59390,FALSE,0
59391,FALSE,0
59393,FALSE,0.16599290072917938
59397,FALSE,0.028902962803840637
59401,FALSE,0
59408,TRUE,0.6737100481987
59431,FALSE,0.017152512446045876
59439,FALSE,0.1639695167541504
59442,FALSE,0.014938551001250744
59452,FALSE,0
59453,FALSE,0.10621144622564316
59457,FALSE,0
59464,FALSE,0.05138421431183815
59473,FALSE,0.007252155337482691
59489,FALSE,0.037609394639730453
59490,FALSE,0
59493,TRUE,0.5277940034866333
59496,FALSE,0.014080901630222797
59497,FALSE,0.2292330414056778
59504,FALSE,0.3262229859828949
59515,FALSE,0
59529,FALSE,0
59530,FALSE,0.061535920947790146
59532,FALSE,0.015500315465033054
59535,FALSE,0
59537,FALSE,0.017760174348950386
59542,FALSE,0
59548,FALSE,0.03488042205572128
59555,FALSE,0.22468054294586182
59558,FALSE,0
59566,FALSE,0
59567,FALSE,0.013147730380296707
59568,FALSE,0
59569,FALSE,0.17431026697158813
59571,FALSE,0
59573,FALSE,0.015146098099648952
59587,TRUE,0.6254333257675171
59588,TRUE,0.7366539835929871
59592,FALSE,0
59607,FALSE,0
59608,FALSE,0.32343965768814087
59609,FALSE,0.008152357302606106
59616,FALSE,0.05081493780016899
59620,FALSE,0.11375738680362701
59625,FALSE,0.2294701486825943
59632,TRUE,0.6209263801574707
59634,FALSE,0.01692928746342659
59635,FALSE,0.04320121929049492
59640,FALSE,0
59641,FALSE,0.014402824454009533
59649,FALSE,0.05020362138748169
59650,FALSE,0.25368374586105347
59652,FALSE,0.2891653776168823
59666,FALSE,0
59668,FALSE,0.01567470282316208
59670,FALSE,0.058360595256090164
59678,FALSE,0.1975252479314804
59681,FALSE,0.06337001174688339
59682,FALSE,0
59689,TRUE,0.3988378345966339
59691,FALSE,0
59692,FALSE,0.016989847645163536
59701,FALSE,0.13061733543872833
59702,FALSE,0
59710,FALSE,0.006536242552101612
59713,FALSE,0
59722,FALSE,0.047211937606334686
59729,FALSE,0
59731,FALSE,0
59736,FALSE,0.3117096424102783
59738,FALSE,0
59741,FALSE,0.00726850051432848
59742,FALSE,0
59743,FALSE,0.008162966929376125
59747,FALSE,0.030731189996004105
59749,FALSE,0
59750,FALSE,0.06362520903348923
59756,FALSE,0.006714438553899527
59761,FALSE,0
59765,FALSE,0
59771,FALSE,0.05071394890546799
59774,FALSE,0.1829291135072708
59776,FALSE,0.009126413613557816
59786,FALSE,0
59788,FALSE,0.015013069845736027
59799,FALSE,0
59800,FALSE,0.19021840393543243
59804,FALSE,0
59809,FALSE,0
59815,FALSE,0.11263678967952728
59819,FALSE,0
59824,FALSE,0.1848832219839096
59834,FALSE,0.04811667650938034
59835,FALSE,0.10924891382455826
59838,FALSE,0
59843,FALSE,0
59847,FALSE,0
59852,FALSE,0.1496438980102539
59858,FALSE,0.02518461085855961
59861,FALSE,0.037951793521642685
59862,FALSE,0
59868,FALSE,0.04435372352600098
59869,FALSE,0
59870,FALSE,0.011108584702014923
59872,FALSE,0.012754905968904495
59873,TRUE,0.5133843421936035
59874,FALSE,0
59880,FALSE,0.06613293290138245
59886,FALSE,0
59895,FALSE,0.03446047380566597
59899,FALSE,0
59903,FALSE,0
59905,FALSE,0.14773054420948029
59906,FALSE,0
59910,FALSE,0
59918,FALSE,0.006772171705961227
59921,TRUE,0.506278395652771
59924,FALSE,0
59927,FALSE,0.05228887498378754
59928,FALSE,0.030503667891025543
59931,FALSE,0.018086722120642662
59938,FALSE,0
59942,FALSE,0
59945,FALSE,0
59951,FALSE,0
59952,FALSE,0
59956,FALSE,0.03869005665183067
59970,FALSE,0
59976,FALSE,0.15078677237033844
59981,FALSE,0
59984,FALSE,0
59985,FALSE,0.00587862404063344
59988,FALSE,0.13260847330093384
59989,FALSE,0
59994,FALSE,0
60001,FALSE,0
60002,FALSE,0.10063467919826508
60009,FALSE,0
60011,FALSE,0.3263399004936218
60016,FALSE,0.12297341972589493
60017,FALSE,0
60021,FALSE,0.008384441025555134
60026,FALSE,0.12542209029197693
60027,FALSE,0
60029,FALSE,0
60034,TRUE,0.7175758481025696
60039,FALSE,0.10759355127811432
60042,TRUE,0.8013691306114197
60047,TRUE,0.4918197691440582
60051,TRUE,0.3566562235355377
60052,FALSE,0.30825701355934143
60062,FALSE,0
60065,FALSE,0.14998656511306763
60066,FALSE,0
60067,FALSE,0.023480575531721115
60068,FALSE,0
60070,FALSE,0.0594041533768177
60071,FALSE,0
60074,FALSE,0.058895669877529144
60075,TRUE,0.6335014700889587
60076,FALSE,0.02629368007183075
60080,FALSE,0.010393948294222355
60081,FALSE,0.01729618012905121
60083,FALSE,0.03636069968342781
60084,FALSE,0
60085,FALSE,0
60099,FALSE,0
60101,FALSE,0
60106,FALSE,0.05625985935330391
60112,FALSE,0
60115,FALSE,0
60118,FALSE,0
60121,FALSE,0.003816262586042285
60124,FALSE,0
60130,FALSE,0.11587140709161758
60138,FALSE,0.057173341512680054
60140,TRUE,0.649817705154419
60146,TRUE,0.3715471029281616
60152,FALSE,0
60153,FALSE,0
60162,FALSE,0
60164,FALSE,0
60166,FALSE,0.016357097774744034
60170,FALSE,0
60178,FALSE,0
60183,FALSE,0.018794948235154152
60184,FALSE,0.06651357561349869
60189,FALSE,0
60191,FALSE,0.014013202860951424
60192,TRUE,0.6464858651161194
60198,FALSE,0
60206,FALSE,0.054515402764081955
60210,FALSE,0.025172973051667213
60214,FALSE,0.04508071020245552
60217,FALSE,0
60223,FALSE,0
60235,FALSE,0.018750105053186417
60236,FALSE,0.027050690725445747
60239,FALSE,0.1388091742992401
60243,TRUE,0.42939794063568115
60245,FALSE,0
60246,FALSE,0
60248,FALSE,0.007490386720746756
60250,FALSE,0.05794009193778038
60259,FALSE,0.052883706986904144
60263,FALSE,0.03163619711995125
60265,TRUE,0.7351204752922058
60271,FALSE,0
60276,FALSE,0.004791309591382742
60279,FALSE,0.09865725785493851
60281,FALSE,0
60286,FALSE,0.22244568169116974
60290,FALSE,0.015702050179243088
60295,FALSE,0.005643061362206936
60299,FALSE,0
60303,FALSE,0.10006722062826157
60304,FALSE,0
60308,FALSE,0
60315,FALSE,0
60321,FALSE,0.11038828641176224
60322,FALSE,0.0038336305879056454
60323,FALSE,0
60329,FALSE,0
60330,FALSE,0.026383057236671448
60335,TRUE,0.7174150347709656
60343,FALSE,0
60344,FALSE,0
60349,FALSE,0
60352,TRUE,0.8098209500312805
60359,TRUE,0.7194288372993469
60367,FALSE,0.025456510484218597
60368,FALSE,0.17082035541534424
60370,FALSE,0
60379,FALSE,0
60380,FALSE,0
60383,FALSE,0.01737004704773426
60385,FALSE,0
60392,FALSE,0.04605165496468544
60396,FALSE,0
60410,FALSE,0
60419,FALSE,0
60420,FALSE,0.04460234194993973
60421,FALSE,0.04449128359556198
60423,FALSE,0.02565922401845455
60429,FALSE,0
60431,FALSE,0.04447624832391739
60434,FALSE,0
60436,FALSE,0
60437,FALSE,0.014082105830311775
60445,FALSE,0.07771261781454086
60446,FALSE,0
60448,TRUE,0.5867139101028442
60453,FALSE,0.002312388736754656
60463,TRUE,0.7815741300582886
60464,FALSE,0.026548748835921288
60467,FALSE,0
60469,FALSE,0
60483,FALSE,0
60484,TRUE,0.5089618563652039
60485,FALSE,0
60488,FALSE,0.010012715123593807
60496,FALSE,0.0036086332984268665
60501,TRUE,0.35711589455604553
60503,FALSE,0.017346397042274475
60516,FALSE,0.005498277954757214
60519,FALSE,0
60530,FALSE,0
60534,FALSE,0.009322215802967548
60541,FALSE,0
60560,FALSE,0
60561,FALSE,0
60568,FALSE,0
60569,FALSE,0
60577,FALSE,0.11147938668727875
60582,FALSE,0
60588,FALSE,0
60604,FALSE,0.0191761814057827
60605,FALSE,0.03272975608706474
60607,FALSE,0.02326984331011772
60617,TRUE,0.5776816606521606
60620,FALSE,0
60622,FALSE,0.1779598444700241
60624,TRUE,0.4563595652580261
60628,FALSE,0
60637,FALSE,0
60647,FALSE,0.023504089564085007
60651,FALSE,0.02918989770114422
60654,FALSE,0.05860607326030731
60657,FALSE,0.015485833398997784
60667,FALSE,0
60668,FALSE,0
60675,TRUE,0.392940878868103
60676,FALSE,0.016054322943091393
60677,FALSE,0
60679,FALSE,0.055043239146471024
60681,FALSE,0.006891944911330938
60685,TRUE,0.42913150787353516
60686,FALSE,0.029067426919937134
60695,FALSE,0.0566064827144146
60701,FALSE,0
60702,FALSE,0
60704,FALSE,0
60705,TRUE,0.90869903564453125
60717,FALSE,0
60724,FALSE,0.007765182759612799
60730,FALSE,0.06772913038730621
60733,TRUE,0.7773925065994263
60736,FALSE,0.010951217263936996
60740,TRUE,0.5481075048446655
60754,FALSE,0.11790958046913147
60768,FALSE,0.03833039104938507
60770,TRUE,0.34615153074264526
60773,FALSE,0
60780,FALSE,0.03737063705921173
60783,FALSE,0
60785,FALSE,0.10119365900754929
60788,FALSE,0.01166508812457323
60789,FALSE,0
60790,FALSE,0
60793,FALSE,0.01462330762296915
60797,FALSE,0
60800,FALSE,0.265766441822052
60806,FALSE,0
60807,TRUE,0.3982047438621521
60812,FALSE,0.16800254583358765
60828,FALSE,0
60833,FALSE,0.0308252964168787
60835,FALSE,0
60836,FALSE,0
60847,FALSE,0.04395141825079918
60856,FALSE,0
60864,FALSE,0.03306076303124428
60871,FALSE,0
60872,FALSE,0.147078275680542
60893,FALSE,0.26618385314941406
60896,FALSE,0.012748794630169868
60898,FALSE,0
60902,FALSE,0.0689953863620758
60912,FALSE,0.17179809510707855
60919,FALSE,0
60921,FALSE,0
60925,FALSE,0.06343285739421844
60930,TRUE,0.7017289996147156
60933,TRUE,0.39807868003845215
60936,FALSE,0.010080180130898952
60942,FALSE,0
60947,FALSE,0
60955,FALSE,0.09341896325349808
60958,TRUE,0.8007316589355469
60961,FALSE,0
60963,FALSE,0
60967,TRUE,0.705517590045929
60971,FALSE,0
60976,TRUE,0.5562155246734619
60980,FALSE,0.24837914109230042
60981,FALSE,0
60983,FALSE,0.06178002059459686
60984,FALSE,0
60985,FALSE,0
60988,FALSE,0.012577065266668797
60992,TRUE,0.5255170464515686
60995,FALSE,0.015147783793509007
60996,FALSE,0
60997,FALSE,0
60999,FALSE,0.11663788557052612
61000,FALSE,0
61004,FALSE,0
61035,FALSE,0
61038,FALSE,0
61048,FALSE,0.022646216675639153
61050,FALSE,0.10134006291627884
61053,FALSE,0.15452829003334045
61055,FALSE,0.010140601545572281
61056,FALSE,0
61063,FALSE,0
61075,FALSE,0
61078,FALSE,0.015579024329781532
61081,TRUE,0.509319007396698
61088,FALSE,0
61093,FALSE,0
61095,FALSE,0.058199722319841385
61109,FALSE,0
61110,FALSE,0
61128,FALSE,0.06437691301107407
61129,FALSE,0
61132,FALSE,0.006532654166221619
61133,FALSE,0.025453364476561546
61134,FALSE,0
61141,FALSE,0.2069096714258194
61154,FALSE,0.012846357189118862
61155,FALSE,0
61156,TRUE,0.34119871258735657
61168,FALSE,0.010493091307580471
61170,FALSE,0.02297103777527809
61172,FALSE,0
61173,FALSE,0.030112430453300476
61180,TRUE,0.6496252417564392
61189,FALSE,0.03385156765580177
61190,TRUE,0.8198866844177246
61192,FALSE,0
61196,FALSE,0.0901091918349266
61199,FALSE,0.3315306007862091
61200,FALSE,0
61208,FALSE,0
61211,FALSE,0
61212,FALSE,0
61213,FALSE,0.028286883607506752
61216,FALSE,0.03409183397889137
61219,FALSE,0.1389235556125641
61236,FALSE,0
61237,FALSE,0
61242,FALSE,0
61270,FALSE,0.018767427653074265
61274,FALSE,0.03469645977020264
61276,FALSE,0.0035010753199458122
61278,FALSE,0.02982896938920021
61279,FALSE,0
61283,FALSE,0.13637769222259521
61290,FALSE,0
61300,TRUE,0.8353270292282104
61302,FALSE,0.061217717826366425
61303,FALSE,0.3166128993034363
61306,FALSE,0.1601531207561493
61315,TRUE,0.4287858307361603
61318,FALSE,0
61319,FALSE,0.01373554952442646
61327,FALSE,0.0032606450840830803
61334,FALSE,0.03522370755672455
61338,FALSE,0
61340,FALSE,0
61346,FALSE,0.1235862746834755
61352,TRUE,0.6554185152053833
61363,FALSE,0.048428039997816086
61368,FALSE,0.027592239901423454
61369,FALSE,0
61371,FALSE,0.01215131301432848
61372,FALSE,0.16471149027347565
61374,TRUE,0.7281650304794312
61376,TRUE,0.3564825654029846
61382,TRUE,0.5735645294189453
61387,FALSE,0.04393099620938301
61395,FALSE,0.011861981824040413
61408,FALSE,0
61414,TRUE,0.7547689080238342
61417,FALSE,0.007711995858699083
61426,FALSE,0
61428,FALSE,0
61434,FALSE,0.004924304783344269
61435,FALSE,0.016578547656536102
61442,FALSE,0
61446,FALSE,0.12726810574531555
61447,FALSE,0.16344769299030304
61454,FALSE,0.01043511088937521
61464,FALSE,0.006692945957183838
61472,FALSE,0.14528538286685944
61473,FALSE,0.135657399892807
61476,FALSE,0.2626475989818573
61477,FALSE,0
61479,FALSE,0
61480,FALSE,0
61481,FALSE,0
61482,FALSE,0
61489,FALSE,0.02602492831647396
61492,FALSE,0
61495,FALSE,0
61498,FALSE,0.02472570724785328
61508,TRUE,0.5006179213523865
61510,FALSE,0.1767384558916092
61518,FALSE,0.019382359459996223
61519,FALSE,0
61544,FALSE,0
61546,FALSE,0
61556,FALSE,0
61558,FALSE,0
61571,FALSE,0
61572,FALSE,0.017113102599978447
61580,FALSE,0.01199352741241455
61582,FALSE,0
61586,FALSE,0.17573976516723633
61590,FALSE,0.01497791800647974
61593,FALSE,0.20697064697742462
61595,FALSE,0
61602,FALSE,0.13557197153568268
61606,FALSE,0
61607,FALSE,0.01378205232322216
61609,TRUE,0.6900181174278259
61610,FALSE,0.011313257738947868
61611,FALSE,0
61612,FALSE,0
61616,FALSE,0
61618,FALSE,0.004188939929008484
61621,FALSE,0
61624,TRUE,0.6339964866638184
61629,FALSE,0
61635,TRUE,0.5620151162147522
61636,FALSE,0.040149036794900894
61637,FALSE,0
61647,FALSE,0
61656,FALSE,0
61668,FALSE,0.014090536162257195
61673,TRUE,0.7199781537055969
61677,TRUE,0.814458966255188
61684,FALSE,0.009143790230154991
61686,FALSE,0
61688,FALSE,0
61692,FALSE,0
61701,FALSE,0.016584930941462517
61704,FALSE,0
61707,FALSE,0.03361449018120766
61709,FALSE,0
61711,FALSE,0
61713,FALSE,0.04582510143518448
61718,FALSE,0
61719,TRUE,0.3653327226638794
61727,FALSE,0
61737,FALSE,0.011274618096649647
61744,FALSE,0
61745,FALSE,0
61749,FALSE,0.33028119802474976
61751,FALSE,0.057126451283693314
61761,FALSE,0.02489630877971649
61762,TRUE,0.8202810883522034
61766,FALSE,0
61770,FALSE,0.13273721933364868
61776,FALSE,0.04589873179793358
61786,FALSE,0.07900490611791611
61787,FALSE,0
61790,TRUE,0.6769313216209412
61798,FALSE,0.0123094217851758
61806,FALSE,0
61820,FALSE,0.07450736314058304
61823,FALSE,0
61825,FALSE,0.03015883080661297
61831,FALSE,0
61835,FALSE,0.00851071160286665
61839,FALSE,0.03722703456878662
61860,FALSE,0
61864,FALSE,0.027326351031661034
61866,FALSE,0
61867,FALSE,0
61870,FALSE,0
61872,FALSE,0
61874,FALSE,0.09217342734336853
61885,FALSE,0.015204542316496372
61888,FALSE,0.04173077270388603
61889,FALSE,0
61893,FALSE,0.009480724111199379
61900,FALSE,0
61906,TRUE,0.6051150560379028
61909,FALSE,0.03191554918885231
61910,FALSE,0
61912,FALSE,0.0051866858266294
61913,FALSE,0.035417620092630386
61919,FALSE,0.19587314128875732
61933,FALSE,0.029813341796398163
61934,FALSE,0.04169851168990135
61935,FALSE,0.031229408457875252
61937,FALSE,0.04285215586423874
61942,FALSE,0.20784151554107666
61946,FALSE,0.004776373505592346
61955,FALSE,0.014790457673370838
61959,FALSE,0.036613330245018005
61973,TRUE,0.41081464290618896
61975,FALSE,0
61982,FALSE,0
61984,TRUE,0.35128656029701233
61987,FALSE,0.034817662090063095
61994,FALSE,0
61998,FALSE,0
62003,FALSE,0
62015,FALSE,0
62017,FALSE,0
62026,FALSE,0.015060542151331902
62030,TRUE,0.40955519676208496
62031,FALSE,0.1468137800693512
62039,FALSE,0
62045,TRUE,0.6540039777755737
62054,FALSE,0.00892500951886177
62059,FALSE,0
62060,FALSE,0.007805781438946724
62070,FALSE,0
62076,FALSE,0
62086,FALSE,0
62097,FALSE,0.2570338547229767
62101,FALSE,0
62116,FALSE,0.07177583873271942
62118,FALSE,0
62134,FALSE,0.09522252529859543
62136,FALSE,0.14430305361747742
62148,FALSE,0
62165,FALSE,0
62170,FALSE,0.005168716888874769
62174,FALSE,0.022952761501073837
62184,FALSE,0
62188,FALSE,0.004806184209883213
62189,FALSE,0
62194,FALSE,0.32635727524757385
62200,FALSE,0
62201,FALSE,0.007284910883754492
62206,FALSE,0
62210,TRUE,0.417285680770874
62216,TRUE,0.8781521320343018
62218,FALSE,0
62224,FALSE,0.0045737274922430515
62226,TRUE,0.6663163304328918
62230,FALSE,0.147730752825737
62232,FALSE,0
62233,FALSE,0.25534993410110474
62240,FALSE,0
62241,FALSE,0.02243759110569954
62242,FALSE,0.018185008317232132
62246,TRUE,0.5597155690193176
62247,TRUE,0.3996695280075073
62263,FALSE,0
62265,FALSE,0
62267,FALSE,0.129174143075943
62270,FALSE,0
62276,FALSE,0
62286,FALSE,0
62290,TRUE,0.6203508973121643
62296,FALSE,0.006818824913352728
62298,TRUE,0.432706356048584
62302,FALSE,0
62305,FALSE,0
62308,FALSE,0
62310,TRUE,0.6381464004516602
62317,FALSE,0.012046536430716515
62318,FALSE,0.20588505268096924
62320,FALSE,0
62323,FALSE,0
62336,FALSE,0.008258036337792873
62338,FALSE,0.09143073111772537
62339,FALSE,0
62342,FALSE,0.010757477954030037
62363,FALSE,0.0702945813536644
62370,FALSE,0.023220976814627647
62400,FALSE,0
62402,FALSE,0.07555924355983734
62412,FALSE,0
62415,FALSE,0.02347465045750141
62416,FALSE,0.046464983373880386
62420,FALSE,0.05943665653467178
62424,FALSE,0
62430,FALSE,0
62432,FALSE,0.27751150727272034
62433,TRUE,0.3611461818218231
62442,FALSE,0.07609838992357254
62446,FALSE,0.028759129345417023
62451,FALSE,0.006537254899740219
62453,FALSE,0
62456,FALSE,0
62465,FALSE,0
62468,TRUE,0.45418834686279297
62478,FALSE,0.29937276244163513
62479,FALSE,0.017727844417095184
62483,FALSE,0.006347718648612499
62484,FALSE,0.12336192280054092
62488,FALSE,0.10229190438985825
62494,FALSE,0.0522250272333622
62495,FALSE,0
62513,TRUE,0.5692265629768372
62516,FALSE,0
62517,FALSE,0.031981583684682846
62520,TRUE,0.6751474142074585
62521,FALSE,0
62530,TRUE,0.43804973363876343
62532,FALSE,0.10981540381908417
62533,FALSE,0.02505444921553135
62537,FALSE,0
62538,FALSE,0
62547,FALSE,0
62549,FALSE,0.004831464029848576
62551,FALSE,0.01532625313848257
62558,FALSE,0.0687442198395729
62560,FALSE,0.20101897418498993
62570,FALSE,0
62573,FALSE,0.16707129776477814
62585,TRUE,0.5589863657951355
62586,FALSE,0.08657564222812653
62604,FALSE,0.04309898987412453
62607,FALSE,0.007615575101226568
62610,FALSE,0.1386856585741043
62617,FALSE,0
62619,FALSE,0
62621,FALSE,0
62641,FALSE,0.01855888031423092
62642,FALSE,0
62651,FALSE,0.0732211172580719
62656,FALSE,0
62658,FALSE,0
62660,FALSE,0
62669,FALSE,0
62677,FALSE,0
62680,FALSE,0
62686,FALSE,0
62696,FALSE,0
62706,FALSE,0.11710284650325775
62708,FALSE,0
62709,FALSE,0.038459137082099915
62714,FALSE,0.042331404983997345
62718,FALSE,0.03859272226691246
62721,FALSE,0.1156761646270752
62757,FALSE,0.08624044060707092
62760,FALSE,0
62761,FALSE,0.009226132184267044
62763,FALSE,0
62765,FALSE,0
62770,FALSE,0
62774,FALSE,0
62780,FALSE,0.12298263609409332
62783,FALSE,0
62788,FALSE,0.0064910645596683025
62790,FALSE,0.00600397726520896
62794,FALSE,0.011910879984498024
62796,FALSE,0.009721945971250534
62798,FALSE,0
62800,FALSE,0.019044814631342888
62803,FALSE,0.018005013465881348
62805,FALSE,0
62808,FALSE,0.13353513181209564
62811,FALSE,0.0087913041934371
62818,FALSE,0
62832,FALSE,0.02358424663543701
62834,FALSE,0.01117368321865797
62837,FALSE,0
62851,TRUE,0.47423863410949707
62856,TRUE,0.6524694561958313
62858,FALSE,0
62860,FALSE,0
62862,TRUE,0.5299475789070129
62865,TRUE,0.583024263381958
62867,FALSE,0
62871,TRUE,0.41406330466270447
62875,FALSE,0
62876,FALSE,0
62886,FALSE,0
62889,FALSE,0
62895,FALSE,0.004838838241994381
62896,TRUE,0.736772358417511
62897,FALSE,0.010216958820819855
62900,FALSE,0
62908,FALSE,0
62910,FALSE,0.2104337066411972
62912,FALSE,0.26224204897880554
62916,FALSE,0
62925,FALSE,0.01726330630481243
62926,FALSE,0.0332583449780941
62934,FALSE,0
62940,FALSE,0.014904901385307312
62941,FALSE,0.2095271497964859
62943,FALSE,0.041299011558294296
62948,FALSE,0.031229456886649132
62953,FALSE,0
62956,TRUE,0.8245050311088562
62959,FALSE,0
62962,FALSE,0.33361533284187317
62980,FALSE,0.05931365489959717
63001,FALSE,0.1342805176973343
63006,FALSE,0.05073549598455429
63007,FALSE,0
63015,FALSE,0.08400000631809235
63026,FALSE,0.014359843917191029
63028,FALSE,0.0257648266851902
63031,FALSE,0
63037,FALSE,0.013984308578073978
63044,TRUE,0.846180260181427
63050,FALSE,0
63057,FALSE,0.049930084496736526
63064,FALSE,0.07283798605203629
63071,FALSE,0
63074,FALSE,0.047955434769392014
63078,FALSE,0.15298476815223694
63089,FALSE,0
63109,FALSE,0
63115,FALSE,0.030620291829109192
63122,TRUE,0.3976385295391083
63126,FALSE,0
63134,FALSE,0
63136,FALSE,0.0657697543501854
63137,FALSE,0
63139,FALSE,0.10565604269504547
63142,FALSE,0.32372623682022095
63143,FALSE,0.01998046413064003
63153,FALSE,0.21060319244861603
63157,FALSE,0.005361985880881548
63158,FALSE,0
63162,FALSE,0
63168,FALSE,0
63169,FALSE,0
63173,FALSE,0.0126988859847188
63175,FALSE,0.237141951918602
63179,FALSE,0.07104308903217316
63181,FALSE,0
63185,FALSE,0.008832456544041634
63186,FALSE,0.005902579054236412
63194,FALSE,0
63200,FALSE,0.09681977331638336
63202,FALSE,0
63204,TRUE,0.7496938705444336
63208,FALSE,0
63218,FALSE,0
63226,FALSE,0.007275857497006655
63231,FALSE,0.061708420515060425
63232,FALSE,0
63238,FALSE,0.30832570791244507
63241,FALSE,0.0248072762042284
63253,FALSE,0
63254,FALSE,0
63256,TRUE,0.4819936454296112
63257,FALSE,0
63263,FALSE,0.009114575572311878
63265,FALSE,0.03124063089489937
63266,FALSE,0
63271,FALSE,0.0289427749812603
63272,FALSE,0
63277,FALSE,0.012771897949278355
63284,FALSE,0
63303,FALSE,0
63328,FALSE,0
63330,FALSE,0
63343,FALSE,0.02638883888721466
63345,FALSE,0.03523020073771477
63350,FALSE,0
63352,TRUE,0.6979324221611023
63357,FALSE,0
63359,FALSE,0.052575089037418365
63360,FALSE,0.3307887017726898
63362,FALSE,0.014416313730180264
63371,FALSE,0.0072326199151575565
63373,FALSE,0
63381,FALSE,0.27756014466285706
63398,FALSE,0
63403,FALSE,0
63416,FALSE,0.053437843918800354
63437,FALSE,0.018925175070762634
63448,TRUE,0.39241182804107666
63449,FALSE,0.03375916928052902
63451,FALSE,0
63455,FALSE,0.01979984901845455
63458,FALSE,0.15049074590206146
63459,FALSE,0.1471172720193863
63460,FALSE,0
63462,FALSE,0.11332868039608002
63463,FALSE,0.054180365055799484
63470,FALSE,0.020692672580480576
63471,FALSE,0.039124470204114914
63482,FALSE,0.28957080841064453
63486,FALSE,0
63499,FALSE,0
63518,FALSE,0
63519,TRUE,0.7582601308822632
63523,FALSE,0.020913194864988327
63529,FALSE,0.012605052441358566
63537,FALSE,0.30265870690345764
63539,FALSE,0.004407365340739489
63540,FALSE,0
63550,FALSE,0.007075808942317963
63552,FALSE,0.22330115735530853
63561,FALSE,0.006423398852348328
63563,FALSE,0
63570,FALSE,0.20548030734062195
63572,FALSE,0
63587,FALSE,0.0189806018024683
63588,FALSE,0
63591,FALSE,0.25921404361724854
63596,FALSE,0
63599,FALSE,0.02175012417137623
63602,FALSE,0.16518014669418335
63605,FALSE,0.014499041251838207
63613,FALSE,0
63629,FALSE,0.07124128937721252
63641,FALSE,0
63645,FALSE,0.019739560782909393
63646,FALSE,0
63647,FALSE,0
63649,FALSE,0
63651,FALSE,0
63653,FALSE,0.17344538867473602
63664,FALSE,0
63668,FALSE,0
63673,FALSE,0.08437798172235489
63678,TRUE,0.483769953250885
63684,FALSE,0
63689,FALSE,0.05249203369021416
63700,FALSE,0
63702,FALSE,0.012198280543088913
63704,FALSE,0.025331560522317886
63712,FALSE,0
63714,FALSE,0
63716,FALSE,0.3148963451385498
63720,FALSE,0.00533706322312355
63721,FALSE,0
63724,FALSE,0
63733,FALSE,0.007725563365966082
63747,FALSE,0.24660876393318176
63751,FALSE,0
63759,FALSE,0
63766,FALSE,0
63769,FALSE,0
63770,FALSE,0.31220754981040955
63776,FALSE,0.03041217476129532
63778,FALSE,0.004540131893008947
63784,FALSE,0
63788,FALSE,0
63791,FALSE,0
63798,FALSE,0
63802,TRUE,0.34392017126083374
63808,FALSE,0.3312656283378601
63814,TRUE,0.7438863515853882
63817,FALSE,0
63819,FALSE,0.028381623327732086
63825,FALSE,0
63834,FALSE,0
63835,FALSE,0
63836,FALSE,0
63844,FALSE,0.010605220682919025
63850,FALSE,0.03512420505285263
63851,TRUE,0.6682180762290955
63853,FALSE,0.1280403733253479
63856,FALSE,0.011804673820734024
63871,FALSE,0.2915632724761963
63885,FALSE,0.2437821477651596
63891,FALSE,0
63893,FALSE,0.037200622260570526
63895,FALSE,0.3032507002353668
63910,FALSE,0
63911,TRUE,0.4897182285785675
63913,TRUE,0.7991655468940735
63917,FALSE,0.18188360333442688
63922,FALSE,0
63925,FALSE,0.29375091195106506
63926,FALSE,0
63930,FALSE,0.01687506027519703
63934,FALSE,0.06474044173955917
63941,TRUE,0.5348269939422607
63944,FALSE,0.033741358667612076
63946,FALSE,0
63950,FALSE,0
63954,FALSE,0
63961,FALSE,0.046188026666641235
63966,FALSE,0
63972,FALSE,0
63980,FALSE,0.01596059650182724
63982,FALSE,0
63994,FALSE,0.00997938122600317
64011,FALSE,0
64012,FALSE,0.006993343587964773
64015,FALSE,0.040128689259290695
64017,FALSE,0
64025,FALSE,0
64026,FALSE,0.11622016876935959
64038,FALSE,0.03230747580528259
64039,TRUE,0.7182438373565674
64040,FALSE,0.2887442708015442
64042,FALSE,0
64056,TRUE,0.5467209815979004
64057,FALSE,0
64059,FALSE,0
64060,FALSE,0
64068,FALSE,0
64074,FALSE,0
64076,FALSE,0.009042595513164997
64078,FALSE,0
64080,FALSE,0.1318630576133728
64085,FALSE,0.007556765805929899
64092,FALSE,0
64099,FALSE,0
64103,TRUE,0.5881690979003906
64107,FALSE,0.008796005509793758
64110,FALSE,0
64117,FALSE,0.022236891090869904
64129,FALSE,0
64139,TRUE,0.6949600577354431
64160,FALSE,0
64177,FALSE,0
64188,TRUE,0.37202098965644836
64189,FALSE,0.10145722329616547
64191,FALSE,0.033876676112413406
64201,FALSE,0.1217852383852005
64211,FALSE,0
64219,FALSE,0.04618362337350845
64222,FALSE,0.09951990097761154
64225,FALSE,0.07765363156795502
64227,FALSE,0
64229,FALSE,0
64233,FALSE,0
64240,FALSE,0
64241,FALSE,0.10717043280601501
64247,FALSE,0
64249,FALSE,0
64250,TRUE,0.45542001724243164
64253,FALSE,0.008730106987059116
64258,FALSE,0.3080374598503113
64259,FALSE,0.012086980044841766
64261,FALSE,0.057370588183403015
64263,FALSE,0.05516750365495682
64264,FALSE,0.029414989054203033
64271,FALSE,0
64273,FALSE,0.13406391441822052
64274,FALSE,0.015980349853634834
64281,FALSE,0.1279488056898117
64283,TRUE,0.7938765287399292
64286,FALSE,0.047094788402318954
64289,FALSE,0
64294,FALSE,0
64308,FALSE,0.2680822014808655
64315,FALSE,0
64316,FALSE,0.02020467445254326
64325,FALSE,0.0061774845235049725
64328,FALSE,0
64330,FALSE,0
64342,FALSE,0.0036123779136687517
64352,FALSE,0
64358,FALSE,0.009711213409900665
64364,FALSE,0
64366,FALSE,0.05303676426410675
64368,FALSE,0
64373,FALSE,0
64376,TRUE,0.3462831974029541
64378,TRUE,0.48228296637535095
64379,FALSE,0.010753773152828217
64385,FALSE,0.03242611140012741
64386,FALSE,0.030986545607447624
64387,FALSE,0.14870983362197876
64400,FALSE,0.2939591705799103
64404,FALSE,0.012805742211639881
64416,TRUE,0.706424355506897
64420,FALSE,0
64423,TRUE,0.36053892970085144
64428,FALSE,0
64433,FALSE,0.005597454961389303
64434,TRUE,0.7178817987442017
64440,FALSE,0.18187539279460907
64441,FALSE,0.008390826173126698
64443,FALSE,0.0036046458408236504
64448,FALSE,0.20774391293525696
64450,FALSE,0.1405966877937317
64465,FALSE,0
64473,FALSE,0.04280686378479004
64481,FALSE,0.07222189754247665
64488,FALSE,0
64495,FALSE,0
64496,FALSE,0.18899697065353394
64497,TRUE,0.5186372995376587
64500,FALSE,0
64504,FALSE,0
64506,FALSE,0.006066333968192339
64510,TRUE,0.6479366421699524
64519,FALSE,0
64523,FALSE,0
64527,FALSE,0.10928019136190414
64535,FALSE,0
64544,FALSE,0.01570894941687584
64547,FALSE,0
64549,FALSE,0
64559,FALSE,0.018876424059271812
64564,FALSE,0.005451978649944067
64569,FALSE,0.014033126644790173
64571,FALSE,0.015729378908872604
64579,FALSE,0
64581,FALSE,0.018803736194968224
64584,FALSE,0
64589,FALSE,0
64593,FALSE,0.13353057205677032
64595,FALSE,0.0051465448923408985
64604,FALSE,0
64607,FALSE,0
64619,FALSE,0.012391665950417519
64626,FALSE,0.014959045685827732
64631,FALSE,0
64633,FALSE,0
64645,FALSE,0.1383036971092224
64649,FALSE,0.023030241951346397
64652,TRUE,0.5511335730552673
64654,FALSE,0.04264095425605774
64656,FALSE,0.03515983745455742
64658,FALSE,0.05787161365151405
64669,FALSE,0
64676,FALSE,0.031478650867938995
64679,FALSE,0
64686,FALSE,0
64695,FALSE,0
64701,FALSE,0
64702,TRUE,0.5509607791900635
64703,TRUE,0.7343069314956665
64705,FALSE,0
64707,FALSE,0.010020427405834198
64709,FALSE,0
64728,FALSE,0
64731,FALSE,0.05697382241487503
64736,FALSE,0
64741,FALSE,0
64742,FALSE,0
64743,FALSE,0.02111825719475746
64748,FALSE,0.044918980449438095
64755,FALSE,0
64765,FALSE,0
64767,TRUE,0.37860143184661865
64770,FALSE,0.051735442131757736
64792,FALSE,0.012300897389650345
64793,FALSE,0.03459400311112404
64794,FALSE,0.11400231719017029
64800,FALSE,0.030394550412893295
64810,FALSE,0
64811,FALSE,0
64812,FALSE,0.013070741668343544
64819,FALSE,0
64820,FALSE,0
64822,FALSE,0
64824,TRUE,0.5502369403839111
64829,FALSE,0.033574070781469345
64834,FALSE,0.040886301547288895
64845,TRUE,0.4045080244541168
64848,FALSE,0
64852,TRUE,0.5607563853263855
64861,TRUE,0.5183408856391907
64871,FALSE,0
64874,FALSE,0.0099111283197999
64883,FALSE,0.07237787544727325
64887,FALSE,0.03260842710733414
64888,FALSE,0.08311761915683746
64889,FALSE,0
64893,FALSE,0.010662692598998547
64894,FALSE,0
64900,FALSE,0
64903,FALSE,0.030837517231702805
64908,FALSE,0
64909,FALSE,0.00630471995100379
64927,TRUE,0.7406353950500488
64937,FALSE,0
64938,FALSE,0
64944,FALSE,0
64950,FALSE,0
64954,FALSE,0.03617948666214943
64955,FALSE,0
64960,FALSE,0.028267905116081238
64963,FALSE,0
64967,TRUE,0.3889348804950714
64968,FALSE,0.045571234077215195
64970,FALSE,0.030759191140532494
64974,FALSE,0.010322869755327702
64976,TRUE,0.4969228208065033
64980,FALSE,0
64983,TRUE,0.4623829126358032
64984,FALSE,0.047509483993053436
64989,FALSE,0
64990,FALSE,0.2288503348827362
64992,FALSE,0
64999,FALSE,0.04238033667206764
65006,FALSE,0.2841082215309143
65007,FALSE,0.00869133323431015
65011,FALSE,0
65013,FALSE,0
65035,FALSE,0.018191907554864883
65036,FALSE,0
65049,FALSE,0
65050,TRUE,0.6255714893341064
65054,FALSE,0.003394929226487875
65059,FALSE,0.012364024296402931
65061,FALSE,0
65066,FALSE,0.053880058228969574
65069,FALSE,0.008590605109930038
65071,FALSE,0.08586867153644562
65076,FALSE,0.12658670544624329
65079,FALSE,0.22676923871040344
65080,FALSE,0
65087,FALSE,0
65089,FALSE,0.020664764568209648
65090,FALSE,0.006755123380571604
65091,FALSE,0
65093,FALSE,0.005717136897146702
65105,FALSE,0
65106,FALSE,0.008011345751583576
65108,FALSE,0.04874468222260475
65119,FALSE,0
65120,FALSE,0
65127,FALSE,0.029596468433737755
65128,FALSE,0
65129,FALSE,0
65131,FALSE,0
65135,FALSE,0
65142,FALSE,0.06104005500674248
65149,TRUE,0.38927215337753296
65154,FALSE,0
65158,FALSE,0.021031327545642853
65162,FALSE,0.022399598732590675
65179,FALSE,0.01829473301768303
65181,TRUE,0.3695627450942993
65184,FALSE,0.010331092402338982
65185,FALSE,0.012065193615853786
65198,FALSE,0.2626074552536011
65201,FALSE,0
65208,FALSE,0.04986784607172012
65210,FALSE,0
65211,FALSE,0.015376802533864975
65213,FALSE,0
65214,TRUE,0.4900553524494171
65216,FALSE,0
65220,FALSE,0
65241,FALSE,0.2749069035053253
65244,FALSE,0.07312560826539993
65250,FALSE,0
65257,FALSE,0
65259,TRUE,0.3506709039211273
65266,FALSE,0.0939936712384224
65267,FALSE,0
65268,FALSE,0.033004168421030045
65270,FALSE,0.03988795354962349
65288,FALSE,0.00991024449467659
65289,FALSE,0
65292,FALSE,0
65293,FALSE,0.029093220829963684
65302,FALSE,0
65303,FALSE,0
65306,FALSE,0.029192911460995674
65328,FALSE,0
65337,FALSE,0
65338,FALSE,0
65348,FALSE,0.0149545231834054
65349,FALSE,0.02324088104069233
65350,FALSE,0.013080445118248463
65352,FALSE,0.05740403011441231
65353,FALSE,0
65359,FALSE,0.012387272901833057
65360,FALSE,0
65361,FALSE,0.0040438538417220116
65363,TRUE,0.5660812854766846
65369,FALSE,0.045663222670555115
65376,FALSE,0.21748033165931702
65381,FALSE,0
65384,FALSE,0
65388,FALSE,0
65396,FALSE,0.036834489554166794
65397,FALSE,0
65402,FALSE,0
65403,TRUE,0.3614709973335266
65407,FALSE,0
65410,FALSE,0.01942305825650692
65412,FALSE,0
65417,FALSE,0
65424,TRUE,0.359887033700943
65433,FALSE,0
65445,FALSE,0.010568913072347641
65448,FALSE,0
65452,FALSE,0
65454,FALSE,0.014511099085211754
65459,TRUE,0.7782188653945923
65462,FALSE,0
65464,TRUE,0.7941426038742065
65484,FALSE,0
65489,FALSE,0.07632824033498764
65493,FALSE,0.011979777365922928
65498,TRUE,0.506878137588501
65500,FALSE,0.03937702253460884
65501,FALSE,0.03999490290880203
65502,FALSE,0.03735324740409851
65504,FALSE,0.0604856051504612
65508,FALSE,0
65511,FALSE,0
65523,FALSE,0.007200752384960651
65526,FALSE,0
65529,FALSE,0
65536,FALSE,0
65540,FALSE,0
65546,FALSE,0
65549,FALSE,0.0796763226389885
65553,FALSE,0.06145526468753815
65554,FALSE,0.18117380142211914
65558,FALSE,0.008569630794227123
65559,FALSE,0
65570,FALSE,0
65575,FALSE,0
65576,FALSE,0
65579,FALSE,0.025850476697087288
65592,FALSE,0.007408450823277235
65593,TRUE,0.7297570109367371
65603,TRUE,0.7751214504241943
65604,FALSE,0
65611,FALSE,0
65613,FALSE,0.09078370779752731
65616,FALSE,0.33186206221580505
65617,FALSE,0.10928499698638916
65624,FALSE,0
65643,FALSE,0.020831700414419174
65644,FALSE,0.046369150280952454
65647,FALSE,0
65648,FALSE,0
65649,FALSE,0
65657,FALSE,0.07307035475969315
65660,FALSE,0.009196721948683262
65663,FALSE,0.022262411192059517
65671,FALSE,0
65674,FALSE,0.024529043585062027
65680,FALSE,0
65682,FALSE,0.006827303674072027
65683,FALSE,0.0033703006338328123
65684,FALSE,0
65687,FALSE,0
65692,FALSE,0
65694,FALSE,0.006608324125409126
65695,FALSE,0
65700,FALSE,0.1959168165922165
65701,FALSE,0.03222643956542015
65702,FALSE,0
65707,FALSE,0.007464528549462557
65740,FALSE,0.018797636032104492
65741,FALSE,0
65742,FALSE,0.016181640326976776
65754,FALSE,0
65758,FALSE,0
65762,TRUE,0.6033257246017456
65763,FALSE,0.04365043714642525
65764,FALSE,0
65772,FALSE,0
65777,TRUE,0.7345414161682129
65779,FALSE,0
65780,FALSE,0.030283818021416664
65782,FALSE,0
65787,FALSE,0
65795,FALSE,0.016343845054507256
65798,FALSE,0.01107631716877222
65807,FALSE,0
65814,FALSE,0
65817,FALSE,0.2568041980266571
65818,FALSE,0
65819,FALSE,0.011246686801314354
65832,FALSE,0
65835,FALSE,0.010560414753854275
65837,FALSE,0.033871524035930634
65841,FALSE,0
65845,FALSE,0.028155041858553886
65851,FALSE,0.08990897238254547
65854,FALSE,0
65856,FALSE,0
65859,TRUE,0.35864368081092834
65871,FALSE,0
65877,FALSE,0
65880,FALSE,0.022344687953591347
65881,FALSE,0.04243094474077225
65890,FALSE,0
65891,FALSE,0.013762279413640499
65903,FALSE,0.16974328458309174
65906,FALSE,0
65926,FALSE,0
65932,FALSE,0.034072596579790115
65933,FALSE,0.04386892169713974
65934,FALSE,0.15033550560474396
65935,FALSE,0
65939,FALSE,0
65956,FALSE,0
65959,TRUE,0.5300490260124207
65963,FALSE,0
65964,FALSE,0.033237524330616
65969,FALSE,0
65970,FALSE,0
65972,FALSE,0.009132771752774715
65982,FALSE,0.017387138679623604
65988,FALSE,0
65989,FALSE,0.012235383503139019
66017,FALSE,0.24092844128608704
66023,FALSE,0.029290692880749702
66031,FALSE,0.09811809659004211
66032,FALSE,0.11117161065340042
66036,FALSE,0
66055,FALSE,0
66056,FALSE,0
66069,FALSE,0.08221393078565598
66079,FALSE,0.17628298699855804
66080,FALSE,0
66082,FALSE,0.062095049768686295
66085,FALSE,0
66088,FALSE,0
66089,FALSE,0.11483161896467209
66095,TRUE,0.5464975833892822
66098,TRUE,0.9003651738166809
66102,FALSE,0.16695311665534973
66103,FALSE,0
66104,FALSE,0.003456342499703169
66110,FALSE,0.0099267968907952309
66111,TRUE,0.7585159540176392
66112,FALSE,0.19313935935497284
66113,FALSE,0.09507309645414352
66115,FALSE,0
66126,FALSE,0
66130,TRUE,0.5031313300132751
66131,FALSE,0
66133,FALSE,0.13259969651699066
66135,FALSE,0
66137,FALSE,0
66141,FALSE,0.010104404762387276
66150,FALSE,0.19557908177375793
66153,FALSE,0
66158,FALSE,0
66167,FALSE,0
66168,FALSE,0.0511893630027771
66177,FALSE,0
66178,FALSE,0.0344526432454586
66179,FALSE,0.3148503601551056
66182,FALSE,0
66183,FALSE,0
66188,FALSE,0
66190,FALSE,0.1014452651143074
66191,FALSE,0.011982835829257965
66195,FALSE,0.019789699465036392
66199,FALSE,0
66205,FALSE,0
66213,TRUE,0.4108600318431854
66221,FALSE,0
66234,FALSE,0.03959418460726738
66235,FALSE,0.2944517135620117
66236,FALSE,0
66240,TRUE,0.6958068013191223
66248,FALSE,0
66257,TRUE,0.383051335811615
66266,FALSE,0
66267,FALSE,0.03467082977294922
66270,FALSE,0.08531975001096725
66271,FALSE,0
66276,FALSE,0.17783811688423157
66286,TRUE,0.5977025628089905
66287,FALSE,0
66288,FALSE,0
66293,FALSE,0.053116574883461
66311,TRUE,0.7969683408737183
66316,FALSE,0.020077843219041824
66321,FALSE,0.05687494948506355
66363,FALSE,0.022260447964072227
66364,FALSE,0.08030763268470764
66370,FALSE,0
66374,FALSE,0
66384,TRUE,0.45062094926834106
66389,FALSE,0
66391,FALSE,0.023265399038791656
66401,TRUE,0.7137826085090637
66407,TRUE,0.3669177293777466
66410,FALSE,0.017599811777472496
66411,FALSE,0
66413,FALSE,0.31215354800224304
66415,FALSE,0.2588646709918976
66420,FALSE,0.009005862288177013
66421,FALSE,0.06598358601331711
66422,FALSE,0
66430,FALSE,0.024203071370720863
66432,FALSE,0
66441,FALSE,0
66447,FALSE,0.03253617137670517
66460,FALSE,0
66470,TRUE,0.5827691555023193
66474,FALSE,0.037538111209869385
66490,FALSE,0.1628533899784088
66493,FALSE,0
66494,TRUE,0.4357486665248871
66511,FALSE,0
66512,TRUE,0.450621098279953
66516,FALSE,0.08593948930501938
66528,FALSE,0.05079136788845062
66530,FALSE,0.009455099701881409
66534,FALSE,0.033084362745285034
66537,FALSE,0.046498194336891174
66539,FALSE,0.0897132009267807
66543,FALSE,0.2126391977071762
66552,TRUE,0.5188109874725342
66561,FALSE,0.018517037853598595
66569,FALSE,0
66570,FALSE,0.01120004616677761
66573,FALSE,0
66575,FALSE,0
66580,FALSE,0
66583,FALSE,0.007389172911643982
66587,FALSE,0.061705369502305984
66594,FALSE,0.028185013681650162
66602,FALSE,0.006850943900644779
66603,TRUE,0.45178917050361633
66604,FALSE,0.013777898624539375
66605,FALSE,0
66618,TRUE,0.407186359167099
66621,FALSE,0.15945522487163544
66623,FALSE,0.0075067863799631596
66624,TRUE,0.8487976789474487
66633,FALSE,0.021418070420622826
66644,FALSE,0.06724661588668823
66645,FALSE,0
66650,FALSE,0
66662,FALSE,0
66666,FALSE,0
66669,FALSE,0
66672,FALSE,0.05310754477977753
66673,TRUE,0.366321861743927
66681,TRUE,0.5392903685569763
66689,FALSE,0.1893540471792221
66690,FALSE,0
66694,FALSE,0
66702,FALSE,0.12580753862857819
66704,FALSE,0
66709,FALSE,0
66717,FALSE,0.14289577305316925
66721,FALSE,0.020163606852293015
66724,FALSE,0
66731,FALSE,0
66749,FALSE,0
66761,FALSE,0.03458445891737938
66762,FALSE,0
66764,FALSE,0
66765,FALSE,0
66766,FALSE,0
66771,TRUE,0.40536367893218994
66772,TRUE,0.6189023852348328
66778,FALSE,0
66779,FALSE,0
66795,FALSE,0
66801,FALSE,0
66806,FALSE,0
66807,FALSE,0
66809,FALSE,0.029882753267884254
66812,FALSE,0
66814,FALSE,0.04009958729147911
66815,FALSE,0
66835,FALSE,0
66841,FALSE,0
66849,FALSE,0.013224402442574501
66857,TRUE,0.5004853010177612
66860,TRUE,0.5550048351287842
66861,FALSE,0
66862,FALSE,0
66865,FALSE,0.03624727204442024
66867,FALSE,0.17078153789043427
66872,TRUE,0.5000206232070923
66890,FALSE,0.11505905538797379
66892,FALSE,0
66895,TRUE,0.3784932494163513
66896,FALSE,0.21402445435523987
66904,FALSE,0.020535681396722794
66907,FALSE,0.006044235546141863
66911,FALSE,0.01669764705002308
66913,FALSE,0
66916,TRUE,0.8057302832603455
66918,FALSE,0.13460229337215424
66920,FALSE,0
66932,FALSE,0.05816260352730751
66934,FALSE,0.016987746581435204
66939,FALSE,0
66940,FALSE,0
66942,FALSE,0
66944,FALSE,0.3170250356197357
66954,TRUE,0.6209835410118103
66955,FALSE,0.009373549371957779
66957,TRUE,0.3628902733325958
66958,FALSE,0.0046294499188661575
66961,FALSE,0
66963,FALSE,0.016363704577088356
66967,FALSE,0.01117316260933876
66971,FALSE,0
66977,FALSE,0.04434923827648163
66982,FALSE,0.09420935064554214
66985,FALSE,0
66989,FALSE,0
66990,FALSE,0
66993,FALSE,0.00712163420394063
66995,FALSE,0
66999,FALSE,0
67002,FALSE,0.006413400638848543
67004,FALSE,0
67005,FALSE,0.01623857393860817
67011,FALSE,0.021367516368627548
67014,FALSE,0
67019,FALSE,0.005199680104851723
67025,FALSE,0
67030,FALSE,0.037419307976961136
67033,FALSE,0
67037,FALSE,0
67041,FALSE,0
67046,FALSE,0
67050,FALSE,0
67051,FALSE,0
67056,TRUE,0.7836573719978333
67062,FALSE,0
67075,TRUE,0.9399336576461792
67080,FALSE,0.016344904899597168
67081,FALSE,0.01900329254567623
67088,FALSE,0.031360529363155365
67093,FALSE,0
67107,FALSE,0
67110,FALSE,0
67112,FALSE,0
67114,FALSE,0
67117,FALSE,0
67118,FALSE,0.02985118143260479
67122,FALSE,0.010281452909111977
67123,FALSE,0
67125,TRUE,0.4652416408061981
67126,FALSE,0.06177692860364914
67127,FALSE,0
67134,FALSE,0.030299702659249306
67142,FALSE,0.010134735144674778
67144,FALSE,0
67148,FALSE,0
67150,FALSE,0
67154,FALSE,0
67157,FALSE,0
67160,FALSE,0
67166,FALSE,0.06657441705465317
67171,FALSE,0.158307284116745
67173,FALSE,0
67174,FALSE,0.061860933899879456
67181,FALSE,0
67182,FALSE,0.020029066130518913
67186,FALSE,0
67187,FALSE,0.30695390701293945
67193,FALSE,0
67194,FALSE,0.01923305355012417
67198,TRUE,0.4396272599697113
67199,FALSE,0.00306199723854661
67203,FALSE,0.10262899845838547
67207,TRUE,0.4451819360256195
67211,TRUE,0.8298286199569702
67214,FALSE,0.012353774160146713
67216,FALSE,0.03301523998379707
67224,FALSE,0
67229,FALSE,0.00531960790976882
67231,FALSE,0
67233,FALSE,0
67241,FALSE,0.034660182893276215
67253,FALSE,0.15423345565795898
67260,TRUE,0.3753674328327179
67270,TRUE,0.6982749104499817
67271,FALSE,0.0931977704167366
67274,FALSE,0
67280,FALSE,0.010769556276500225
67281,FALSE,0
67283,FALSE,0.006920141167938709
67300,FALSE,0.015921656042337418
67302,FALSE,0.03919203579425812
67303,FALSE,0
67304,FALSE,0
67308,TRUE,0.3804823160171509
67310,FALSE,0
67313,FALSE,0.003588617080822587
67315,FALSE,0
67317,FALSE,0.11109144985675812
67332,FALSE,0
67337,FALSE,0
67341,TRUE,0.35390275716781616
67352,TRUE,0.7639750242233276
67353,FALSE,0
67356,FALSE,0
67365,FALSE,0
67370,FALSE,0.18803995847702026
67372,FALSE,0
67378,FALSE,0.025588393211364746
67381,FALSE,0.2115602195262909
67383,FALSE,0.2581421732902527
67393,FALSE,0
67395,FALSE,0.006588058080524206
67398,FALSE,0.014404570683836937
67399,FALSE,0
67400,FALSE,0.04477747529745102
67404,FALSE,0.01759229600429535
67406,FALSE,0.011093786917626858
67412,FALSE,0
67413,FALSE,0
67415,TRUE,0.6847772002220154
67418,FALSE,0.048390716314315796
67425,FALSE,0.01876392401754856
67426,FALSE,0.06031312420964241
67429,FALSE,0
67433,FALSE,0
67437,FALSE,0.005968465004116297
67443,TRUE,0.5780381560325623
67445,FALSE,0
67448,TRUE,0.6215392351150513
67453,FALSE,0.09753867983818054
67468,FALSE,0
67496,FALSE,0.020126625895500183
67501,FALSE,0.028916623443365097
67508,FALSE,0.01187153160572052
67509,FALSE,0.009816187433898449
67514,FALSE,0.04067888483405113
67516,FALSE,0.03625686839222908
67519,FALSE,0.12093526870012283
67523,FALSE,0.17094485461711884
67525,FALSE,0
67530,FALSE,0.18634885549545288
67534,TRUE,0.6809932589530945
67537,FALSE,0
67542,FALSE,0.08431863784790039
67546,FALSE,0.05937226116657257
67557,FALSE,0
67559,FALSE,0.01254461333155632
67562,FALSE,0
67565,FALSE,0.011819456703960896
67570,FALSE,0.07179517298936844
67571,FALSE,0
67573,FALSE,0
67575,FALSE,0
67588,FALSE,0.02975199930369854
67590,FALSE,0.018080556765198708
67599,FALSE,0
67602,FALSE,0
67610,FALSE,0.11486904323101044
67611,FALSE,0
67616,FALSE,0.17610488831996918
67618,TRUE,0.4601164162158966
67627,FALSE,0
67629,TRUE,0.3495645523071289
67631,FALSE,0.015728751197457314
67642,TRUE,0.5371898412704468
67645,TRUE,0.5156757831573486
67648,FALSE,0.1044265553355217
67660,FALSE,0.042453888803720474
67665,FALSE,0.15052616596221924
67666,TRUE,0.5708222389221191
67667,FALSE,0
67675,FALSE,0.29289817810058594
67677,FALSE,0
67681,FALSE,0.0051625389605760574
67690,FALSE,0.14932797849178314
67699,FALSE,0.31294524669647217
67704,FALSE,0.07347176969051361
67721,FALSE,0
67722,FALSE,0.017577657476067543
67728,FALSE,0
67734,TRUE,0.5036507844924927
67735,FALSE,0
67739,FALSE,0.2959572374820709
67741,FALSE,0.004907272756099701
67750,FALSE,0.005761915352195501
67751,FALSE,0
67753,FALSE,0
67755,FALSE,0.01154232956469059
67756,FALSE,0
67763,FALSE,0
67766,FALSE,0
67767,FALSE,0
67768,FALSE,0
67778,FALSE,0.23216640949249268
67779,FALSE,0
67783,FALSE,0
67788,FALSE,0
67790,FALSE,0.01435661967843771
67793,FALSE,0.07988984882831573
67801,FALSE,0
67802,TRUE,0.6431271433830261
67807,FALSE,0.04265337064862251
67808,FALSE,0.028691068291664124
67809,FALSE,0.005343068391084671
67820,FALSE,0
67821,FALSE,0.06566204875707626
67838,FALSE,0.024854352697730064
67843,FALSE,0
67844,FALSE,0
67847,FALSE,0.04195179417729378
67855,FALSE,0
67856,FALSE,0
67861,FALSE,0
67863,FALSE,0
67873,TRUE,0.3705933094024658
67883,TRUE,0.43607738614082336
67892,FALSE,0.03090764582157135
67895,FALSE,0
67897,FALSE,0.03843224048614502
67902,FALSE,0
67903,FALSE,0
67914,FALSE,0
67916,TRUE,0.5177396535873413
67932,TRUE,0.6614490747451782
67933,FALSE,0
67945,FALSE,0.004635861609131098
67956,TRUE,0.6887602210044861
67970,TRUE,0.4260307252407074
67972,FALSE,0
67984,FALSE,0
67987,FALSE,0.02420143410563469
67993,FALSE,0.012931077741086483
68012,FALSE,0
68018,FALSE,0.0057928431779146194
68019,FALSE,0
68020,FALSE,0
68024,FALSE,0
68028,FALSE,0.0072721801698207855
68058,TRUE,0.5001060366630554
68060,FALSE,0
68062,FALSE,0
68069,FALSE,0
68077,FALSE,0
68078,FALSE,0
68080,FALSE,0
68081,FALSE,0
68083,FALSE,0
68085,FALSE,0
68087,FALSE,0
68088,FALSE,0.1652514487504959
68094,FALSE,0.1705087423324585
68096,FALSE,0
68098,FALSE,0
68107,FALSE,0
68109,FALSE,0.023133886978030205
68112,FALSE,0
68115,FALSE,0
68117,FALSE,0.30428677797317505
68118,FALSE,0
68119,TRUE,0.6443666815757751
68124,FALSE,0.07546480000019073
68131,TRUE,0.37816205620765686
68138,FALSE,0
68140,TRUE,0.7198484539985657
68158,FALSE,0
68162,FALSE,0
68164,TRUE,0.4434875547885895
68174,FALSE,0
68175,FALSE,0.035024914890527725
68186,FALSE,0
68187,FALSE,0
68188,FALSE,0
68192,FALSE,0.11956778913736343
68202,FALSE,0.013849125243723392
68211,FALSE,0.04940403625369072
68212,FALSE,0.007583425380289555
68219,TRUE,0.6794305443763733
68223,FALSE,0
68233,FALSE,0
68238,FALSE,0.013484149239957333
68259,FALSE,0.1339596062898636
68281,FALSE,0.08317115902900696
68282,FALSE,0.00980753917247057
68290,FALSE,0
68291,FALSE,0
68293,TRUE,0.5028582811355591
68295,FALSE,0
68300,FALSE,0
68303,FALSE,0
68317,FALSE,0
68327,FALSE,0
68331,FALSE,0
68333,FALSE,0.008213522844016552
68346,FALSE,0.006981776095926762
68347,FALSE,0
68349,FALSE,0
68350,FALSE,0
68356,FALSE,0
68374,FALSE,0.010555851273238659
68375,FALSE,0
68378,FALSE,0
68381,FALSE,0
68386,FALSE,0
68387,FALSE,0.04539153352379799
68393,FALSE,0
68396,FALSE,0
68400,FALSE,0.18701709806919098
68402,FALSE,0.1939758062362671
68403,TRUE,0.4828055202960968
68407,FALSE,0.019692862406373024
68423,FALSE,0
68425,FALSE,0
68429,FALSE,0
68439,FALSE,0.0033510474022477865
68440,TRUE,0.628642737865448
68446,TRUE,0.8129491209983826
68447,FALSE,0.012362993322312832
68448,FALSE,0.03732801973819733
68449,FALSE,0
68455,FALSE,0
68457,FALSE,0.09703201800584793
68466,FALSE,0.04187937080860138
68471,FALSE,0.00946485809981823
68475,TRUE,0.38645410537719727
68476,TRUE,0.7785820364952087
68481,FALSE,0.061251696199178696
68497,FALSE,0.15671077370643616
68498,FALSE,0
68499,FALSE,0.014410516247153282
68508,FALSE,0.03420712798833847
68513,FALSE,0
68516,FALSE,0.3054707944393158
68521,FALSE,0.2646644115447998
68525,TRUE,0.76915043592453
68528,FALSE,0
68529,FALSE,0.004062575288116932
68541,TRUE,0.6583641767501831
68547,FALSE,0
68552,FALSE,0
68554,FALSE,0.014171612448990345
68564,TRUE,0.6685684323310852
68573,FALSE,0.05517099052667618
68576,TRUE,0.5462677478790283
68591,TRUE,0.34109556674957275
68593,FALSE,0
68594,FALSE,0
68600,FALSE,0
68603,FALSE,0.2628479599952698
68609,FALSE,0
68612,FALSE,0
68617,FALSE,0
68619,FALSE,0.20663927495479584
68626,FALSE,0
68632,FALSE,0
68637,FALSE,0
68639,FALSE,0
68641,FALSE,0
68645,FALSE,0.14302827417850494
68649,FALSE,0.03602462261915207
68651,FALSE,0
68653,FALSE,0
68660,TRUE,0.7069950103759766
68662,TRUE,0.35835161805152893
68666,FALSE,0.32080143690109253
68669,FALSE,0.007843763567507267
68672,FALSE,0
68680,FALSE,0
68682,FALSE,0
68688,FALSE,0
68690,FALSE,0
68693,FALSE,0.28221702575683594
68695,FALSE,0.3097805082798004
68697,FALSE,0
68701,FALSE,0
68711,FALSE,0.009316176176071167
68715,FALSE,0.3376087546348572
68717,FALSE,0
68720,FALSE,0.009308566339313984
68728,FALSE,0.03242727741599083
68729,FALSE,0
68731,FALSE,0
68741,FALSE,0
68743,FALSE,0
68744,FALSE,0.05165840685367584
68746,FALSE,0.09314583241939545
68750,FALSE,0
68761,FALSE,0.00988780241459608
68764,FALSE,0
68773,FALSE,0.20719455182552338
68778,FALSE,0
68780,FALSE,0
68781,FALSE,0.20082955062389374
68782,FALSE,0
68784,FALSE,0
68785,FALSE,0
68787,FALSE,0
68793,FALSE,0
68796,FALSE,0.17534074187278748
68798,FALSE,0
68800,FALSE,0
68803,FALSE,0.15851153433322906
68805,FALSE,0
68806,FALSE,0.03800008445978165
68810,FALSE,0
68818,FALSE,0.029819320887327194
68819,FALSE,0.04506489634513855
68827,FALSE,0.02223423309624195
68835,FALSE,0
68838,FALSE,0
68854,TRUE,0.6813681125640869
68857,FALSE,0.08998149633407593
68861,FALSE,0.012408834882080555
68865,FALSE,0.0796118676662445
68871,FALSE,0
68875,FALSE,0.009040877223014832
68877,FALSE,0.008329576812684536
68880,FALSE,0.03776121512055397
68882,FALSE,0
68896,FALSE,0.0935053750872612
68899,FALSE,0
68910,FALSE,0
68922,FALSE,0.009782744571566582
68924,FALSE,0.027904117479920387
68929,FALSE,0.01323409378528595
68930,TRUE,0.55756014585495
68936,FALSE,0.018713263794779778
68944,FALSE,0.08578544855117798
68949,FALSE,0.05596562474966049
68951,FALSE,0
68956,FALSE,0
68958,FALSE,0
68959,FALSE,0
68978,FALSE,0.007827641442418098
68979,FALSE,0.1353195607662201
68981,TRUE,0.4579290449619293
68983,FALSE,0.004705812316387892
68988,FALSE,0
68994,FALSE,0.099526047706604
68996,FALSE,0
68998,FALSE,0.007717131171375513
69000,FALSE,0
69002,FALSE,0.004754064604640007
69006,FALSE,0.022449171170592308
69010,FALSE,0
69011,FALSE,0.18317528069019318
69014,FALSE,0
69026,FALSE,0.06392224878072739
69028,FALSE,0.039522551000118256
69031,FALSE,0
69034,FALSE,0
69036,TRUE,0.5280652046203613
69038,TRUE,0.828855037689209
69043,FALSE,0.018992453813552856
69053,FALSE,0
69075,FALSE,0.007751809433102608
69079,FALSE,0.0455491840839386
69081,FALSE,0.10811642557382584
69102,FALSE,0.006337420549243689
69108,FALSE,0.009437653236091137
69114,FALSE,0.09824678301811218
69117,FALSE,0.11939942091703415
69124,FALSE,0
69129,FALSE,0.028469646349549294
69130,FALSE,0.023116029798984528
69131,FALSE,0
69133,FALSE,0
69135,FALSE,0.012504128739237785
69137,FALSE,0
69145,FALSE,0.2262677699327469
69149,FALSE,0.18411925435066223
69151,FALSE,0.019101280719041824
69156,FALSE,0
69161,FALSE,0.05347610265016556
69165,FALSE,0
69180,FALSE,0.013327373191714287
69181,FALSE,0
69182,FALSE,0
69192,TRUE,0.5724145174026489
69193,FALSE,0.12074995785951614
69196,FALSE,0.016764797270298004
69201,FALSE,0.09461324661970139
69203,FALSE,0
69206,FALSE,0
69207,FALSE,0.005656133871525526
69208,FALSE,0
69224,FALSE,0.03719423711299896
69232,FALSE,0.00736036105081439
69233,FALSE,0.03323256969451904
69234,TRUE,0.8241254091262817
69242,FALSE,0.28242990374565125
69245,FALSE,0.06597110629081726
69247,TRUE,0.5442579388618469
69258,FALSE,0.0034244481939822435
69267,FALSE,0
69271,FALSE,0
69277,FALSE,0.09582366794347763
69278,FALSE,0.09890744090080261
69279,FALSE,0.0489448606967926
69281,TRUE,0.3900025188922882
69284,FALSE,0
69285,FALSE,0
69287,FALSE,0
69289,FALSE,0
69298,FALSE,0.3071869909763336
69299,FALSE,0
69303,FALSE,0.01820380426943302
69305,FALSE,0.013791725970804691
69309,FALSE,0
69310,FALSE,0.03655437380075455
69315,FALSE,0
69319,FALSE,0
69337,FALSE,0.21116434037685394
69342,FALSE,0.045545149594545364
69343,FALSE,0.048739075660705566
69345,FALSE,0.02204904332756996
69347,FALSE,0.004591727163642645
69363,FALSE,0.004994281101971865
69366,FALSE,0.06136580929160118
69370,TRUE,0.8374097347259521
69377,FALSE,0
69379,FALSE,0.023106472566723824
69382,FALSE,0
69395,FALSE,0.008865214884281158
69406,FALSE,0
69420,FALSE,0
69428,TRUE,0.9265308976173401
69430,FALSE,0
69432,FALSE,0
69433,FALSE,0.09976410120725632
69434,FALSE,0
69446,FALSE,0
69447,FALSE,0.03317049518227577
69449,FALSE,0
69456,FALSE,0
69457,TRUE,0.673596978187561
69486,TRUE,0.5304919481277466
69490,FALSE,0
69494,FALSE,0.21668504178524017
69498,FALSE,0.03966643288731575
69503,FALSE,0
69504,FALSE,0
69509,FALSE,0
69511,FALSE,0.018627235665917397
69512,TRUE,0.41645318269729614
69513,FALSE,0
69516,FALSE,0.018110042437911034
69539,FALSE,0.007988912984728813
69540,FALSE,0
69542,FALSE,0.01555464044213295
69549,FALSE,0.03479044884443283
69551,FALSE,0
69556,FALSE,0
69559,FALSE,0.008554904721677303
69562,FALSE,0.013388842344284058
69564,FALSE,0
69567,FALSE,0.1519107073545456
69571,FALSE,0.1153392344713211
69582,FALSE,0
69593,FALSE,0.022262008860707283
69595,FALSE,0.10806495696306229
69600,TRUE,0.5356905460357666
69605,FALSE,0.011275878176093102
69609,FALSE,0.04978959634900093
69613,FALSE,0.06354329735040665
69617,FALSE,0.009765742346644402
69619,FALSE,0
69620,FALSE,0
69622,FALSE,0
69623,FALSE,0.2799508571624756
69639,FALSE,0.010380679741501808
69641,TRUE,0.46412041783332825
69646,FALSE,0
69651,TRUE,0.7806480526924133
69652,FALSE,0
69653,FALSE,0
69664,FALSE,0
69670,FALSE,0.022039759904146194
69673,FALSE,0
69676,FALSE,0.00724133150652051
69679,FALSE,0
69680,FALSE,0
69682,FALSE,0
69686,FALSE,0
69692,FALSE,0.020645106211304665
69699,TRUE,0.5276475548744202
69702,FALSE,0.07825666666030884
69703,FALSE,0.0033970398362725973
69704,FALSE,0.007006398867815733
69726,FALSE,0
69732,FALSE,0
69738,FALSE,0.288521945476532
69747,FALSE,0.13860751688480377
69750,FALSE,0
69753,FALSE,0
69757,FALSE,0.21388815343379974
69761,FALSE,0
69763,TRUE,0.8786470890045166
69771,FALSE,0
69772,FALSE,0
69778,FALSE,0.03567145764827728
69781,FALSE,0
69785,FALSE,0
69786,FALSE,0.044375091791152954
69790,FALSE,0.014689134433865547
69793,FALSE,0
69795,TRUE,0.6775891780853271
69802,TRUE,0.5489283204078674
69803,FALSE,0.054876603186130524
69806,FALSE,0
69812,FALSE,0.010307911783456802
69813,FALSE,0
69818,FALSE,0
69819,FALSE,0
69823,FALSE,0
69825,FALSE,0
69831,FALSE,0
69840,FALSE,0
69846,FALSE,0.008439739234745502
69848,FALSE,0
69854,FALSE,0
69856,FALSE,0
69858,FALSE,0.017215166240930557
69861,FALSE,0.04615871235728264
69863,FALSE,0.11744295060634613
69866,TRUE,0.7688037157058716
69872,TRUE,0.3516678810119629
69874,FALSE,0.10044194012880325
69878,FALSE,0
69882,FALSE,0.030036261305212975
69891,FALSE,0
69894,FALSE,0
69897,FALSE,0.0044804890640079975
69898,FALSE,0.007291396614164114
69904,FALSE,0
69912,FALSE,0
69917,FALSE,0
69920,FALSE,0.044229429215192795
69922,FALSE,0.16348806023597717
69935,FALSE,0.016893967986106873
69942,FALSE,0
69943,FALSE,0
69946,FALSE,0
69950,TRUE,0.6743743419647217
69964,TRUE,0.5679640173912048
69974,FALSE,0
69981,FALSE,0.022066745907068253
69984,TRUE,0.6477753520011902
69985,FALSE,0.031295888125896454
69994,FALSE,0
69997,FALSE,0
69998,FALSE,0.04425745829939842
69999,FALSE,0.020598124712705612
70002,FALSE,0
70005,FALSE,0
70007,FALSE,0.04505974054336548
70010,FALSE,0
70011,FALSE,0
70016,TRUE,0.3995739817619324
70022,TRUE,0.4478425979614258
70023,FALSE,0
70025,TRUE,0.5054125785827637
70032,TRUE,0.44031432271003723
70053,FALSE,0.09419751167297363
70055,FALSE,0.1394829899072647
70059,FALSE,0.010036100633442402
70062,FALSE,0.271579772233963
70063,TRUE,0.5861919522285461
70071,FALSE,0
70072,FALSE,0
70083,FALSE,0.048416588455438614
70086,FALSE,0.12770432233810425
70099,FALSE,0.06909892708063126
70100,FALSE,0.2724655270576477
70107,FALSE,0
70110,FALSE,0
70123,FALSE,0
70130,FALSE,0
70132,TRUE,0.5247954726219177
70133,FALSE,0.011306027881801128
70137,FALSE,0
70140,FALSE,0.006799675989896059
70142,FALSE,0.025956837460398674
70146,FALSE,0
70147,FALSE,0.2238890379667282
70149,FALSE,0.024141041561961174
70151,FALSE,0.03257319703698158
70153,TRUE,0.7219622135162354
70154,FALSE,0
70155,FALSE,0.013053818605840206
70156,FALSE,0
70165,FALSE,0.013591289520263672
70166,TRUE,0.4613717794418335
70173,FALSE,0
70175,FALSE,0.30270570516586304
70181,FALSE,0
70194,FALSE,0.26207563281059265
70201,FALSE,0
70223,FALSE,0
70234,FALSE,0.007248307578265667
70237,FALSE,0
70238,FALSE,0.29602643847465515
70242,FALSE,0
70243,FALSE,0.0161756444722414
70247,FALSE,0
70254,FALSE,0.048154525458812714
70256,FALSE,0.009117870591580868
70257,FALSE,0
70262,FALSE,0
70270,FALSE,0
70272,FALSE,0.021904077380895615
70273,FALSE,0
70275,FALSE,0.15020227432250977
70276,TRUE,0.5185025334358215
70283,FALSE,0
70289,FALSE,0
70290,FALSE,0
70294,FALSE,0
70296,TRUE,0.4431857764720917
70301,FALSE,0.1695764809846878
70315,FALSE,0.00840422697365284
70318,FALSE,0.0160088911652565
70321,TRUE,0.35971784591674805
70328,FALSE,0.16957063972949982
70336,FALSE,0.01391887478530407
70340,FALSE,0
70345,FALSE,0
70347,FALSE,0.2935754060745239
70349,FALSE,0
70355,FALSE,0
70356,FALSE,0
70364,FALSE,0.11351539939641953
70372,TRUE,0.5459543466567993
70374,FALSE,0.11470412462949753
70376,FALSE,0.11053883284330368
70383,FALSE,0
70390,FALSE,0
70393,FALSE,0.01046613696962595
70395,FALSE,0
70404,TRUE,0.45642009377479553
70409,FALSE,0.09815025329589844
70414,FALSE,0.06785477697849274
70419,FALSE,0.013859594240784645
70420,FALSE,0.009090413339436054
70426,FALSE,0.006989479996263981
70447,FALSE,0
70448,FALSE,0.060727689415216446
70454,FALSE,0
70460,FALSE,0
70462,FALSE,0
70464,FALSE,0.21311955153942108
70471,FALSE,0.08986902981996536
70476,FALSE,0
70481,FALSE,0.08636710792779922
70483,FALSE,0.00826255138963461
70491,FALSE,0
70498,FALSE,0
70499,FALSE,0
70502,FALSE,0
70503,FALSE,0
70508,FALSE,0
70518,FALSE,0.07844554632902145
70520,FALSE,0
70523,TRUE,0.42798998951911926
70528,FALSE,0
70529,FALSE,0.17244133353233337
70530,FALSE,0.07278092950582504
70547,FALSE,0
70550,FALSE,0
70554,FALSE,0
70566,FALSE,0
70590,FALSE,0
70591,FALSE,0
70594,FALSE,0
70596,FALSE,0.00471844058483839
70602,FALSE,0
70607,FALSE,0.004852816928178072
70608,FALSE,0
70616,FALSE,0
70617,FALSE,0.01814420521259308
70620,FALSE,0.14475059509277344
70622,TRUE,0.7019088864326477
70624,FALSE,0
70626,FALSE,0
70632,FALSE,0.015375660732388496
70661,FALSE,0.08200287818908691
70670,FALSE,0
70671,FALSE,0.037858299911022186
70673,FALSE,0
70682,FALSE,0.01540933083742857
70683,FALSE,0
70699,TRUE,0.6744141578674316
70703,FALSE,0.030177637934684753
70704,FALSE,0.0694374218583107
70710,FALSE,0
70715,FALSE,0
70719,FALSE,0.15483710169792175
70721,FALSE,0.03775785490870476
70722,FALSE,0
70727,FALSE,0.24282614886760712
70739,FALSE,0.002442840486764908
70741,FALSE,0
70745,FALSE,0
70758,FALSE,0
70761,FALSE,0
70767,FALSE,0.1585802435874939
70771,FALSE,0
70776,FALSE,0.2336735874414444
70784,FALSE,0
70787,FALSE,0
70789,FALSE,0
70799,FALSE,0.026082508265972137
70802,FALSE,0
70806,FALSE,0.00891419779509306
70816,FALSE,0.008434840478003025
70817,FALSE,0
70819,FALSE,0
70825,FALSE,0.09911025315523148
70829,FALSE,0
70836,FALSE,0.010259867645800114
70837,TRUE,0.43179669976234436
70842,FALSE,0.009397231973707676
70844,FALSE,0.009661320596933365
70847,FALSE,0
70850,FALSE,0.03493871912360191
70856,TRUE,0.698103129863739
70861,FALSE,0.03131881728768349
70862,FALSE,0.014369194395840168
70863,FALSE,0.2175716757774353
70868,FALSE,0
70869,FALSE,0
70887,TRUE,0.6183364391326904
70895,FALSE,0.052667323499917984
70897,TRUE,0.6697508692741394
70906,FALSE,0
70908,TRUE,0.610200822353363
70910,FALSE,0
70911,FALSE,0
70916,FALSE,0
70920,FALSE,0.2687642574310303
70927,FALSE,0
70930,FALSE,0
70940,FALSE,0.022528579458594322
70944,FALSE,0
70955,FALSE,0
70962,FALSE,0
70964,FALSE,0
70976,TRUE,0.5678485631942749
70979,FALSE,0
70980,TRUE,0.5059483647346497
70998,FALSE,0.028962843120098114
70999,FALSE,0
71004,FALSE,0
71014,FALSE,0
71015,TRUE,0.7695215940475464
71019,TRUE,0.850132167339325
71022,TRUE,0.7075321078300476
71034,FALSE,0.006346819922327995
71039,FALSE,0
71041,FALSE,0.01877463422715664
71042,FALSE,0.01393541693687439
71045,FALSE,0
71046,FALSE,0
71053,FALSE,0.01892867311835289
71061,FALSE,0
71068,FALSE,0
71076,FALSE,0
71077,FALSE,0
71079,FALSE,0
71080,FALSE,0.06543852388858795
71081,FALSE,0.035100068897008896
71085,FALSE,0
71087,FALSE,0
71089,FALSE,0.10449136048555374
71090,FALSE,0
71092,FALSE,0.10709555447101593
71094,FALSE,0
71095,FALSE,0.03830043599009514
71097,FALSE,0
71110,FALSE,0
71112,FALSE,0
71114,FALSE,0
71115,FALSE,0
71125,FALSE,0
71126,FALSE,0.026299338787794113
71132,FALSE,0.2247486114501953
71139,FALSE,0.011657998897135258
71143,FALSE,0
71151,FALSE,0
71155,FALSE,0
71163,FALSE,0
71169,FALSE,0
71171,FALSE,0.02285260520875454
71173,FALSE,0.03147461637854576
71179,FALSE,0
71183,FALSE,0
71190,FALSE,0
71191,FALSE,0.019284332171082497
71194,TRUE,0.5036759376525879
71198,FALSE,0.02207978256046772
71208,FALSE,0
71209,FALSE,0
71221,TRUE,0.7669417858123779
71224,TRUE,0.3589459955692291
71226,FALSE,0
71240,FALSE,0.013561555184423923
71241,FALSE,0
71246,FALSE,0.07686284184455872
71248,FALSE,0
71251,FALSE,0.05430317297577858
71254,FALSE,0
71255,TRUE,0.3970087766647339
71260,FALSE,0.035628415644168854
71264,FALSE,0
71265,FALSE,0
71266,FALSE,0.024731798097491264
71268,FALSE,0.2174796164035797
71274,TRUE,0.36052221059799194
71278,FALSE,0
71282,FALSE,0
71284,FALSE,0
71288,TRUE,0.4013250172138214
71299,FALSE,0
71300,FALSE,0.04730989784002304
71302,FALSE,0.04601656645536423
71309,FALSE,0
71314,FALSE,0.02600703202188015
71316,FALSE,0
71327,FALSE,0.09757139533758163
71338,FALSE,0.003635069588199258
71342,FALSE,0
71354,FALSE,0.12784399092197418
71358,FALSE,0.011889062821865082
71362,FALSE,0.0654064193367958
71386,FALSE,0
71398,FALSE,0.01157537754625082
71403,FALSE,0.009946541860699654
71406,FALSE,0.034810133278369904
71411,FALSE,0
71415,FALSE,0.11394337564706802
71421,FALSE,0.2561775743961334
71423,TRUE,0.4346354305744171
71427,FALSE,0
71437,FALSE,0.012174183502793312
71438,FALSE,0
71439,FALSE,0.03734935447573662
71441,FALSE,0
71449,FALSE,0
71455,FALSE,0
71457,FALSE,0.03399378061294556
71465,FALSE,0
71468,TRUE,0.7123045325279236
71470,FALSE,0.012980249710381031
71475,FALSE,0
71476,FALSE,0.09471265226602554
71479,FALSE,0
71483,FALSE,0.048488739877939224
71486,FALSE,0
71491,FALSE,0
71496,FALSE,0.03975968807935715
71501,FALSE,0
71506,FALSE,0.19109655916690826
71509,FALSE,0.12871994078159332
71513,TRUE,0.5098401308059692
71514,FALSE,0
71517,FALSE,0
71530,FALSE,0
71547,TRUE,0.7088392972946167
71549,FALSE,0
71551,FALSE,0.1770612597465515
71555,FALSE,0.0680735632777214
71563,FALSE,0.15940630435943604
71574,FALSE,0
71576,FALSE,0
71577,FALSE,0
71578,FALSE,0
71580,FALSE,0
71584,FALSE,0
71586,FALSE,0.003119775792583823
71589,FALSE,0
71593,TRUE,0.6127224564552307
71595,FALSE,0
71598,FALSE,0.022796405479311943
71599,FALSE,0
71600,TRUE,0.5378366112709045
71605,FALSE,0
71610,TRUE,0.3453931212425232
71612,FALSE,0.024988573044538498
71615,FALSE,0.013136506080627441
71619,TRUE,0.9435158371925354
71624,FALSE,0
71625,TRUE,0.9626959562301636
71628,FALSE,0.05401385948061943
71630,FALSE,0.010796681046485901
71633,FALSE,0
71636,FALSE,0
71657,FALSE,0.013164147734642029
71659,FALSE,0.08395344018936157
71660,FALSE,0
71661,FALSE,0.019678613170981407
71662,FALSE,0
71664,FALSE,0.017375200986862183
71667,FALSE,0
71669,FALSE,0
71671,FALSE,0.005166066810488701
71682,FALSE,0
71684,TRUE,0.5030218362808228
71691,FALSE,0.0073639461770653725
71697,FALSE,0
71703,FALSE,0
71705,FALSE,0.005699506960809231
71706,FALSE,0.22371217608451843
71707,FALSE,0
71709,TRUE,0.8665164709091187
71710,FALSE,0.012984709814190865
71735,FALSE,0.008632482960820198
71741,FALSE,0
71746,FALSE,0
71747,FALSE,0
71753,FALSE,0
71755,FALSE,0
71761,TRUE,0.5095049142837524
71762,FALSE,0
71764,FALSE,0.33328521251678467
71765,FALSE,0
71766,FALSE,0.03152219578623772
71768,FALSE,0.04641487076878548
71770,FALSE,0.027211971580982208
71772,FALSE,0
71778,FALSE,0
71781,FALSE,0
71787,FALSE,0
71803,FALSE,0
71804,FALSE,0.034898992627859116
71809,FALSE,0.012223863042891026
71811,FALSE,0
71817,FALSE,0.07989442348480225
71821,FALSE,0
71824,FALSE,0
71826,FALSE,0.011378759518265724
71827,FALSE,0
71834,FALSE,0
71840,FALSE,0
71845,FALSE,0
71848,TRUE,0.7209883332252502
71849,FALSE,0.022972900420427322
71853,TRUE,0.49437007308006287
71856,TRUE,0.6332336068153381
71857,FALSE,0.11164563149213791
71858,FALSE,0
71861,FALSE,0.2493925541639328
71871,FALSE,0
71877,FALSE,0.013201728463172913
71881,TRUE,0.8634397983551025
71882,FALSE,0.19214588403701782
71888,FALSE,0.08793602883815765
71889,FALSE,0
71895,TRUE,0.6304128170013428
71906,FALSE,0.007258869707584381
71908,FALSE,0.03452888876199722
71915,FALSE,0
71919,FALSE,0
71923,FALSE,0
71927,FALSE,0.075861357152462
71943,FALSE,0
71944,FALSE,0
71946,FALSE,0
71949,FALSE,0.040768157690763474
71958,FALSE,0
71959,FALSE,0.007754755672067404
71962,FALSE,0
71965,FALSE,0
71987,FALSE,0.003475334495306015
71992,FALSE,0
71994,FALSE,0
72013,FALSE,0
72018,FALSE,0
72019,FALSE,0
72024,FALSE,0.1569431573152542
72034,FALSE,0
72042,FALSE,0
72044,TRUE,0.9043319225311279
72045,FALSE,0.09072842448949814
72049,FALSE,0.019633423537015915
72068,FALSE,0
72073,FALSE,0
72075,FALSE,0.011822252534329891
72078,FALSE,0.00908724870532751
72088,FALSE,0
72096,FALSE,0
72100,FALSE,0
72106,FALSE,0
72113,FALSE,0.06026380509138107
72116,FALSE,0
72120,FALSE,0
72126,FALSE,0
72127,FALSE,0
72136,TRUE,0.5724847912788391
72137,FALSE,0.015724515542387962
72141,FALSE,0
72146,FALSE,0.03611699491739273
72147,FALSE,0
72162,FALSE,0.04893698915839195
72169,FALSE,0.06239335611462593
72170,FALSE,0
72178,FALSE,0
72179,FALSE,0
72181,FALSE,0
72185,FALSE,0
72191,FALSE,0
72199,FALSE,0
72201,FALSE,0.20099510252475739
72204,FALSE,0.041074689477682114
72207,FALSE,0.3152121901512146
72211,FALSE,0
72212,FALSE,0
72213,FALSE,0.07055750489234924
72221,FALSE,0.16613508760929108
72222,FALSE,0.14257262647151947
72231,FALSE,0.010066842660307884
72234,FALSE,0
72235,FALSE,0
72236,FALSE,0.07691938430070877
72242,FALSE,0.1181119978427887
72244,FALSE,0
72255,FALSE,0
72258,FALSE,0.007042739540338516
72264,FALSE,0.024785220623016357
72266,FALSE,0
72267,FALSE,0
72270,FALSE,0
72271,FALSE,0
72276,TRUE,0.6367272734642029
72278,FALSE,0
72294,FALSE,0
72298,FALSE,0.008093404583632946
72302,FALSE,0
72304,FALSE,0.02002117782831192
72308,FALSE,0
72311,TRUE,0.9420164227485657
72312,FALSE,0
72316,FALSE,0.025609053671360016
72322,FALSE,0
72354,FALSE,0.0611305795609951
72356,FALSE,0.027205899357795715
72358,FALSE,0.012107079848647118
72363,FALSE,0
72381,TRUE,0.4412446618080139
72389,FALSE,0
72392,TRUE,0.5021757483482361
72395,FALSE,0.07580158859491348
72396,FALSE,0
72409,TRUE,0.5860799551010132
72412,FALSE,0.22044625878334045
72426,TRUE,0.5589628219604492
72435,TRUE,0.5405811071395874
72456,FALSE,0
72457,FALSE,0
72461,FALSE,0.02452000230550766
72462,FALSE,0
72490,FALSE,0
72492,TRUE,0.4332217574119568
72493,TRUE,0.3957638144493103
72509,FALSE,0
72510,FALSE,0
72511,FALSE,0.037040382623672485
72512,FALSE,0
72513,FALSE,0
72514,FALSE,0.20400767028331757
72518,FALSE,0.16772328317165375
72522,FALSE,0
72534,FALSE,0
72548,TRUE,0.6218867301940918
72551,FALSE,0.006572977174073458
72557,FALSE,0.02682350017130375
72558,FALSE,0
72564,FALSE,0.26307645440101624
72578,FALSE,0
72587,FALSE,0
72590,FALSE,0
72591,FALSE,0.007760870270431042
72605,FALSE,0.21901699900627136
72611,TRUE,0.7361301779747009
72625,FALSE,0
72630,FALSE,0.005056045949459076
72641,FALSE,0
72644,FALSE,0
72645,FALSE,0
72648,FALSE,0
72655,FALSE,0
72656,FALSE,0
72664,FALSE,0.01535919588059187
72677,FALSE,0.01002297643572092
72690,FALSE,0
72692,TRUE,0.3547038733959198
72694,FALSE,0.0430186465382576
72704,FALSE,0
72710,FALSE,0.013615954667329788
72737,FALSE,0
72739,FALSE,0.027829274535179138
72743,FALSE,0.0167987160384655
72744,FALSE,0.007349707651883364
72746,FALSE,0
72754,TRUE,0.3647398352622986
72756,FALSE,0
72764,FALSE,0.0248886626213789
72765,FALSE,0.18798300623893738
72767,FALSE,0
72785,TRUE,0.4633123278617859
72789,FALSE,0
72790,FALSE,0
72791,FALSE,0.02366086281836033
72795,FALSE,0
72797,FALSE,0.18540816009044647
72812,TRUE,0.502647340297699
72815,TRUE,0.6450763940811157
72820,FALSE,0
72828,FALSE,0
72829,FALSE,0.008497588336467743
72832,FALSE,0
72835,FALSE,0
72840,TRUE,0.646978497505188
72846,FALSE,0
72851,FALSE,0.007703530602157116
72852,FALSE,0.11652952432632446
72853,FALSE,0.11475034058094025
72854,FALSE,0.011178230866789818
72861,FALSE,0.07275879383087158
72863,FALSE,0
72865,FALSE,0
72874,FALSE,0
72880,FALSE,0.09384417533874512
72883,TRUE,0.36429303884506226
72884,FALSE,0
72900,FALSE,0.019467590376734734
72908,FALSE,0.01705963909626007
72918,FALSE,0
72922,FALSE,0
72923,FALSE,0.01194773893803358
72926,FALSE,0.020165972411632538
72929,FALSE,0
72939,FALSE,0.02355952374637127
72944,FALSE,0.07099179178476334
72945,FALSE,0.04246111959218979
72950,FALSE,0
72952,FALSE,0
72956,FALSE,0.09383848309516907
72971,FALSE,0.05639655888080597
72972,FALSE,0.030847039073705673
72980,FALSE,0.04027780145406723
72982,TRUE,0.5283212661743164
73001,FALSE,0
73005,FALSE,0
73007,TRUE,0.6223963499069214
73010,FALSE,0.03218758851289749
73013,FALSE,0
73018,FALSE,0
73023,FALSE,0.012756875716149807
73041,FALSE,0
73043,FALSE,0
73047,FALSE,0.022661209106445312
73062,FALSE,0.2600473165512085
73068,FALSE,0.0950474739074707
73073,FALSE,0
73076,TRUE,0.3674241602420807
73077,FALSE,0
73081,FALSE,0
73083,TRUE,0.3454640209674835
73094,FALSE,0
73097,FALSE,0
73099,FALSE,0
73114,FALSE,0.2736376225948334
73116,FALSE,0
73125,FALSE,0
73128,FALSE,0.045101702213287354
73129,TRUE,0.3991292417049408
73136,FALSE,0.00601510563865304
73137,FALSE,0
73140,FALSE,0
73144,FALSE,0
73151,FALSE,0
73158,FALSE,0
73162,FALSE,0
73165,FALSE,0
73170,FALSE,0
73174,TRUE,0.8761530518531799
73176,FALSE,0
73177,FALSE,0.03206893429160118
73178,FALSE,0
73179,FALSE,0.011736401356756687
73184,FALSE,0
73194,FALSE,0
73196,FALSE,0
73205,FALSE,0
73208,FALSE,0.023846464231610298
73210,FALSE,0
73212,FALSE,0
73225,FALSE,0
73228,FALSE,0.008526870049536228
73246,FALSE,0.05378149077296257
73263,TRUE,0.5955941081047058
73266,FALSE,0.008760415017604828
73273,FALSE,0.07081800699234009
73284,FALSE,0
73288,FALSE,0
73290,FALSE,0.01342733297497034
73307,TRUE,0.7920348048210144
73311,TRUE,0.7979660630226135
73312,FALSE,0
73315,FALSE,0.06375136971473694
73317,FALSE,0
73320,FALSE,0
73326,FALSE,0.04483262822031975
73330,TRUE,0.38123056292533875
73335,FALSE,0
73338,FALSE,0
73341,FALSE,0.04046601057052612
73345,FALSE,0.010466132313013077
73349,FALSE,0
73352,FALSE,0.015269228257238865
73353,FALSE,0
73358,TRUE,0.9335355162620544
73365,FALSE,0.01659572124481201
73371,FALSE,0.017627660185098648
73381,FALSE,0
73382,FALSE,0.047360826283693314
73389,FALSE,0.008845753967761993
73414,FALSE,0.02857189252972603
73416,FALSE,0
73417,TRUE,0.40729132294654846
73419,FALSE,0.09610790759325027
73428,FALSE,0.25432905554771423
73450,FALSE,0
73455,FALSE,0
73465,FALSE,0
73466,FALSE,0
73468,FALSE,0
73471,FALSE,0.12892688810825348
73472,FALSE,0
73473,FALSE,0
73475,TRUE,0.3434368371963501
73483,TRUE,0.6037722229957581
73484,FALSE,0.15950527787208557
73486,FALSE,0
73487,FALSE,0
73492,FALSE,0
73493,FALSE,0.09209839254617691
73501,FALSE,0.04926186427474022
73507,FALSE,0
73517,FALSE,0.019221045076847076
73520,FALSE,0.0038952315226197243
73523,FALSE,0
73524,FALSE,0.025317156687378883
73531,FALSE,0.006830686703324318
73547,FALSE,0.026421017944812775
73554,FALSE,0
73558,FALSE,0.009755538776516914
73563,FALSE,0.013549313880503178
73567,FALSE,0.03185136243700981
73568,FALSE,0.01518546137958765
73571,FALSE,0.05594727396965027
73572,FALSE,0
73574,FALSE,0.15388165414333344
73575,FALSE,0.023722141981124878
73580,TRUE,0.8860411643981934
73581,FALSE,0.017410339787602425
73585,FALSE,0.008085714653134346
73592,TRUE,0.7206605672836304
73593,FALSE,0
73595,FALSE,0
73607,FALSE,0.003953632432967424
73608,FALSE,0.08335120975971222
73614,FALSE,0.19260163605213165
73615,FALSE,0
73622,TRUE,0.5882153511047363
73638,FALSE,0
73649,FALSE,0
73659,FALSE,0.10210184007883072
73663,FALSE,0
73674,FALSE,0
73677,FALSE,0
73678,FALSE,0.02010752074420452
73685,TRUE,0.565637469291687
73686,FALSE,0
73690,FALSE,0.03866847977042198
73692,FALSE,0
73704,FALSE,0
73710,FALSE,0.010480023920536041
73717,FALSE,0
73734,FALSE,0.004458561073988676
73736,FALSE,0.02974274381995201
73740,FALSE,0
73749,FALSE,0
73753,FALSE,0
73757,FALSE,0
73760,FALSE,0.050642263144254684
73765,FALSE,0
73766,FALSE,0
73777,FALSE,0
73779,FALSE,0.3266699016094208
73785,FALSE,0
73792,FALSE,0.04027121514081955
73804,FALSE,0
73806,FALSE,0.009173743426799774
73813,TRUE,0.881226658821106
73817,FALSE,0
73818,FALSE,0
73820,FALSE,0
73829,FALSE,0
73833,FALSE,0.013407052494585514
73835,FALSE,0.14955081045627594
73843,FALSE,0.09307366609573364
73844,FALSE,0
73846,FALSE,0.15169118344783783
73850,FALSE,0
73851,TRUE,0.43105390667915344
73852,FALSE,0
73859,FALSE,0
73863,FALSE,0.012917931191623211
73867,FALSE,0.03349937126040459
73872,TRUE,0.6872782707214355
73913,FALSE,0
73916,FALSE,0
73927,FALSE,0.15135033428668976
73934,FALSE,0
73935,FALSE,0
73941,FALSE,0
73947,FALSE,0.025328174233436584
73948,FALSE,0.05976438149809837
73953,FALSE,0
73955,FALSE,0
73960,TRUE,0.366936057806015
73976,FALSE,0
73989,FALSE,0.07769592106342316
73994,FALSE,0.006548586301505566
73995,FALSE,0.11291609704494476
73997,FALSE,0
73999,TRUE,0.39726775884628296
74002,FALSE,0.22808624804019928
74003,FALSE,0
74013,FALSE,0.00977043341845274
74014,TRUE,0.4110051095485687
74015,FALSE,0
74019,FALSE,0
74020,FALSE,0.09825386106967926
74023,FALSE,0
74026,FALSE,0
74028,FALSE,0.02304176613688469
74029,FALSE,0.007829464040696621
74032,FALSE,0.2268991321325302
74033,FALSE,0
74034,FALSE,0
74036,TRUE,0.8992902040481567
74039,FALSE,0
74041,FALSE,0.04600664600729942
74045,FALSE,0
74049,TRUE,0.5245821475982666
74055,FALSE,0
74068,FALSE,0
74071,FALSE,0.008037843741476536
74081,FALSE,0.007341575808823109
74082,TRUE,0.35438674688339233
74096,TRUE,0.8084162473678589
74105,FALSE,0
74115,FALSE,0.1358548104763031
74119,TRUE,0.3413067162036896
74120,FALSE,0.007361036725342274
74122,TRUE,0.4766783118247986
74129,FALSE,0
74133,FALSE,0.24639631807804108
74139,FALSE,0.3246593177318573
74145,FALSE,0
74146,FALSE,0
74150,FALSE,0
74152,FALSE,0
74153,FALSE,0.07375600188970566
74157,FALSE,0.05918702110648155
74159,FALSE,0
74169,FALSE,0
74171,FALSE,0.10832527279853821
74178,FALSE,0
74181,FALSE,0
74187,FALSE,0
74189,FALSE,0.011885915882885456
74195,FALSE,0.025498617440462112
74198,TRUE,0.44727277755737305
74204,FALSE,0
74219,FALSE,0.008564883843064308
74220,FALSE,0
74225,FALSE,0
74226,FALSE,0.10012952238321304
74231,FALSE,0.30210405588150024
74243,FALSE,0
74246,FALSE,0.05815602093935013
74247,FALSE,0.023974251002073288
74258,TRUE,0.39518991112709045
74259,FALSE,0.06283465027809143
74262,FALSE,0.10419251769781113
74266,FALSE,0
74268,FALSE,0
74275,TRUE,0.6659964323043823
74279,FALSE,0.012614528648555279
74287,FALSE,0.26334068179130554
74288,FALSE,0
74292,TRUE,0.35394588112831116
74299,FALSE,0.031404346227645874
74301,TRUE,0.4369385242462158
74304,FALSE,0.015363351441919804
74315,FALSE,0
74316,TRUE,0.6686423420906067
74318,FALSE,0
74323,FALSE,0.007723469287157059
74324,FALSE,0.0981651321053505
74327,FALSE,0.018162095919251442
74330,TRUE,0.4827074706554413
74338,FALSE,0.005871277768164873
74356,FALSE,0
74362,FALSE,0
74369,FALSE,0
74371,FALSE,0.09159225970506668
74376,FALSE,0.011827736161649227
74378,FALSE,0
74379,FALSE,0
74380,TRUE,0.8414992094039917
74382,FALSE,0.32481491565704346
74389,FALSE,0.01952347345650196
74394,FALSE,0.01753406785428524
74397,FALSE,0
74398,FALSE,0
74401,TRUE,0.5252960324287415
74406,FALSE,0.019572462886571884
74410,FALSE,0.1457587629556656
74415,FALSE,0.09196357429027557
74419,FALSE,0
74439,FALSE,0
74443,FALSE,0
74445,FALSE,0.2788291275501251
74449,FALSE,0.10382544994354248
74450,FALSE,0.06271116435527802
74452,FALSE,0.01350979320704937
74453,FALSE,0.0622258186340332
74454,FALSE,0
74462,FALSE,0
74463,FALSE,0.05400938540697098
74468,FALSE,0.007578661665320396
74472,TRUE,0.7734682559967041
74477,FALSE,0.20263990759849548
74479,FALSE,0.04476005211472511
74480,FALSE,0
74489,FALSE,0.3063947260379791
74492,FALSE,0
74497,FALSE,0.0299515537917614
74498,FALSE,0
74503,FALSE,0
74504,FALSE,0.05271783098578453
74506,FALSE,0
74507,FALSE,0.14201620221138
74508,FALSE,0.10063008219003677
74509,FALSE,0
74512,FALSE,0.026542263105511665
74515,FALSE,0
74518,FALSE,0
74519,FALSE,0
74520,FALSE,0
74527,FALSE,0
74535,FALSE,0.03520701453089714
74541,FALSE,0
74542,TRUE,0.7093484997749329
74543,FALSE,0.15387190878391266
74563,FALSE,0.29673805832862854
74564,FALSE,0
74567,FALSE,0.00654607405886054
74573,FALSE,0
74581,TRUE,0.5717002153396606
74590,TRUE,0.5497463941574097
74596,FALSE,0.06473267823457718
74598,FALSE,0
74607,FALSE,0.016321513801813126
74608,FALSE,0.008466556668281555
74612,FALSE,0
74617,FALSE,0.1036839485168457
74626,FALSE,0.2205095887184143
74633,FALSE,0.008224133402109146
74648,FALSE,0.04155496507883072
74650,FALSE,0
74667,FALSE,0
74668,FALSE,0
74676,FALSE,0.22397004067897797
74680,FALSE,0.010033940896391869
74685,FALSE,0
74687,TRUE,0.468777596950531
74697,FALSE,0
74698,FALSE,0
74700,FALSE,0.1650746464729309
74701,FALSE,0
74704,FALSE,0.16889938712120056
74705,FALSE,0
74710,FALSE,0
74711,TRUE,0.557862401008606
74712,FALSE,0
74714,TRUE,0.34202054142951965
74718,FALSE,0.010191126726567745
74730,FALSE,0.007102589588612318
74732,FALSE,0
74742,FALSE,0.23167364299297333
74752,FALSE,0.021103717386722565
74774,FALSE,0.14994296431541443
74785,FALSE,0
74793,TRUE,0.5569384694099426
74798,FALSE,0
74799,FALSE,0
74802,FALSE,0
74814,FALSE,0
74836,FALSE,0.14061057567596436
74838,FALSE,0
74846,FALSE,0
74853,FALSE,0.01911025308072567
74855,FALSE,0.1709635704755783
74861,FALSE,0
74870,FALSE,0.028588896617293358
74873,FALSE,0.01145714707672596
74898,FALSE,0.005677243694663048
74901,FALSE,0
74903,FALSE,0.012138286605477333
74906,FALSE,0.007755540311336517
74910,FALSE,0.3248080015182495
74911,FALSE,0
74912,FALSE,0
74928,FALSE,0
74941,FALSE,0.05313928797841072
74947,FALSE,0
74952,TRUE,0.4856754541397095
74957,FALSE,0.022579817101359367
74958,FALSE,0
74959,FALSE,0.006213697139173746
74964,FALSE,0
74969,FALSE,0.041482023894786835
74971,FALSE,0
74972,FALSE,0.025361301377415657
74977,FALSE,0
74984,FALSE,0.0474114827811718
74985,FALSE,0
74988,FALSE,0.059132736176252365
74989,FALSE,0.27235257625579834
74991,FALSE,0
74992,FALSE,0
74996,TRUE,0.847537636756897
74998,TRUE,0.6923388838768005
75004,FALSE,0.05898503214120865
75008,FALSE,0
75018,FALSE,0
75019,FALSE,0.19734340906143188
75021,FALSE,0
75034,FALSE,0
75036,FALSE,0
75039,FALSE,0.09107594192028046
75051,FALSE,0.02043507620692253
75055,FALSE,0
75061,FALSE,0
75062,FALSE,0
75071,FALSE,0.04754561930894852
75079,FALSE,0.33723801374435425
75082,FALSE,0
75083,FALSE,0.21960605680942535
75085,FALSE,0.02896430902183056
75087,FALSE,0.13451966643333435
75091,FALSE,0
75093,TRUE,0.6639453172683716
75096,FALSE,0
75101,TRUE,0.641164243221283
75104,FALSE,0
75108,FALSE,0
75110,TRUE,0.416101336479187
75111,FALSE,0
75112,FALSE,0
75113,FALSE,0
75115,FALSE,0.12653791904449463
75117,FALSE,0
75119,FALSE,0.033001504838466644
75126,FALSE,0.03159545734524727
75128,FALSE,0
75132,FALSE,0.07999208569526672
75137,FALSE,0.15287329256534576
75138,FALSE,0
75139,FALSE,0.05871513485908508
75142,FALSE,0.04071648046374321
75144,FALSE,0.018188180401921272
75145,FALSE,0
75157,TRUE,0.3940609097480774
75158,FALSE,0.07582548260688782
75160,FALSE,0.16463002562522888
75167,FALSE,0
75173,FALSE,0
75175,FALSE,0
75187,FALSE,0.0149243688210845
75191,FALSE,0.009861805476248264
75207,FALSE,0.17260921001434326
75209,TRUE,0.5789734721183777
75216,FALSE,0
75236,FALSE,0
75239,FALSE,0.017177900299429893
75244,FALSE,0.1392999142408371
75245,FALSE,0
75266,FALSE,0
75269,FALSE,0
75274,FALSE,0
75276,FALSE,0
75277,FALSE,0.027332650497555733
75294,FALSE,0
75306,FALSE,0
75307,FALSE,0.007672751322388649
75310,FALSE,0
75314,FALSE,0.011904982849955559
75316,FALSE,0
75321,FALSE,0.09421346336603165
75326,FALSE,0.005149517208337784
75329,FALSE,0
75334,FALSE,0.06083265319466591
75338,FALSE,0
75339,FALSE,0.2653300166130066
75344,FALSE,0.049718163907527924
75346,FALSE,0
75347,FALSE,0
75349,FALSE,0
75353,FALSE,0.1318783015012741
75354,FALSE,0.009846387431025505
75357,FALSE,0.006089983973652124
75365,FALSE,0
75369,FALSE,0.025362586602568626
75372,FALSE,0
75373,FALSE,0.0033803004771471024
75375,FALSE,0.03351893275976181
75389,FALSE,0
75392,FALSE,0
75395,TRUE,0.4413716793060303
75398,FALSE,0.03613662347197533
75405,TRUE,0.41493770480155945
75414,TRUE,0.4376826286315918
75415,TRUE,0.46980780363082886
75418,FALSE,0
75420,FALSE,0.08399520069360733
75423,FALSE,0.09021937102079391
75433,FALSE,0
75439,FALSE,0
75446,TRUE,0.929989218711853
75447,FALSE,0.07811000943183899
75450,FALSE,0
75451,FALSE,0
75452,FALSE,0.034519653767347336
75455,FALSE,0.00938696600496769
75458,TRUE,0.4812663495540619
75460,FALSE,0
75461,FALSE,0.02209366485476494
75462,FALSE,0.004489381797611713
75467,FALSE,0
75470,FALSE,0.139082670211792
75471,FALSE,0
75477,TRUE,0.6963781118392944
75479,TRUE,0.5612385869026184
75485,FALSE,0.008751272223889828
75487,FALSE,0
75488,FALSE,0
75491,FALSE,0.26526209712028503
75500,FALSE,0
75506,FALSE,0.05026334896683693
75507,FALSE,0.0619264617562294
75510,FALSE,0
75514,FALSE,0
75518,FALSE,0.3310774564743042
75520,FALSE,0.1367032676935196
75522,FALSE,0.05378704518079758
75527,FALSE,0
75541,FALSE,0
75547,FALSE,0.023869268596172333
75548,FALSE,0.10826856642961502
75553,FALSE,0
75558,FALSE,0
75567,FALSE,0.29395148158073425
75569,FALSE,0.30109772086143494
75571,FALSE,0
75573,FALSE,0
75577,FALSE,0.05461357906460762
75578,FALSE,0
75590,FALSE,0.21839739382266998
75591,FALSE,0
75594,FALSE,0
75610,FALSE,0
75616,FALSE,0.014270063489675522
75624,FALSE,0.015963219106197357
75628,FALSE,0.017099248245358467
75631,FALSE,0
75632,FALSE,0.09045857936143875
75647,FALSE,0
75654,FALSE,0.11497730761766434
75657,FALSE,0
75660,FALSE,0
75675,FALSE,0.22412724792957306
75679,FALSE,0
75691,TRUE,0.8763945698738098
75695,FALSE,0.0118093965575099
75698,FALSE,0
75707,FALSE,0
75708,FALSE,0
75721,FALSE,0
75726,TRUE,0.3933546543121338
75728,FALSE,0.018320772796869278
75740,FALSE,0
75747,FALSE,0
75755,FALSE,0
75756,FALSE,0
75757,FALSE,0.11311253160238266
75763,FALSE,0
75769,FALSE,0.009448478929698467
75770,FALSE,0
75781,FALSE,0.03555287420749664
75783,FALSE,0
75787,FALSE,0
75792,FALSE,0
75794,FALSE,0.1426820307970047
75795,FALSE,0
75807,TRUE,0.4139488935470581
75811,FALSE,0
75812,TRUE,0.6793551445007324
75818,FALSE,0.14717578887939453
75819,FALSE,0
75830,TRUE,0.34666770696640015
75834,FALSE,0
75835,FALSE,0.14576289057731628
75839,FALSE,0.00792012084275484
75842,TRUE,0.6259080767631531
75848,FALSE,0
75853,TRUE,0.42093780636787415
75856,TRUE,0.3802468776702881
75865,FALSE,0
75866,FALSE,0.007413863204419613
75868,TRUE,0.5141797065734863
75873,FALSE,0.010158183053135872
75886,FALSE,0
75898,TRUE,0.4268263578414917
75902,FALSE,0
75905,FALSE,0
75908,FALSE,0
75910,FALSE,0
75921,FALSE,0
75925,FALSE,0.009747296571731567
75940,FALSE,0.1357463300228119
75961,FALSE,0.23726633191108704
75966,FALSE,0
75978,FALSE,0
75979,FALSE,0
75981,FALSE,0.04555518552660942
75996,FALSE,0
75997,FALSE,0
75998,FALSE,0
76003,FALSE,0
76008,FALSE,0
76010,FALSE,0.028720561414957047
76020,FALSE,0.023884838446974754
76023,FALSE,0.01494713593274355
76036,FALSE,0
76039,FALSE,0.1839645802974701
76041,FALSE,0
76042,FALSE,0
76043,FALSE,0
76049,FALSE,0.04780902713537216
76053,FALSE,0
76054,FALSE,0.06709088385105133
76055,FALSE,0
76068,FALSE,0
76072,TRUE,0.768073558807373
76073,FALSE,0.11158344894647598
76074,TRUE,0.8898721933364868
76076,FALSE,0.02378920651972294
76077,FALSE,0
76088,FALSE,0.008336329832673073
76091,FALSE,0.061293672770261765
76096,FALSE,0
76097,FALSE,0.07113951444625854
76100,FALSE,0
76110,TRUE,0.7501811981201172
76114,TRUE,0.6212946772575378
76117,FALSE,0
76119,TRUE,0.6821378469467163
76124,FALSE,0
76132,TRUE,0.7444747686386108
76146,FALSE,0
76149,FALSE,0.13189616799354553
76153,FALSE,0
76154,TRUE,0.7451299428939819
76167,FALSE,0
76170,FALSE,0
76174,FALSE,0
76178,FALSE,0.00805998221039772
76180,FALSE,0.027054663747549057
76182,FALSE,0
76187,FALSE,0.004948103334754705
76198,FALSE,0
76199,TRUE,0.3859612047672272
76200,FALSE,0.13989391922950745
76201,FALSE,0.24783644080162048
76205,FALSE,0.24369186162948608
76209,FALSE,0
76217,TRUE,0.7868733406066895
76229,FALSE,0.049134813249111176
76236,FALSE,0
76237,FALSE,0
76238,FALSE,0.2828396260738373
76239,FALSE,0
76251,TRUE,0.7768598198890686
76254,FALSE,0
76263,FALSE,0.08478502184152603
76264,FALSE,0
76269,FALSE,0
76270,FALSE,0
76276,FALSE,0
76277,FALSE,0
76278,TRUE,0.641815721988678
76283,FALSE,0
76285,TRUE,0.6929765343666077
76288,FALSE,0
76292,FALSE,0
76294,FALSE,0
76295,FALSE,0.02177775837481022
76296,FALSE,0
76298,TRUE,0.43596771359443665
76307,FALSE,0.00914053339511156
76311,FALSE,0
76318,FALSE,0.08832806348800659
76328,FALSE,0
76330,FALSE,0.037587154656648636
76333,FALSE,0
76345,FALSE,0
76347,FALSE,0
76348,FALSE,0.2696112096309662
76351,FALSE,0
76355,FALSE,0.03920469433069229
76357,FALSE,0
76360,FALSE,0
76361,FALSE,0.12474998086690903
76365,FALSE,0
76368,FALSE,0
76369,FALSE,0.10321605205535889
76373,TRUE,0.5857862830162048
76378,FALSE,0.012829594314098358
76382,FALSE,0
76387,FALSE,0.17135865986347198
76389,FALSE,0.164947509765625
76402,TRUE,0.3595481514930725
76408,FALSE,0.05280430242419243
76418,TRUE,0.764498770236969
76425,TRUE,0.5658688545227051
76427,FALSE,0
76430,FALSE,0
76433,FALSE,0
76435,FALSE,0
76438,FALSE,0
76453,FALSE,0.004728833679109812
76457,TRUE,0.8049030900001526
76470,FALSE,0
76474,TRUE,0.5914602279663086
76478,TRUE,0.6612301468849182
76490,FALSE,0.004440357908606529
76495,FALSE,0
76497,FALSE,0.062057316303253174
76503,FALSE,0.204463392496109
76504,TRUE,0.7741784453392029
76505,FALSE,0.04786653071641922
76506,FALSE,0
76509,FALSE,0.017099641263484955
76510,FALSE,0.20323625206947327
76514,TRUE,0.34031400084495544
76515,FALSE,0
76519,FALSE,0
76527,FALSE,0.04061621055006981
76532,FALSE,0.22505320608615875
76537,FALSE,0
76539,FALSE,0
76542,TRUE,0.5116327404975891
76551,FALSE,0
76558,FALSE,0
76563,FALSE,0
76570,FALSE,0
76580,TRUE,0.7367501854896545
76581,FALSE,0.06839411705732346
76587,TRUE,0.7611184120178223
76595,FALSE,0
76600,TRUE,0.6649132966995239
76606,FALSE,0.008445763029158115
76612,FALSE,0.05753587558865547
76620,FALSE,0.008831212297081947
76629,FALSE,0
76632,FALSE,0
76637,FALSE,0
76642,FALSE,0
76651,FALSE,0.028644295409321785
76674,FALSE,0.1472676545381546
76681,FALSE,0.019565189257264137
76686,FALSE,0.0062665375880897045
76692,FALSE,0.04816298559308052
76694,FALSE,0
76696,FALSE,0.11569049954414368
76697,FALSE,0.029882222414016724
76707,FALSE,0
76708,TRUE,0.8132278323173523
76709,FALSE,0
76710,FALSE,0
76714,TRUE,0.5404403805732727
76716,FALSE,0.017008844763040543
76717,FALSE,0
76729,FALSE,0.2967599332332611
76743,FALSE,0.11215732246637344
76756,FALSE,0
76757,FALSE,0.12288597971200943
76762,FALSE,0.17156068980693817
76763,FALSE,0
76766,FALSE,0.2714429795742035
76777,FALSE,0
76782,FALSE,0.11980781704187393
76783,FALSE,0
76784,FALSE,0.022078504785895348
76788,TRUE,0.5200621485710144
76790,TRUE,0.5437736511230469
76792,FALSE,0
76800,FALSE,0
76803,FALSE,0
76807,FALSE,0
76810,FALSE,0.010812163352966309
76815,TRUE,0.4729659855365753
76818,FALSE,0
76836,FALSE,0.05960555374622345
76841,FALSE,0
76856,FALSE,0.08330505341291428
76858,FALSE,0
76877,FALSE,0
76887,FALSE,0
76889,FALSE,0
76895,FALSE,0.10466636717319489
76897,FALSE,0
76900,FALSE,0
76910,FALSE,0
76913,FALSE,0.1434880793094635
76919,FALSE,0
76924,FALSE,0.1073603630065918
76927,FALSE,0.024877997115254402
76930,FALSE,0.02680947445333004
76931,FALSE,0.015613661147654057
76932,FALSE,0.06062042713165283
76943,FALSE,0
76950,TRUE,0.7288070917129517
76957,FALSE,0
76963,TRUE,0.6124643087387085
76975,FALSE,0
76982,FALSE,0.22845573723316193
76983,TRUE,0.783633291721344
76986,FALSE,0
76994,FALSE,0
76995,FALSE,0
77006,TRUE,0.8578566908836365
77012,FALSE,0
77019,FALSE,0
77021,FALSE,0
77033,FALSE,0.006596677005290985
77038,FALSE,0.047101348638534546
77049,FALSE,0.14534075558185577
77057,FALSE,0
77065,TRUE,0.9412338137626648
77069,FALSE,0
77070,FALSE,0
77071,FALSE,0
77075,FALSE,0
77076,FALSE,0.01722465455532074
77095,FALSE,0.12754397094249725
77096,TRUE,0.8383609652519226
77101,FALSE,0
77103,FALSE,0
77106,FALSE,0.005073632579296827
77110,TRUE,0.9139571189880371
77113,FALSE,0.22742530703544617
77122,FALSE,0
77123,FALSE,0
77127,FALSE,0.026314880698919296
77132,FALSE,0
77133,FALSE,0.023918235674500465
77135,FALSE,0.09775609523057938
77136,FALSE,0.03543482720851898
77137,FALSE,0
77154,FALSE,0
77161,TRUE,0.5762063264846802
77171,FALSE,0
77189,FALSE,0
77197,FALSE,0.01040402241051197
77198,FALSE,0.025890450924634933
77200,FALSE,0
77208,FALSE,0
77211,FALSE,0.16893814504146576
77215,TRUE,0.7683736085891724
77216,FALSE,0.18939639627933502
77222,FALSE,0.1101812943816185
77225,FALSE,0
77228,FALSE,0
77234,FALSE,0
77238,FALSE,0.09688868373632431
77241,FALSE,0
77242,FALSE,0
77246,FALSE,0
77257,TRUE,0.5076777935028076
77258,FALSE,0.2541705369949341
77265,FALSE,0
77268,TRUE,0.6634560823440552
77269,TRUE,0.8561111688613892
77270,TRUE,0.5463591814041138
77273,FALSE,0.00794939137995243
77278,FALSE,0
77281,FALSE,0
77284,FALSE,0
77287,FALSE,0
77294,FALSE,0
77299,FALSE,0
77305,FALSE,0
77306,TRUE,0.42954376339912415
77307,FALSE,0
77314,FALSE,0.027671409770846367
77318,FALSE,0
77319,FALSE,0
77326,TRUE,0.725163459777832
77328,FALSE,0.07402301579713821
77330,FALSE,0
77335,FALSE,0.10382629185914993
77340,FALSE,0.046341437846422195
77348,FALSE,0.025875970721244812
77349,FALSE,0
77350,TRUE,0.3702249228954315
77355,FALSE,0.008850746788084507
77363,FALSE,0.1814906746149063
77371,FALSE,0
77375,FALSE,0.025486765429377556
77382,FALSE,0.06618278473615646
77384,FALSE,0.007587428204715252
77391,TRUE,0.6129951477050781
77415,FALSE,0.148793026804924
77417,FALSE,0.01230005081743002
77425,FALSE,0
77426,FALSE,0
77428,FALSE,0
77430,FALSE,0
77434,FALSE,0
77442,FALSE,0
77443,FALSE,0
77444,FALSE,0
77451,FALSE,0
77452,TRUE,0.737786054611206
77462,FALSE,0.008027744479477406
77466,FALSE,0
77470,FALSE,0.05418013036251068
77472,FALSE,0.0047627524472773075
77474,TRUE,0.7637963891029358
77482,FALSE,0
77486,FALSE,0
77496,FALSE,0.01025618426501751
77498,FALSE,0.03652169927954674
77501,FALSE,0.013509678654372692
77502,TRUE,0.7623681426048279
77507,FALSE,0
77516,TRUE,0.3953174650669098
77530,FALSE,0
77541,FALSE,0.18100696802139282
77543,FALSE,0
77545,FALSE,0
77547,TRUE,0.35496801137924194
77552,FALSE,0
77556,FALSE,0.039706844836473465
77560,FALSE,0
77566,FALSE,0
77568,FALSE,0
77570,FALSE,0
77571,FALSE,0
77576,FALSE,0
77578,TRUE,0.34484243392944336
77579,FALSE,0
77581,FALSE,0.08250106871128082
77589,FALSE,0.20387543737888336
77590,FALSE,0
77594,FALSE,0
77597,FALSE,0.004544877912849188
77609,FALSE,0
77612,FALSE,0
77621,FALSE,0.04733354225754738
77629,FALSE,0
77630,FALSE,0
77633,FALSE,0
77634,FALSE,0
77644,FALSE,0
77646,FALSE,0.26636555790901184
77649,TRUE,0.5499607920646667
77650,FALSE,0.008492033928632736
77652,FALSE,0
77660,FALSE,0
77664,FALSE,0
77665,FALSE,0
77668,FALSE,0.16230027377605438
77678,FALSE,0.07758460193872452
77682,FALSE,0
77684,FALSE,0
77689,FALSE,0
77697,FALSE,0
77702,FALSE,0
77706,FALSE,0
77707,FALSE,0
77713,FALSE,0.038613464683294296
77715,FALSE,0.027227677404880524
77719,FALSE,0.016931239515542984
77723,FALSE,0
77734,TRUE,0.5945765376091003
77737,FALSE,0.08268113434314728
77739,FALSE,0
77742,FALSE,0
77747,TRUE,0.6088647842407227
77748,FALSE,0
77755,FALSE,0
77764,FALSE,0
77765,FALSE,0.06614013761281967
77768,FALSE,0
77769,FALSE,0
77771,FALSE,0
77775,FALSE,0
77779,FALSE,0
77783,FALSE,0
77784,FALSE,0
77790,FALSE,0.03853347897529602
77797,FALSE,0
77805,TRUE,0.8434082269668579
77807,FALSE,0
77810,FALSE,0
77818,TRUE,0.6651893258094788
77822,FALSE,0.08269046992063522
77840,FALSE,0.029968487098813057
77841,TRUE,0.5822890996932983
77844,FALSE,0.06665807217359543
77846,FALSE,0
77858,FALSE,0
77859,FALSE,0.05310983210802078
77861,FALSE,0.039179109036922455
77865,TRUE,0.3671005666255951
77866,FALSE,0
77868,TRUE,0.5510575175285339
77872,FALSE,0
77874,FALSE,0.10587938129901886
77877,FALSE,0.2740805745124817
77883,FALSE,0
77887,FALSE,0
77896,FALSE,0.019653286784887314
77899,FALSE,0
77903,FALSE,0
77904,FALSE,0.3124392330646515
77909,FALSE,0.011044611223042011
77915,FALSE,0.0025811141822487116
77916,FALSE,0.25940218567848206
77917,FALSE,0.054092440754175186
77924,FALSE,0.09447627514600754
77927,FALSE,0
77932,FALSE,0.08397562801837921
77942,FALSE,0
77944,FALSE,0
77951,FALSE,0.011082381941378117
77957,FALSE,0
77965,FALSE,0
77966,FALSE,0.014885932207107544
77967,FALSE,0.0473548024892807
77973,FALSE,0
77976,FALSE,0
77979,FALSE,0
77986,FALSE,0
77991,FALSE,0.01254701241850853
77993,FALSE,0.26621031761169434
77997,TRUE,0.42168471217155457
77998,FALSE,0.15547606348991394
78001,FALSE,0.2013239562511444
78007,FALSE,0.02557724341750145
78008,FALSE,0.06255929917097092
78009,TRUE,0.7803633809089661
78015,FALSE,0
78020,FALSE,0
78031,FALSE,0.04644755274057388
